ipo_id,stock_code,company_name,listing_date,listing_chapter,n_cornerstones,coverage,intl_oversub,nacs,Q_company,Q_ecosystem,R_lockup,decision,return_5d,return_30d,return_60d,return_180d,L1_veto,L2_veto,year,cs_total,aff_count,strong_aff,cluster_aff,aff_ratio
HK_2260_HK_2022,2260.HK,环龙控股,2022-01-11,main_board_profitable,2,28.7,1.31,0.1222666666666666,0.4,0.4,0.2358333333333333,SKIP,0.0,-0.008130081300813,-0.016260162601626,-0.1056910569105689,False,False,2022,2.0,0,0,0,0.0
HK_2250_HK_2022,2250.HK,小黄鸭德盈,2022-01-17,main_board_profitable,0,0.0,1.24,0.0,0.4,0.0,0.2358333333333333,SKIP,-0.121338912133891,-0.238493723849372,-0.230125523012552,-0.320157868186,False,False,2022,,0,0,0,0.0
HK_2121_HK_2022,2121.HK,创新奇智,2022-01-27,main_board_profitable,2,17.06,2.62,0.2709198489950938,0.6498041653566199,0.5455948274708456,0.2358333333333333,RELATIONSHIP,-0.119387755102041,-0.587244897959184,-0.0326530612244898,-0.110204081632653,False,False,2022,2.0,0,0,0,0.0
HK_9878_HK_2022,9878.HK,汇通达网络,2022-02-18,main_board_profitable,6,52.65,2.0497,0.3863936410137246,0.704774750084551,0.7174498425717354,0.2358333333333333,TRIAL,-0.0465631929046563,0.0266075388026607,0.0066518847006651,-0.237250554323725,False,False,2022,6.0,0,0,0,0.0
HK_1406_HK_2022,1406.HK,清晰医疗,2022-02-18,main_board_profitable,0,0.0,1.13,0.0,0.4,0.0,0.2358333333333333,SKIP,-0.064935064935065,-0.1883116883116879,-0.220779220779221,-0.246753246753247,False,False,2022,,0,0,0,0.0
HK_0816_HK_2022,0816.HK,金茂服务,2022-03-10,main_board_profitable,5,78.3,1.4,0.1222666666666666,0.4,0.4,0.2358333333333333,SKIP,-0.1413793103448269,-0.0982758620689654,-0.175862068965517,-0.374137931034483,False,False,2022,5.0,0,0,0,0.0
HK_6639_HK_2022,6639.HK,瑞尔集团,2022-03-22,main_board_profitable,5,74.66,1.62,0.2946077818668419,0.6367359123879754,0.6054757858389402,0.2358333333333333,RELATIONSHIP,0.0434782608695651,-0.0579710144927537,-0.13768115942029,-0.365942028985507,False,False,2022,5.0,0,0,0,0.0
HK_0587_HK_2022,0587.HK,海螺环保,2022-03-30,main_board_profitable,0,0.0,0.0,0.0,0.5016694579247366,0.0,0.2358333333333333,SKIP,0.0255885363357216,-0.357215967246673,-0.44114636642784,-0.6980552712384851,False,False,2022,,0,0,0,0.0
HK_9638_HK_2022,9638.HK,法拉帝,2022-03-31,main_board_profitable,5,53.02,2.06,0.3067115497837429,0.5966251757114523,0.6727294893195102,0.2358333333333333,RELATIONSHIP,0.0,-0.0415754923413568,-0.122113848089762,-0.073587477883668,False,False,2022,5.0,0,0,0,0.0
HK_2370_HK_2022,2370.HK,力高健康生活,2022-03-31,main_board_profitable,0,0.0,1.14,0.0,0.4,0.0,0.2358333333333333,SKIP,0.5926640926640929,0.714285714285715,1.12355212355212,-0.563706563706564,False,False,2022,,0,0,0,0.0
HK_2352_HK_2022,2352.HK,东原仁知服务,2022-04-29,main_board_profitable,0,0.0,1.56,0.0,0.6148289631154898,0.0,0.2358333333333333,SKIP,-0.0420168067226891,-0.0655462184873951,-0.176470588235294,-0.346218487394958,False,False,2022,,0,0,0,0.0
HK_2325_HK_2022,2325.HK,云康集团,2022-05-18,main_board_profitable,2,27.35,1.39,0.1069833333333333,0.4,0.35,0.2358333333333333,SKIP,0.0705882352941176,1.11764705882353,1.20470588235294,0.862162567936823,False,False,2022,2.0,0,0,0,0.0
HK_2347_HK_2022,2347.HK,友和集团,2022-06-10,main_board_profitable,0,0.0,1.23,0.0,0.4,0.0,0.2358333333333333,SKIP,-0.061904761904762,-0.238095238095238,-0.30952380952381,-0.585714285714286,False,False,2022,,0,0,0,0.0
HK_6667_HK_2022,6667.HK,美因基因,2022-06-22,main_board_profitable,3,81.03,2.05,0.3063508124009982,0.6577603589705062,0.609485320810708,0.2358333333333333,RELATIONSHIP,-0.0111111111111111,-0.021111111111111,-0.261111111111111,-0.388888888888889,False,False,2022,3.0,0,0,0,0.0
HK_2246_HK_2022,2246.HK,快狗打车,2022-06-24,main_board_profitable,2,74.3,1.4,0.1069833333333333,0.4,0.35,0.2358333333333333,SKIP,-0.3301435406698559,-0.697368421052632,-0.641148325358852,-0.857655502392345,False,False,2022,2.0,0,0,0,0.0
HK_2167_HK_2022,2167.HK,天润云,2022-06-30,main_board_profitable,2,31.905300000000004,1.27,0.1069833333333333,0.4,0.35,0.2358333333333333,SKIP,0.02803738317757,-0.2453271028037379,-0.267133956386293,-0.20404984423676,False,False,2022,2.0,0,0,0,0.0
HK_2372_HK_2022,2372.HK,伟立控股,2022-06-30,main_board_profitable,0,0.0,1.29,0.0,0.4,0.0,0.2358333333333333,SKIP,0.0476190476190477,-0.19047619047619,-0.341269841269841,-0.30952380952381,False,False,2022,,0,0,0,0.0
HK_9955_HK_2022,9955.HK,智云健康,2022-07-06,main_board_profitable,4,60.95,2.15,0.3029717240798747,0.6340351532821613,0.6253176271412443,0.2358333333333333,RELATIONSHIP,-0.024822695035461,-0.381560283687943,-0.475177304964539,-0.704609929078014,False,False,2022,4.0,0,0,0,0.0
HK_2392_HK_2022,2392.HK,玄武云,2022-07-08,main_board_profitable,1,10.9,2.09,0.1560161801925919,0.5833289179969164,0.35,0.2358333333333333,SKIP,-0.0764331210191083,-0.0461783439490446,-0.159235668789809,-0.504777070063694,False,False,2022,1.0,0,0,0,0.0
HK_2376_HK_2022,2376.HK,鲁商服务,2022-07-08,main_board_profitable,0,0.0,1.2,0.0,0.4,0.0,0.2358333333333333,SKIP,-0.187358916478555,-0.343115124153499,-0.45372460496614,-0.521444695259594,False,False,2022,,0,0,0,0.0
HK_2361_HK_2022,2361.HK,中康科技控股,2022-07-12,main_board_profitable,4,32.53,1.36,0.1222666666666666,0.4,0.4,0.2358333333333333,SKIP,0.119402985074627,-0.17910447761194,-0.347014925373134,-0.167910447761194,False,False,2022,4.0,0,0,0,0.0
HK_2385_HK_2022,2385.HK,读书郎,2022-07-12,main_board_profitable,8,54.23,1.62,0.1482536232704232,0.4850173062282112,0.4,0.2358333333333333,SKIP,0.023611111111111,-0.0472222222222221,-0.0486111111111111,0.0666666666666666,False,False,2022,8.0,0,0,0,0.0
HK_9896_HK_2022,9896.HK,名创优品,2022-07-13,main_board_profitable,0,0.0,4.84,0.0,0.7381285309272079,0.0,0.2358333333333333,SKIP,0.070254110612855,-0.155455904334828,-0.124869284478486,1.70215799880327,False,False,2022,,0,0,0,0.0
HK_6686_HK_2022,6686.HK,诺亚控股,2022-07-13,main_board_profitable,0,0.0,5.9,0.0,0.7021824341083392,0.0,0.2358333333333333,SKIP,-0.017921146953405,-0.03584229390681,-0.222939068100358,-0.032258064516129,False,False,2022,,0,0,0,0.0
HK_6661_HK_2022,6661.HK,湖州燃气,2022-07-13,main_board_profitable,4,63.0,1.18,0.1222666666666666,0.4,0.4,0.2358333333333333,SKIP,0.0714285714285715,-0.1375,-0.0071428571428571,-0.0178571428571428,False,False,2022,4.0,3,1,2,0.75
HK_2418_HK_2022,2418.HK,德银天下,2022-07-15,main_board_profitable,3,20.87,1.41,0.1805262558284517,0.4,0.5905984378248149,0.2358333333333333,SKIP,-0.088888888888889,-0.338888888888889,-0.427777777777778,-0.494444444444444,False,False,2022,3.0,0,0,0,0.0
HK_2172_HK_2022,2172.HK,微创脑科学,2022-07-15,main_board_profitable,2,65.0,2.14,0.1689000099143921,0.6315002707501809,0.35,0.2358333333333333,SKIP,-0.0020325203252032,-0.0081300813008131,0.0081300813008129,-0.378048780487805,False,False,2022,2.0,0,0,0,0.0
HK_1204_HK_2022,1204.HK,博维智慧,2022-07-15,main_board_profitable,1,22.22,1.03,0.1069833333333333,0.4,0.35,0.2358333333333333,SKIP,0.0,-0.0573770491803279,-0.180327868852459,0.0983606557377049,False,False,2022,1.0,0,0,0,0.0
HK_2237_HK_2022,2237.HK,中国石墨,2022-07-18,main_board_profitable,0,0.0,1.06,0.0,0.4,0.0,0.2358333333333333,SKIP,-0.354430379746835,0.7341772151898731,0.1645569620253159,0.848101265822785,False,False,2022,,0,0,0,0.0
HK_9857_HK_2022,9857.HK,柠萌影视,2022-08-10,main_board_profitable,2,46.7,1.38,0.1069833333333333,0.4,0.35,0.2358333333333333,SKIP,0.0277777777777778,-0.0574074074074073,-0.0888888888888888,-0.525925925925926,False,False,2022,2.0,0,0,0,0.0
HK_2562_HK_2022,2562.HK,狮腾控股,2022-08-15,main_board_profitable,0,0.0,0.0,0.0,0.5647930777164033,0.0,0.2358333333333333,SKIP,-0.12,-0.26,-0.26,-0.0539999999999998,False,False,2022,,0,0,0,0.0
HK_2321_HK_2022,2321.HK,双财庄,2022-08-19,main_board_profitable,4,34.82,2.1,0.1997866820173129,0.6536096467305765,0.4,0.2358333333333333,SKIP,0.151898734177215,0.417721518987342,1.25316455696203,-0.506329113924051,False,False,2022,4.0,0,0,0,0.0
HK_2152_HK_2022,2152.HK,苏新服务,2022-08-24,main_board_profitable,3,20.1,1.2,0.1222666666666666,0.4,0.4,0.2358333333333333,SKIP,0.0,-0.30151338766007,-0.275902211874272,-0.0814901047729918,False,False,2022,3.0,0,0,0,0.0
HK_9886_HK_2022,9886.HK,叮当健康,2022-09-14,main_board_profitable,3,74.09,1.7,0.2220870000643673,0.559924843087101,0.5190453577401143,0.2358333333333333,SKIP,0.0033333333333332,-0.0016666666666666,0.0483333333333333,-0.775,False,False,2022,3.0,0,0,0,0.0
HK_2350_HK_2022,2350.HK,数科集团,2022-09-26,main_board_profitable,5,24.8,1.1,0.197456334790205,0.4,0.6459858281031791,0.2358333333333333,SKIP,-0.096774193548387,-0.241935483870968,-0.379032258064516,-0.467741935483871,False,False,2022,5.0,0,0,0,0.0
HK_2602_HK_2022,2602.HK,万物云,2022-09-29,main_board_profitable,7,37.57,3.3,0.2800567487868821,0.5508540677408866,0.6653059267765602,0.2358333333333333,RELATIONSHIP,-0.0521739130434782,-0.153260869565217,0.0630434782608694,-0.411006415756572,False,False,2022,7.0,2,0,2,0.2857142857142857
HK_9863_HK_2022,9863.HK,零跑汽车,2022-09-29,main_board_profitable,5,37.6,2.33,0.3182885297672252,0.7088540131279055,0.587592300088417,0.2358333333333333,RELATIONSHIP,-0.22257053291536,-0.3605015673981189,-0.136363636363636,0.307210031347963,False,False,2022,5.0,0,0,0,0.0
HK_3931_HK_2022,3931.HK,中创新航,2022-10-06,main_board_profitable,15,56.13,2.11,0.3378944430072397,0.6081855912943129,0.7270375350004934,0.2358333333333333,RELATIONSHIP,-0.0263157894736842,-0.392105263157895,-0.473684210526316,-0.482105263157895,False,False,2022,15.0,0,0,0,0.0
HK_6660_HK_2022,6660.HK,艾美疫苗,2022-10-06,main_board_profitable,0,0.0,3.27,0.0,0.5808268893163343,0.0,0.2358333333333333,SKIP,0.0060024009603842,0.518607442977191,0.41656662665066,1.68007202881152,False,False,2022,,0,0,0,0.0
HK_1489_HK_2022,1489.HK,GC CONSTRUCTION,2022-10-10,main_board_profitable,2,16.0,1.04,0.1222666666666666,0.4,0.4,0.2358333333333333,SKIP,-0.0727272727272728,-0.0181818181818182,-0.0181818181818182,-0.090909090909091,False,False,2022,2.0,0,0,0,0.0
HK_2422_HK_2022,2422.HK,润歌互动,2022-10-17,main_board_profitable,1,9.3744,1.37,0.1069833333333333,0.4,0.35,0.2358333333333333,SKIP,0.511111111111111,1.17037037037037,0.777777777777778,-0.437037037037037,False,False,2022,1.0,0,0,0,0.0
HK_6610_HK_2022,6610.HK,飞天云动,2022-10-18,main_board_profitable,5,30.33,1.07,0.1222666666666666,0.4,0.4,0.2358333333333333,SKIP,0.080188679245283,1.3113207547169798,0.9056603773584908,-0.165094339622642,False,False,2022,5.0,3,0,3,0.6
HK_2367_HK_2022,2367.HK,巨子生物,2022-11-04,main_board_profitable,0,0.0,4.22,0.0,0.7594693066929638,0.0,0.2358333333333333,SKIP,0.250936329588015,0.192883895131086,0.666666666666667,0.310861423220974,False,False,2022,,0,0,0,0.0
HK_2291_HK_2022,2291.HK,心泰医疗,2022-11-08,main_board_profitable,3,29.73,1.38,0.2215079092673308,0.4,0.7246714588898499,0.2358333333333333,SKIP,-0.0548885077186963,-0.0017152658662091,-0.0154373927958833,-0.0445969125214407,False,False,2022,3.0,0,0,0,0.0
HK_6696_HK_2022,6696.HK,多想云,2022-11-09,main_board_profitable,1,3.19,1.01,0.1069833333333333,0.4,0.35,0.2358333333333333,SKIP,-0.175,-0.685,-0.685,-0.825,False,False,2022,1.0,0,0,0,0.0
HK_2420_HK_2022,2420.HK,子不语,2022-11-11,main_board_profitable,3,77.08,1.56,0.2917742067942442,0.640065042426728,0.5965333093253778,0.2358333333333333,RELATIONSHIP,-0.207478890229192,-0.246079613992762,-0.300361881785283,-0.642230162884736,False,False,2022,3.0,0,0,0,0.0
HK_1407_HK_2022,1407.HK,交运燃气,2022-11-16,main_board_profitable,0,0.0,1.17,0.0,0.4,0.0,0.2358333333333333,SKIP,-0.056338028169014,-0.267605633802817,-0.457746478873239,-0.565351291422001,False,False,2022,,0,0,0,0.0
HK_2436_HK_2022,2436.HK,凌雄科技,2022-11-24,main_board_profitable,0,0.0,1.12,0.0,0.4,0.0,0.2358333333333333,SKIP,0.152564102564103,0.57948717948718,0.684615384615385,0.335897435897436,False,False,2022,,0,0,0,0.0
HK_2245_HK_2022,2245.HK,力勤资源,2022-12-01,main_board_profitable,5,69.3,1.4,0.2240025663075008,0.4,0.7328328232524565,0.2358333333333333,SKIP,-0.0367088607594937,-0.0493788911510431,-0.0985266491595606,-0.568017074346188,False,False,2022,5.0,0,0,0,0.0
HK_6963_HK_2022,6963.HK,阳光保险,2022-12-09,main_board_profitable,0,0.0,1.34,0.0,0.4,0.0,0.2358333333333333,SKIP,-0.272727272727273,-0.190394511149228,-0.2452830188679239,-0.219524958571968,False,False,2022,,0,0,0,0.0
HK_2407_HK_2022,2407.HK,高视医疗,2022-12-12,main_board_profitable,4,48.25,1.04,0.1222666666666666,0.4,0.4,0.2358333333333333,SKIP,0.0,0.0019455252918288,0.0243190661478598,-0.0778210116731517,False,False,2022,4.0,3,1,2,0.75
HK_2440_HK_2022,2440.HK,迷策略,2022-12-12,main_board_profitable,2,58.333,1.1,0.1643221141165393,0.4,0.537585978571012,0.2358333333333333,SKIP,-0.205,-0.165,-0.26,-0.23,False,False,2022,2.0,2,0,2,1.0
HK_1947_HK_2022,1947.HK,美皓集团,2022-12-14,main_board_profitable,0,0.0,1.37,0.0,0.4,0.0,0.2358333333333333,SKIP,-0.291666666666667,-0.291666666666667,-0.319444444444444,-0.333333333333333,False,False,2022,,0,0,0,0.0
HK_9985_HK_2022,9985.HK,卫龙美味,2022-12-15,main_board_profitable,3,56.59,2.6,0.2358714504615916,0.7716623243018265,0.4,0.2358333333333333,SKIP,-0.0738522954091817,0.0918163672654691,0.137724550898204,-0.257282088502299,False,False,2022,3.0,0,0,0,0.0
HK_2457_HK_2022,2457.HK,步阳国际,2022-12-15,main_board_profitable,1,24.0,1.19,0.1069833333333333,0.4,0.35,0.2358333333333333,SKIP,0.25,0.35,0.183333333333333,0.25,False,False,2022,1.0,0,0,0,0.0
HK_2145_HK_2022,2145.HK,上美股份,2022-12-22,main_board_profitable,0,0.0,1.42,0.0,0.4,0.0,0.2358333333333333,SKIP,0.190476190476191,0.0813492063492064,0.0119047619047619,0.0329873425702621,False,False,2022,,0,0,0,0.0
HK_0314_HK_2022,0314.HK,思派健康,2022-12-23,main_board_profitable,0,0.0,1.41,0.0,0.4,0.0,0.2358333333333333,SKIP,-0.256,-0.08,0.29,-0.6896,False,False,2022,,0,0,0,0.0
HK_6929_HK_2022,6929.HK,业聚医疗,2022-12-23,main_board_profitable,1,65.31,1.09,0.1069833333333333,0.4,0.35,0.2358333333333333,SKIP,-0.0874316939890711,-0.0655737704918032,0.392349726775956,-0.0896174863387978,False,False,2022,1.0,0,0,0,0.0
HK_6698_HK_2022,6698.HK,星空华文,2022-12-29,main_board_profitable,1,9.95,1.47,0.1069833333333333,0.4,0.35,0.2358333333333333,SKIP,0.0353982300884954,1.3429203539823,1.40044247787611,-0.4369469026548669,False,False,2022,1.0,0,0,0,0.0
HK_2427_HK_2022,2427.HK,GUANZE MEDICAL,2022-12-29,main_board_profitable,3,29.200000000000003,1.2,0.1222666666666666,0.4,0.4,0.2358333333333333,SKIP,0.154285714285714,-0.16,1.36571428571429,-0.7883008356545961,False,False,2022,3.0,0,0,0,0.0
HK_3896_HK_2022,3896.HK,金山云,2022-12-30,main_board_profitable,0,0.0,0.0,0.0,0.5549143297196351,0.0,0.2358333333333333,SKIP,0.257142857142857,0.1,0.8,0.157142857142857,False,False,2022,,0,0,0,0.0
HK_9658_HK_2022,9658.HK,特海国际,2022-12-30,main_board_profitable,0,0.0,0.0,0.0,0.632911947713654,0.0,0.2358333333333333,SKIP,0.352112676056338,0.680080482897384,0.8712273641851109,0.462776659959759,False,False,2022,,0,0,0,0.0
HK_2425_HK_2022,2425.HK,澳亚集团,2022-12-30,main_board_profitable,2,79.34,1.16,0.1742173590652937,0.4,0.5699586447065225,0.2358333333333333,SKIP,-0.0533751962323391,-0.208791208791209,-0.469387755102041,-0.726844583987441,False,False,2022,2.0,0,0,0,0.0
HK_2469_HK_2023,2469.HK,粉笔,2023-01-09,main_board_profitable,0,0.0,2.3243,0.0,0.7449467240761742,0.0,0.2358333333333333,SKIP,-0.063063063063063,0.102702702702703,0.0360360360360361,-0.5540540540540541,False,False,2023,,0,0,0,0.0
HK_2147_HK_2023,2147.HK,正味集团,2023-01-13,main_board_profitable,0,0.0,1.33,0.0,0.4,0.0,0.2358333333333333,SKIP,-0.142857142857143,-0.125,0.142857142857143,3.21428571428571,False,False,2023,,0,0,0,0.0
HK_2411_HK_2023,2411.HK,百果园集团,2023-01-16,main_board_profitable,3,33.93,2.8,0.155704077005348,0.5093917459280743,0.4,0.2358333333333333,SKIP,-0.0566666666666666,0.0166666666666666,-0.0116666666666667,-0.0558713136729222,False,False,2023,3.0,0,0,0,0.0
HK_2373_HK_2023,2373.HK,美丽田园医疗健康,2023-01-16,main_board_profitable,4,53.52,4.7,0.4021414992026188,0.8100037195660478,0.6496864211874035,0.2358333333333333,TRIAL,0.0185497470489039,-0.1450252951096119,0.0,-0.642736792423733,False,False,2023,4.0,0,0,0,0.0
HK_2458_HK_2023,2458.HK,望尘科技控股,2023-01-16,main_board_profitable,0,0.0,1.7,0.0,0.559882555669316,0.0,0.2358333333333333,SKIP,-0.106086956521739,0.137391304347826,-0.11304347826087,-0.31304347826087,False,False,2023,,0,0,0,0.0
HK_2455_HK_2023,2455.HK,润华服务,2023-01-17,main_board_profitable,1,35.304,1.29,0.1069833333333333,0.4,0.35,0.2358333333333333,SKIP,0.0317460317460318,-0.0238095238095238,0.103174603174603,-0.206349206349206,False,False,2023,1.0,0,0,0,0.0
HK_2459_HK_2023,2459.HK,升能集团,2023-01-17,main_board_profitable,0,0.0,1.2,0.0,0.4,0.0,0.2358333333333333,SKIP,-0.0730337078651685,0.314606741573034,0.0674157303370786,1.43820224719101,False,False,2023,,0,0,0,0.0
HK_2306_HK_2023,2306.HK,乐华娱乐,2023-01-19,main_board_profitable,4,31.610000000000003,1.29,0.1222666666666666,0.4,0.4,0.2358333333333333,SKIP,-0.207296849087894,-0.27363184079602,-0.2553897180762849,-0.0713101160862356,False,False,2023,4.0,0,0,0,0.0
HK_2450_HK_2023,2450.HK,淮北绿金股份,2023-01-20,main_board_profitable,0,0.0,0.95,0.0,0.4,0.0,0.2358333333333333,SKIP,-0.0566037735849057,-0.2547169811320749,-0.349056603773585,-0.4339622641509429,False,False,2023,,0,0,0,0.0
HK_2482_HK_2023,2482.HK,维天运通,2023-03-09,main_board_profitable,2,54.39,1.43,0.1069833333333333,0.4,0.35,0.2358333333333333,SKIP,0.0070422535211267,-0.0352112676056337,-0.0492957746478871,-0.5774647887323939,False,False,2023,2.0,0,0,0,0.0
HK_9636_HK_2023,9636.HK,九方智投控股,2023-03-10,main_board_profitable,5,34.1,1.85,0.4591835816838452,0.7909544025840686,0.7597081997591927,0.2358333333333333,LARGE,-0.016336056009335,-0.0081680280046674,-0.0198366394399066,-0.207421752929337,False,False,2023,5.0,0,0,0,0.0
HK_2421_HK_2023,2421.HK,嘉创地产,2023-03-23,main_board_profitable,0,0.0,0.0,0.0,0.5943208120914033,0.0,0.2358333333333333,SKIP,-0.13125,-0.18125,-0.29375,-0.433355263157895,False,False,2023,,0,0,0,0.0
HK_1405_HK_2023,1405.HK,达势股份,2023-03-28,main_board_profitable,0,0.0,1.9,0.0,0.6594408444614297,0.0,0.2358333333333333,SKIP,0.229597388465724,0.0990206746463547,0.11316648531012,0.114254624591948,False,False,2023,,0,0,0,0.0
HK_2409_HK_2023,2409.HK,洲际船务,2023-03-29,main_board_profitable,3,28.4,1.09,0.1222666666666666,0.4,0.4,0.2358333333333333,SKIP,0.170542635658915,0.104651162790698,0.197674418604651,0.294573643410853,False,False,2023,3.0,0,0,0,0.0
HK_2433_HK_2023,2433.HK,中天湖南集团,2023-03-30,main_board_profitable,0,0.0,1.01,0.0,0.4,0.0,0.2358333333333333,SKIP,-0.217228464419476,0.119850187265918,-0.805243445692884,-0.915730337078652,False,False,2023,,0,0,0,0.0
HK_2439_HK_2023,2439.HK,中宝新材,2023-03-31,main_board_profitable,1,9.74,0.0,0.172038881990367,0.6432361999951409,0.35,0.2358333333333333,SKIP,-0.0147058823529412,0.0735294117647058,-0.147058823529412,2.05882352941176,False,False,2023,1.0,0,0,0,0.0
HK_2405_HK_2023,2405.HK,力盟科技,2023-03-31,main_board_profitable,0,0.0,1.45,0.0,0.4,0.0,0.2358333333333333,SKIP,0.25,1.58333333333333,3.13095238095238,5.58333333333333,False,False,2023,,0,0,0,0.0
HK_9669_HK_2023,9669.HK,北森控股,2023-04-13,main_board_profitable,0,0.0,1.51,0.0,0.6518713052336669,0.0,0.2358333333333333,SKIP,-0.459770114942529,-0.675095785440613,-0.670498084291188,-0.8134099616858239,False,False,2023,,0,0,0,0.0
HK_6623_HK_2023,6623.HK,陆控,2023-04-14,main_board_profitable,0,0.0,0.0,0.0,0.5556376610497366,0.0,0.2358333333333333,SKIP,-0.153956834532374,-0.3726618705035969,-0.282014388489209,-0.6601222979088671,False,False,2023,,0,0,0,0.0
HK_6979_HK_2023,6979.HK,珍酒李渡,2023-04-27,main_board_profitable,0,0.0,3.9,0.0,0.7336805192244756,0.0,0.2358333333333333,SKIP,0.0247747747747746,-0.206081081081081,-0.0022522522522524,-0.0608108108108109,False,False,2023,,0,0,0,0.0
HK_2415_HK_2023,2415.HK,梅斯健康,2023-04-27,main_board_profitable,6,51.65,1.47,0.1222666666666666,0.4,0.4,0.2358333333333333,SKIP,-0.0652173913043478,0.195652173913044,-0.026086956521739,-0.668478260869565,False,False,2023,6.0,4,0,4,0.6666666666666666
HK_2442_HK_2023,2442.HK,怡俊集团控股,2023-05-09,main_board_profitable,0,0.0,1.05,0.0,0.4,0.0,0.2358333333333333,SKIP,0.5714285714285721,0.408163265306122,0.0918367346938776,0.428571428571428,False,False,2023,,0,0,0,0.0
HK_2486_HK_2023,2486.HK,普乐师集团控股,2023-05-11,main_board_profitable,0,0.0,1.2,0.0,0.4,0.0,0.2358333333333333,SKIP,-0.0613266583229037,-0.32540675844806,-0.331664580725907,-0.549918166939444,False,False,2023,,0,0,0,0.0
HK_9930_HK_2023,9930.HK,宏信建发,2023-05-25,main_board_profitable,7,66.84,1.47,0.1222666666666666,0.4,0.4,0.2358333333333333,SKIP,-0.174454828660436,-0.196261682242991,-0.152647975077882,-0.218068535825545,False,False,2023,7.0,0,0,0,0.0
HK_2416_HK_2023,2416.HK,易点云,2023-05-25,main_board_profitable,1,26.26,1.2,0.1069833333333333,0.4,0.35,0.2358333333333333,SKIP,0.11336032388664,0.0222672064777327,-0.293522267206478,-0.67914979757085,False,False,2023,1.0,0,0,0,0.0
HK_9885_HK_2023,9885.HK,药师帮,2023-06-28,main_board_profitable,1,31.72,2.08,0.160134599527472,0.5987272766255382,0.35,0.2358333333333333,SKIP,0.1611374407582939,1.56398104265403,1.52369668246445,-0.557345971563981,False,False,2023,1.0,0,0,0,0.0
HK_9860_HK_2023,9860.HK,艾迪康控股,2023-06-30,main_board_profitable,5,71.24000000000001,1.8,0.3701367466508052,0.7149248836357779,0.6775068653631461,0.2358333333333333,TRIAL,-0.0927536231884059,-0.0405797101449276,0.115942028985507,-0.1637681159420289,False,False,2023,5.0,0,0,0,0.0
HK_2481_HK_2023,2481.HK,慧居科技,2023-07-10,main_board_profitable,1,19.6,1.35,0.1069833333333333,0.4,0.35,0.2358333333333333,SKIP,-0.197222222222222,-0.258333333333333,-0.258333333333333,-0.280555555555556,False,False,2023,1.0,0,0,0,0.0
HK_3650_HK_2023,3650.HK,KEEP,2023-07-12,main_board_profitable,3,24.42,1.37,0.1879078526125603,0.4,0.6147476094194996,0.2358333333333333,SKIP,-0.0051724137931034,0.0999999999999999,0.0137931034482758,-0.8496551724137931,False,False,2023,3.0,0,0,0,0.0
HK_6683_HK_2023,6683.HK,巨星传奇,2023-07-13,main_board_profitable,2,20.5,1.15,0.1069833333333333,0.4,0.35,0.2358333333333333,SKIP,0.349809885931559,0.134980988593156,0.712927756653992,0.7414448669201521,False,False,2023,2.0,0,0,0,0.0
HK_1284_HK_2023,1284.HK,新传企划,2023-07-17,main_board_profitable,0,0.0,1.5,0.0,0.7020565809697543,0.0,0.2358333333333333,SKIP,0.0,-0.467741935483871,-0.564516129032258,-0.704301075268817,False,False,2023,,0,0,0,0.0
HK_2271_HK_2023,2271.HK,众安智慧生活,2023-07-18,main_board_profitable,2,13.8409,1.63,0.2323096473397318,0.7600097513840737,0.4,0.2358333333333333,SKIP,-0.12396694214876,-0.297520661157025,-0.43801652892562,-0.528925619834711,False,False,2023,2.0,0,0,0,0.0
HK_2490_HK_2023,2490.HK,乐舱物流,2023-09-25,main_board_profitable,0,0.0,1.53,0.0,0.6860244198523193,0.0,0.2358333333333333,SKIP,0.0431372549019608,-0.0745098039215686,0.0784313725490197,4.2843137254902,False,False,2023,,0,0,0,0.0
HK_9890_HK_2023,9890.HK,贪玩,2023-09-28,main_board_profitable,4,33.24,1.67,0.23146061996006,0.7572321263687896,0.4,0.2358333333333333,SKIP,-0.0385714285714285,-0.0371428571428571,1.99285714285714,0.148571428571428,False,False,2023,4.0,0,0,0,0.0
HK_6682_HK_2023,6682.HK,范式智能,2023-09-28,main_board_profitable,3,73.75,1.57,0.2904241815953429,0.644086515587398,0.5900658458961692,0.2358333333333333,RELATIONSHIP,-0.0769230769230769,-0.144444444444444,-0.167521367521367,-0.146153846153846,False,False,2023,3.0,0,0,0,0.0
HK_9686_HK_2023,9686.HK,熙康云医院,2023-09-28,main_board_profitable,3,34.82,1.15,0.1222666666666666,0.4,0.4,0.2358333333333333,SKIP,-0.147058823529412,-0.363970588235294,-0.5036764705882351,-0.6139705882352939,False,False,2023,3.0,0,0,0,0.0
HK_1973_HK_2023,1973.HK,天图投资,2023-10-06,main_board_profitable,4,43.04,1.28,0.1991691132741694,0.4,0.6515892473527899,0.2358333333333333,SKIP,-0.180327868852459,0.114754098360656,0.0348360655737704,-0.30327868852459,False,False,2023,4.0,3,0,3,0.75
HK_2501_HK_2023,2501.HK,迈越科技,2023-10-11,main_board_profitable,0,0.0,1.16,0.0,0.4,0.0,0.2358333333333333,SKIP,-0.171779141104294,-0.208588957055215,-0.263803680981595,-0.435582822085889,False,False,2023,,0,0,0,0.0
HK_2451_HK_2023,2451.HK,绿源集团控股,2023-10-12,main_board_profitable,5,56.43,0.9,0.1934447294703234,0.4,0.6328617103718323,0.2358333333333333,SKIP,-0.0255376344086021,-0.0416666666666667,-0.0336021505376344,-0.208333333333333,False,False,2023,5.0,0,0,0,0.0
HK_9676_HK_2023,9676.HK,十月稻田,2023-10-12,main_board_profitable,1,12.42,1.26,0.1069833333333333,0.4,0.35,0.2358333333333333,SKIP,0.31104033970276,0.443736730360934,0.3296178343949039,0.0952171664465035,False,False,2023,1.0,0,0,0,0.0
HK_2517_HK_2023,2517.HK,锅圈,2023-11-02,main_board_profitable,4,53.77,1.33,0.1995529940960893,0.4,0.6528451279043271,0.2358333333333333,SKIP,0.0652173913043478,0.533444816053512,0.632107023411371,-0.574349985151263,False,False,2023,4.0,2,0,2,0.5
HK_2429_HK_2023,2429.HK,友宝在线,2023-11-03,main_board_profitable,4,49.46,1.41,0.1222666666666666,0.4,0.4,0.2358333333333333,SKIP,-0.142661179698217,0.0329218106995885,0.454046639231824,0.0905349794238683,False,False,2023,4.0,0,0,0,0.0
HK_2473_HK_2023,2473.HK,喜相逢集团,2023-11-09,main_board_profitable,0,0.0,1.007,0.0,0.4,0.0,0.2358333333333333,SKIP,-0.0182926829268291,0.335365853658537,0.8048780487804881,3.0,False,False,2023,,0,0,0,0.0
HK_2499_HK_2023,2499.HK,佛朗斯股份,2023-11-10,main_board_profitable,1,62.9,1.37,0.1069833333333333,0.4,0.35,0.2358333333333333,SKIP,0.0040650406504065,-0.0040650406504065,-0.035230352303523,-0.0501355013550136,False,False,2023,1.0,0,0,0,0.0
HK_1111_HK_2023,1111.HK,华视集团控股,2023-11-10,main_board_profitable,0,0.0,1.09,0.0,0.4,0.0,0.2358333333333333,SKIP,0.185185185185185,-0.419753086419753,-0.737654320987654,-0.845679012345679,False,False,2023,,0,0,0,0.0
HK_2268_HK_2023,2268.HK,药明合联,2023-11-17,main_board_profitable,7,63.84,19.6,0.3635766752770109,0.7122968477468297,0.6679545336532972,0.2358333333333333,TRIAL,0.0357142857142857,0.135714285714286,-0.481428571428571,-0.324285714285714,False,False,2023,7.0,0,0,0,0.0
HK_2520_HK_2023,2520.HK,山西安装,2023-11-22,main_board_profitable,1,21.6054,1.33,0.1069833333333333,0.4,0.35,0.2358333333333333,SKIP,-0.0550458715596331,0.0,0.0091743119266055,-0.0674751611082675,False,False,2023,1.0,0,0,0,0.0
HK_9663_HK_2023,9663.HK,国鸿氢能,2023-12-05,main_board_profitable,0,0.0,1.13,0.0,0.4,0.0,0.2358333333333333,SKIP,-0.229292929292929,-0.1727272727272729,-0.095959595959596,-0.191919191919192,False,False,2023,,0,0,0,0.0
HK_2521_HK_2023,2521.HK,升辉清洁,2023-12-05,main_board_profitable,0,0.0,1.33,0.0,0.4,0.0,0.2358333333333333,SKIP,0.121212121212121,-0.166666666666667,-0.166666666666667,0.257575757575757,False,False,2023,,0,0,0,0.0
HK_2483_HK_2023,2483.HK,K CASH集团,2023-12-05,main_board_profitable,0,0.0,1.24,0.0,0.4,0.0,0.2358333333333333,SKIP,-0.0446927374301676,-0.0837988826815643,-0.0502793296089386,0.0397482822834392,False,False,2023,,0,0,0,0.0
HK_2419_HK_2023,2419.HK,德康农牧,2023-12-06,main_board_profitable,3,39.21,1.13,0.2105419229759083,0.4,0.6887958221676392,0.2358333333333333,SKIP,0.0066666666666666,0.4639999999999999,0.306666666666667,0.16,False,False,2023,3.0,0,0,0,0.0
HK_1497_HK_2023,1497.HK,燕之屋,2023-12-12,main_board_profitable,6,40.16,1.27,0.1222666666666666,0.4,0.4,0.2358333333333333,SKIP,-0.0515463917525772,-0.0206185567010309,0.0288659793814434,0.493806460030104,False,False,2023,6.0,0,0,0,0.0
HK_0666_HK_2023,0666.HK,瑞浦兰钧,2023-12-18,main_board_profitable,0,0.0,1.21,0.0,0.4,0.0,0.2358333333333333,SKIP,-0.0181043663471778,-0.0798722044728434,-0.224707135250266,-0.211927582534611,False,False,2023,,0,0,0,0.0
HK_2502_HK_2023,2502.HK,金源氢化,2023-12-20,main_board_profitable,4,50.95,1.07,0.2361044486041526,0.4,0.7724245864912299,0.2358333333333333,SKIP,0.0919540229885057,0.0114942528735632,-0.0919540229885057,-0.313459801264679,False,False,2023,4.0,0,0,0,0.0
HK_1274_HK_2023,1274.HK,知行科技,2023-12-20,main_board_profitable,4,79.16,1.07,0.1747008129970523,0.4,0.5715402824331047,0.2358333333333333,SKIP,0.303675048355899,0.885880077369439,1.83752417794971,0.0038684719535782,False,False,2023,4.0,0,0,0,0.0
HK_2516_HK_2023,2516.HK,泛远国际,2023-12-22,main_board_profitable,3,39.67,1.04,0.1222666666666666,0.4,0.4,0.2358333333333333,SKIP,-0.04,-0.36,-0.42,0.55,False,False,2023,3.0,0,0,0,0.0
HK_6911_HK_2023,6911.HK,澜沧古茶,2023-12-22,main_board_profitable,5,51.6,1.32,0.1222666666666666,0.4,0.4,0.2358333333333333,SKIP,0.229885057471264,0.0804597701149427,0.172413793103448,-0.127684326884463,False,False,2023,5.0,1,1,0,0.2
HK_2489_HK_2023,2489.HK,集海黄金,2023-12-22,main_board_profitable,1,39.6,1.03,0.1069833333333333,0.4,0.35,0.2358333333333333,SKIP,-0.0178571428571429,0.0178571428571427,0.0892857142857142,0.320307723660077,False,False,2023,1.0,0,0,0,0.0
HK_2149_HK_2023,2149.HK,贝克微,2023-12-28,main_board_profitable,0,0.0,1.36,0.0,0.4,0.0,0.2358333333333333,SKIP,0.105726872246696,-0.112334801762115,0.0286343612334803,0.200440528634361,False,False,2023,,0,0,0,0.0
HK_9880_HK_2023,9880.HK,优必选,2023-12-29,main_board_profitable,1,53.41,2.16,0.1766701417779832,0.6605520178644021,0.35,0.2358333333333333,SKIP,-0.03137039075399,-0.0165107319757843,1.11777655476059,-0.0280682443588332,False,False,2023,1.0,0,0,0,0.0
HK_2498_HK_2024,2498.HK,速腾聚创,2024-01-05,main_board_profitable,1,79.29,1.28,0.1069833333333333,0.4,0.35,0.2358333333333333,SKIP,0.0,-0.184883720930233,-0.0081395348837209,-0.5920930232558139,False,False,2024,1.0,0,0,0,0.0
HK_2503_HK_2024,2503.HK,中深建业,2024-01-09,main_board_profitable,0,0.0,1.09,0.0,0.3781654696216852,0.0,0.2358333333333333,SKIP,0.458333333333333,0.680555555555556,0.0694444444444445,-0.166666666666667,False,False,2024,,0,0,0,0.0
HK_6959_HK_2024,6959.HK,长久股份,2024-01-09,main_board_profitable,0,0.0,1.07,0.0,0.4,0.0,0.2358333333333333,SKIP,0.0738060781476121,0.2619392185238789,4.49927641099855,-0.0920311013091886,False,False,2024,,0,0,0,0.0
HK_2453_HK_2024,2453.HK,美中嘉和,2024-01-09,main_board_profitable,0,0.0,1.02,0.0,0.4,0.0,0.2358333333333333,SKIP,0.259927797833935,0.5054151624548741,1.08032490974729,0.371841155234657,False,False,2024,,0,0,0,0.0
HK_2477_HK_2024,2477.HK,经纬天地,2024-01-12,main_board_profitable,0,0.0,0.97,0.0,0.4,0.0,0.2358333333333333,SKIP,0.3257575757575759,0.4204545454545449,0.375,-0.0492424242424244,False,False,2024,,0,0,0,0.0
HK_2540_HK_2024,2540.HK,乐思集团,2024-03-08,main_board_profitable,0,0.0,1.46,0.0,0.4,0.0,0.2358333333333333,SKIP,0.953333333333333,1.34666666666667,-0.233333333333333,0.153333333333333,False,False,2024,,0,0,0,0.0
HK_2535_HK_2024,2535.HK,泓基集团,2024-03-08,main_board_profitable,0,0.0,0.98,0.0,0.4,0.0,0.2358333333333333,SKIP,0.0847457627118645,0.0338983050847458,-0.0338983050847458,0.0338983050847458,False,False,2024,,0,0,0,0.0
HK_9879_HK_2024,9879.HK,米高集团,2024-03-21,main_board_profitable,4,45.58,1.28,0.2080900064217335,0.4,0.6807742849129778,0.2358333333333333,SKIP,-0.002444987775061,0.574572127139364,0.7286063569682151,0.647402599660996,False,False,2024,4.0,0,0,0,0.0
HK_2536_HK_2024,2536.HK,百乐皇宫,2024-03-26,main_board_profitable,1,18.85,1.29,0.1069833333333333,0.4,0.35,0.2358333333333333,SKIP,0.833333333333333,1.05333333333333,1.0,0.456666666666667,False,False,2024,1.0,0,0,0,0.0
HK_2598_HK_2024,2598.HK,连连数字,2024-03-28,main_board_profitable,2,55.52,1.89,0.185480780460344,0.6068073515605584,0.4,0.2358333333333333,SKIP,0.0307203389830509,-0.0148305084745761,-0.0021186440677965,0.0021186440677967,False,False,2024,2.0,0,0,0,0.0
HK_2497_HK_2024,2497.HK,富景中国控股,2024-03-28,main_board_profitable,0,0.0,0.96,0.0,0.4,0.0,0.2358333333333333,SKIP,-0.162162162162162,-0.27027027027027,-0.304054054054054,-0.331081081081081,False,False,2024,,0,0,0,0.0
HK_2555_HK_2024,2555.HK,茶百道,2024-04-23,main_board_profitable,0,0.0,1.11,0.0,0.4,0.0,0.2358333333333333,SKIP,-0.10625,-0.1875,-0.190772496462166,-0.20950351551155,False,False,2024,,0,0,0,0.0
HK_2515_HK_2024,2515.HK,天津建发,2024-04-23,main_board_profitable,0,0.0,1.02,0.0,0.4,0.0,0.2358333333333333,SKIP,0.0,-0.256578947368421,-0.151315789473684,-0.736842105263158,False,False,2024,,0,0,0,0.0
HK_2438_HK_2024,2438.HK,出门问问,2024-04-24,main_board_profitable,2,29.47,1.58,0.1588262220254917,0.5938353837999378,0.35,0.2358333333333333,SKIP,0.046195652173913,-0.328804347826087,-0.614130434782609,-0.8451086956521741,False,False,2024,2.0,0,0,0,0.0
HK_2556_HK_2024,2556.HK,迈富时,2024-05-16,main_board_profitable,2,15.19,1.03,0.1222666666666666,0.4,0.4,0.2358333333333333,SKIP,0.181994191674734,0.5556631171345601,0.904162633107454,0.588576960309777,False,False,2024,2.0,0,0,0,0.0
HK_2529_HK_2024,2529.HK,泓盈城市服务,2024-05-17,main_board_profitable,5,52.34,1.2,0.1222666666666666,0.4,0.4,0.2358333333333333,SKIP,-0.196261682242991,-0.146417445482866,-0.127725856697819,0.040826593734482,False,False,2024,5.0,0,0,0,0.0
HK_0917_HK_2024,0917.HK,趣致集团,2024-05-27,main_board_profitable,1,15.87,1.11,0.1069833333333333,0.4,0.35,0.2358333333333333,SKIP,0.134285714285714,0.554285714285714,0.431428571428572,1.2,False,False,2024,1.0,0,0,0,0.0
HK_2505_HK_2024,2505.HK,EDA集团控股,2024-05-28,main_board_profitable,2,22.7,0.98,0.1222666666666666,0.4,0.4,0.2358333333333333,SKIP,-0.266666666666667,0.304761904761905,-0.0714285714285715,-0.235058262225892,False,False,2024,2.0,1,1,0,0.5
HK_2443_HK_2024,2443.HK,汽车街,2024-05-31,main_board_profitable,0,0.0,0.98,0.0,0.4,0.0,0.2358333333333333,SKIP,-0.112828438948995,-0.450540958268933,-0.5193199381761979,-0.665378670788253,False,False,2024,,0,0,0,0.0
HK_2522_HK_2024,2522.HK,一脉阳光,2024-06-07,main_board_profitable,3,44.98,1.24,0.1222666666666666,0.4,0.4,0.2358333333333333,SKIP,0.281333333333333,0.188,0.324,2.06666666666667,False,False,2024,3.0,0,0,0,0.0
HK_2550_HK_2024,2550.HK,宜搜科技,2024-06-07,main_board_profitable,0,0.0,0.98,0.0,0.4,0.0,0.2358333333333333,SKIP,0.517985611510791,0.715827338129496,0.742805755395683,-0.613309352517986,False,False,2024,,0,0,0,0.0
HK_2512_HK_2024,2512.HK,云工场,2024-06-14,main_board_profitable,0,0.0,1.09,0.0,0.4,0.0,0.2358333333333333,SKIP,0.0,-0.0710526315789474,-0.0526315789473684,-0.486842105263158,False,False,2024,,0,0,0,0.0
HK_2881_HK_2024,2881.HK,武汉有机,2024-06-18,main_board_profitable,0,0.0,0.92,0.0,0.4,0.0,0.2358333333333333,SKIP,-0.116809116809117,-0.356125356125356,-0.401709401709402,-0.168965396836482,False,False,2024,,0,0,0,0.0
HK_6181_HK_2024,6181.HK,老铺黄金,2024-06-28,main_board_profitable,3,48.28,11.9,0.2358645753243908,0.7716398320318129,0.4,0.2358333333333333,SKIP,0.217142857142857,0.177142857142857,0.85,8.91428571428571,False,False,2024,3.0,0,0,0,0.0
HK_2559_HK_2024,2559.HK,嘀嗒出行,2024-06-28,main_board_profitable,0,0.0,1.28,0.0,0.4,0.0,0.2358333333333333,SKIP,-0.372043010752688,-0.617204301075269,-0.552688172043011,-0.737634408602151,False,False,2024,,0,0,0,0.0
HK_2479_HK_2024,2479.HK,天聚地合,2024-06-28,main_board_profitable,4,79.62,0.99,0.1222666666666666,0.4,0.4,0.2358333333333333,SKIP,0.0806317539484622,0.0640066500415628,-0.0074812967581046,0.304239401496259,False,False,2024,4.0,0,0,0,0.0
HK_1354_HK_2024,1354.HK,经发物业,2024-07-03,main_board_profitable,3,43.05,0.98,0.1222666666666666,0.4,0.4,0.2358333333333333,SKIP,-0.141566265060241,0.5481927710843371,1.93674698795181,2.6445783132530103,False,False,2024,3.0,0,0,0,0.0
HK_2545_HK_2024,2545.HK,中赣通信,2024-07-03,main_board_profitable,0,0.0,1.5,0.0,0.7053146164389523,0.0,0.2358333333333333,SKIP,-0.32089552238806,-0.485074626865672,-0.477611940298507,-0.544776119402985,False,False,2024,,0,0,0,0.0
HK_6086_HK_2024,6086.HK,方舟健客,2024-07-09,main_board_profitable,0,0.0,1.66,0.0,0.6029627760769276,0.0,0.2358333333333333,SKIP,0.0154525386313464,-0.0706401766004416,0.5452538631346581,-0.119205298013245,False,False,2024,,0,0,0,0.0
HK_6657_HK_2024,6657.HK,百望股份,2024-07-09,main_board_profitable,1,77.98,1.04,0.1069833333333333,0.4,0.35,0.2358333333333333,SKIP,-0.119537275064267,-0.0154241645244216,-0.0874035989717223,-0.089974293059126,False,False,2024,1.0,0,0,0,0.0
HK_9680_HK_2024,9680.HK,如祺出行,2024-07-10,main_board_profitable,4,77.07000000000001,1.17,0.192111583571871,0.4,0.6285002734085204,0.2358333333333333,SKIP,-0.179941002949852,-0.210914454277286,-0.256637168141593,-0.688495575221239,False,False,2024,4.0,0,0,0,0.0
HK_2495_HK_2024,2495.HK,声通科技,2024-07-10,main_board_profitable,2,40.2,1.24,0.1069833333333333,0.4,0.35,0.2358333333333333,SKIP,0.0511111111111112,0.644444444444444,0.386666666666667,0.807407407407407,False,False,2024,2.0,0,0,0,0.0
HK_1334_HK_2024,1334.HK,瑞昌国际控股,2024-07-10,main_board_profitable,3,44.04,0.97,0.1972611067797282,0.4,0.6453471323219026,0.2358333333333333,SKIP,-0.0416666666666667,-0.125,-0.258333333333333,-0.183333333333333,False,False,2024,3.0,0,0,0,0.0
HK_2507_HK_2024,2507.HK,西锐,2024-07-12,main_board_profitable,5,56.4,1.57,0.3439547159859719,0.7201353765450408,0.6250273659632424,0.2358333333333333,RELATIONSHIP,-0.103636363636364,-0.305454545454545,-0.1727272727272729,-0.0836363636363637,False,False,2024,5.0,0,0,0,0.0
HK_2531_HK_2024,2531.HK,广联科技控股,2024-07-15,main_board_profitable,1,29.44,1.06,0.1069833333333333,0.4,0.35,0.2358333333333333,SKIP,0.527083333333333,1.29166666666667,2.27083333333333,2.89583333333333,False,False,2024,1.0,0,0,0,0.0
HK_1471_HK_2024,1471.HK,众淼控股,2024-08-06,main_board_profitable,2,18.71,0.98,0.1069833333333333,0.4,0.35,0.2358333333333333,SKIP,-0.23265306122449,-0.0748299319727891,-0.0829931972789115,1.02721088435374,False,False,2024,2.0,0,0,0,0.0
HK_2549_HK_2024,2549.HK,卡罗特,2024-10-02,main_board_profitable,2,41.72,7.91,0.2331689679986091,0.7628210512495389,0.4,0.2358333333333333,SKIP,-0.256830601092896,-0.360655737704918,-0.450273224043716,-0.429508196721312,False,False,2024,2.0,0,0,0,0.0
HK_2576_HK_2024,2576.HK,太美医疗科技,2024-10-08,main_board_profitable,0,0.0,2.58,0.0,0.6469423668833868,0.0,0.2358333333333333,SKIP,-0.3619565217391299,-0.423913043478261,-0.547826086956522,-0.6326086956521739,False,False,2024,,0,0,0,0.0
HK_9639_HK_2024,9639.HK,荣利营造,2024-10-09,main_board_profitable,3,19.18,1.14,0.1859636629395259,0.4,0.6083871197585362,0.2358333333333333,SKIP,-0.290322580645161,-0.241935483870968,-0.32258064516129,0.580645161290322,False,False,2024,3.0,0,0,0,0.0
HK_2567_HK_2024,2567.HK,七牛智能,2024-10-16,main_board_profitable,1,40.0,1.02,0.1069833333333333,0.4,0.35,0.2358333333333333,SKIP,0.0,-0.1932773109243699,-0.4537815126050419,-0.126050420168067,False,False,2024,1.0,0,0,0,0.0
HK_2460_HK_2024,2460.HK,华润饮料,2024-10-23,main_board_profitable,9,47.73,24.47,0.4320339031574171,0.7658337518170285,0.7382360284332925,0.2358333333333333,TRIAL,-0.0731414868105515,-0.258992805755396,-0.311750599520384,-0.196700859307782,False,False,2024,9.0,0,0,0,0.0
HK_2510_HK_2024,2510.HK,德翔海运,2024-11-01,main_board_profitable,6,47.31,2.22,0.1845164614648283,0.6036525456864612,0.4,0.2358333333333333,SKIP,0.0195121951219512,0.0365853658536586,0.0487804878048781,1.53038797075628,False,False,2024,6.0,0,0,0,0.0
HK_2519_HK_2024,2519.HK,傲基股份,2024-11-08,main_board_profitable,3,23.46,2.45,0.2117168474610025,0.6926396318244359,0.4,0.2358333333333333,SKIP,-0.128798842257598,-0.125904486251809,-0.131693198263386,-0.399610524163702,False,False,2024,3.0,0,0,0,0.0
HK_2551_HK_2024,2551.HK,晶科电子股份,2024-11-08,main_board_profitable,0,0.0,6.95,0.0,0.6831554888913801,0.0,0.2358333333333333,SKIP,-0.151969981238274,-0.3808630393996249,-0.114446529080675,-0.34982665428671,False,False,2024,,0,0,0,0.0
HK_2582_HK_2024,2582.HK,国富氢能,2024-11-15,main_board_profitable,3,80.72,0.99,0.1222666666666666,0.4,0.4,0.2358333333333333,SKIP,0.2378205128205129,0.320512820512821,0.766666666666667,-0.185897435897436,False,False,2024,3.0,0,0,0,0.0
HK_2566_HK_2024,2566.HK,九源基因,2024-11-28,main_board_profitable,7,49.66,1.18,0.1222666666666666,0.4,0.4,0.2358333333333333,SKIP,0.049673202614379,-0.279738562091503,-0.156862745098039,0.918043032743153,False,False,2024,7.0,0,0,0,0.0
HK_2585_HK_2024,2585.HK,梦金园,2024-11-29,main_board_profitable,5,39.77,0.98,0.1222666666666666,0.4,0.4,0.2358333333333333,SKIP,-0.10077519379845,0.089922480620155,0.3720930232558139,0.239226778460051,False,False,2024,5.0,0,0,0,0.0
HK_2586_HK_2024,2586.HK,多点数智,2024-12-06,main_board_profitable,1,39.05,1.36,0.1069833333333333,0.4,0.35,0.2358333333333333,SKIP,-0.544202898550725,-0.597101449275362,-0.335507246376812,-0.22536231884058,False,False,2024,1.0,0,0,0,0.0
HK_2570_HK_2024,2570.HK,重塑能源,2024-12-06,main_board_profitable,1,45.18,1.33,0.1069833333333333,0.4,0.35,0.2358333333333333,SKIP,0.109449354180829,0.5418082936777701,0.408565601631543,-0.0129163834126445,False,False,2024,1.0,0,0,0,0.0
HK_1318_HK_2024,1318.HK,毛戈平,2024-12-10,main_board_profitable,6,33.31,30.34,0.3527243178246964,0.878683053073963,0.5253092669360665,0.2358333333333333,TRIAL,0.1121673003802279,0.377376425855513,0.950570342205323,0.940932224077596,False,False,2024,6.0,0,0,0,0.0
HK_2593_HK_2024,2593.HK,草姬集团,2024-12-19,main_board_profitable,3,22.4,1.79,0.1720099411097773,0.5627369938160656,0.4,0.2358333333333333,SKIP,-0.314009661835749,-0.507246376811594,-0.570048309178744,-0.664766867502578,False,False,2024,3.0,0,0,0,0.0
HK_0999_HK_2024,0999.HK,小菜园,2024-12-20,main_board_profitable,0,0.0,1.29,0.0,0.4,0.0,0.2358333333333333,SKIP,-0.0548654244306418,0.0372670807453416,0.140786749482402,0.246150004795885,False,False,2024,,0,0,0,0.0
HK_2431_HK_2024,2431.HK,佑驾创新,2024-12-27,main_board_profitable,2,81.09,1.09,0.1069833333333333,0.4,0.35,0.2358333333333333,SKIP,-0.0979381443298968,0.288659793814433,0.685567010309279,0.330927835051546,False,False,2024,2.0,0,0,0,0.0
HK_2587_HK_2024,2587.HK,健康之路,2024-12-30,main_board_profitable,1,51.23,0.98,0.1069833333333333,0.4,0.35,0.2358333333333333,SKIP,0.448405253283302,0.849906191369606,1.62664165103189,-0.167917448405253,False,False,2024,1.0,0,0,0,0.0
HK_2577_HK_2024,2577.HK,英诺赛科,2024-12-30,main_board_profitable,4,55.38,1.41,0.1984686546703662,0.4,0.6492976706773161,0.2358333333333333,SKIP,-0.0048387096774193,0.551612903225806,0.511290322580645,2.10967741935484,False,False,2024,4.0,0,0,0,0.0
HK_2506_HK_2024,2506.HK,讯飞医疗科技,2024-12-30,main_board_profitable,5,47.49,1.1,0.1222666666666666,0.4,0.4,0.2358333333333333,SKIP,-0.0275862068965518,0.304597701149425,0.436781609195402,0.203448275862069,False,False,2024,5.0,0,0,0,0.0
HK_2560_HK_2025,2560.HK,海螺材料科技,2025-01-09,main_board_profitable,6,69.92,1.04,0.1967511848834509,0.4,0.6436789036536018,0.2358333333333333,SKIP,-0.0764331210191083,-0.0891719745222931,0.0955414012738853,0.311745579261503,False,False,2025,6.0,0,0,0,0.0
HK_2613_HK_2025,2613.HK,汇舸环保,2025-01-09,main_board_profitable,1,24.43,0.95,0.1069833333333333,0.4,0.35,0.2358333333333333,SKIP,-0.112426035502959,-0.177514792899408,-0.142011834319527,-0.134963646004655,False,False,2025,1.0,0,0,0,0.0
HK_0325_HK_2025,0325.HK,布鲁可,2025-01-10,main_board_profitable,4,23.2,38.6,0.2450223143340525,0.8015997197406297,0.4,0.2358333333333333,SKIP,0.0623529411764706,0.05,0.351764705882353,0.0458823529411765,False,False,2025,4.0,0,0,0,0.0
HK_2530_HK_2025,2530.HK,纽曼思,2025-01-10,main_board_profitable,0,0.0,1.03,0.0,0.4,0.0,0.2358333333333333,SKIP,-0.0144927536231882,-0.0579710144927535,-0.0289855072463767,-0.0492672658084365,False,False,2025,,0,0,0,0.0
HK_2596_HK_2025,2596.HK,宜宾银行,2025-01-13,main_board_profitable,0,0.0,1.14,0.0,0.4,0.0,0.2358333333333333,SKIP,-0.0038314176245209,0.0,0.0,0.0212765957446807,False,False,2025,,0,0,0,0.0
HK_0805_HK_2025,0805.HK,新吉奥房车,2025-01-13,main_board_profitable,0,0.0,1.01,0.0,0.4,0.0,0.2358333333333333,SKIP,0.4795918367346939,-0.0306122448979592,0.214285714285714,0.122448979591837,False,False,2025,,0,0,0,0.0
HK_2571_HK_2025,2571.HK,赛目科技,2025-01-15,main_board_profitable,1,34.3,1.06,0.1069833333333333,0.4,0.35,0.2358333333333333,SKIP,-0.0106221547799697,-0.0030349013657055,-0.0318664643399089,-0.0174506828528073,False,False,2025,1.0,0,0,0,0.0
HK_1364_HK_2025,1364.HK,古茗,2025-02-12,main_board_profitable,5,30.5,15.03,0.3834644321252775,0.8695560975583038,0.5770844780140807,0.2358333333333333,TRIAL,0.0462365591397848,0.765591397849462,1.64516129032258,1.31397849462366,False,False,2025,5.0,0,0,0,0.0
HK_2097_HK_2025,2097.HK,蜜雪集团,2025-03-03,main_board_profitable,5,45.09,35.23,0.4406695700930588,0.8496110645441002,0.6787421387947351,0.2358333333333333,TRIAL,0.356551724137931,0.543448275862069,1.01551724137931,0.371724137931035,False,False,2025,5.0,0,0,0,0.0
HK_2610_HK_2025,2610.HK,南山铝业国际,2025-03-25,main_board_profitable,4,39.83,1.67,0.4722606777361575,0.8296868098708023,0.7448683317831889,0.2358333333333333,LARGE,-0.0396039603960396,0.0336633663366337,0.215841584158416,0.7383832897328609,False,False,2025,4.0,0,0,0,0.0
HK_2569_HK_2025,2569.HK,舒宝国际,2025-03-27,main_board_profitable,0,0.0,1.02,0.0,0.4,0.0,0.2358333333333333,SKIP,-0.253731343283582,0.313432835820895,1.22388059701493,0.4328358208955219,False,False,2025,,0,0,0,0.0
HK_2625_HK_2025,2625.HK,江苏宏信,2025-03-31,main_board_profitable,1,28.83,0.93,0.1069833333333333,0.4,0.35,0.2358333333333333,SKIP,-0.144,0.312,0.1119999999999999,0.684,False,False,2025,1.0,0,0,0,0.0
HK_3677_HK_2025,3677.HK,正力新能,2025-04-14,main_board_profitable,3,61.79,1.13,0.1478654001051618,0.4,0.4837472195370615,0.2358333333333333,SKIP,-0.0071513706793802,0.0965435041716327,0.213349225268176,0.0190703218116806,False,False,2025,3.0,0,0,0,0.0
HK_1333_HK_2025,1333.HK,博雷顿,2025-05-07,main_board_profitable,2,26.97,0.92,0.1069833333333333,0.4,0.35,0.2358333333333333,SKIP,-0.0522088353413653,0.369477911646587,0.120481927710843,-0.1847389558232929,False,False,2025,2.0,0,0,0,0.0
HK_2589_HK_2025,2589.HK,沪上阿姨,2025-05-08,main_board_profitable,2,25.97,2.57,0.1630533211384136,0.6096400852659181,0.35,0.2358333333333333,SKIP,-0.193813131313131,-0.119949494949495,-0.143308080808081,-0.4367759002124999,False,False,2025,2.0,0,0,0,0.0
HK_6831_HK_2025,6831.HK,绿茶集团,2025-05-16,main_board_profitable,8,50.0,7.2,0.2616642781306071,0.8560445304163808,0.4,0.2358333333333333,RELATIONSHIP,-0.0810810810810811,0.149443561208267,0.238016370403432,0.132372306795673,False,False,2025,8.0,0,0,0,0.0
HK_2621_HK_2025,2621.HK,手回集团,2025-05-30,main_board_profitable,2,24.93,1.13,0.1069833333333333,0.4,0.35,0.2358333333333333,SKIP,-0.181543116490166,-0.245083207261725,-0.252647503782148,-0.4780635400907719,False,False,2025,2.0,0,0,0,0.0
HK_2573_HK_2025,2573.HK,新琪安,2025-06-10,main_board_profitable,2,29.69,0.93,0.1069833333333333,0.4,0.35,0.2358333333333333,SKIP,-0.315032679738562,-0.437037037037037,-0.464923747276688,-0.7093681917211331,False,False,2025,2.0,0,0,0,0.0
HK_9881_HK_2025,9881.HK,容大科技,2025-06-10,main_board_profitable,7,43.63,0.96,0.1222666666666666,0.4,0.4,0.2358333333333333,SKIP,-0.0845070422535211,-0.296478873239437,-0.249295774647887,0.609859154929578,False,False,2025,7.0,0,0,0,0.0
HK_2605_HK_2025,2605.HK,METALIGHT,2025-06-10,main_board_profitable,0,0.0,2.49,0.0,0.6710371656647061,0.0,0.2358333333333333,SKIP,0.0044117647058823,-0.126470588235294,-0.263235294117647,-0.75,False,False,2025,,0,0,0,0.0
HK_2609_HK_2025,2609.HK,佰泽医疗,2025-06-23,main_board_profitable,1,26.53,0.98,0.1069833333333333,0.4,0.35,0.2358333333333333,SKIP,0.0283333333333333,0.0966666666666666,1.185,-0.425,False,False,2025,1.0,0,0,0,0.0
HK_2643_HK_2025,2643.HK,曹操出行,2025-06-25,main_board_profitable,6,51.252,2.78,0.3788113636979159,0.7434378497465552,0.6667917855728998,0.2358333333333333,TRIAL,-0.0236111111111112,0.619444444444444,0.519444444444444,-0.147222222222222,False,False,2025,6.0,0,0,0,0.0
HK_2619_HK_2025,2619.HK,香江电器,2025-06-25,main_board_profitable,3,44.0,1.08,0.1222666666666666,0.4,0.4,0.2358333333333333,SKIP,-0.0753968253968254,-0.0595238095238095,-0.226190476190476,-0.313492063492063,False,False,2025,3.0,0,0,0,0.0
HK_6168_HK_2025,6168.HK,周六福,2025-06-26,main_board_profitable,8,44.3842,13.55,0.3455075907619324,0.7272849010298676,0.621677188952771,0.2358333333333333,RELATIONSHIP,0.243333333333333,0.301333333333333,0.568666666666667,-0.279247152055473,False,False,2025,8.0,0,0,0,0.0
HK_6883_HK_2025,6883.HK,颖通控股,2025-06-26,main_board_profitable,0,0.0,3.5,0.0,0.7347105067680052,0.0,0.2358333333333333,SKIP,-0.0833333333333332,-0.108333333333333,-0.1375,-0.121318770226537,False,False,2025,,0,0,0,0.0
HK_2508_HK_2025,2508.HK,圣贝拉集团,2025-06-26,main_board_profitable,7,44.961,15.59,0.2304166028797212,0.753816585211738,0.4,0.2358333333333333,SKIP,-0.248863636363636,-0.15,-0.263636363636364,-0.422727272727273,False,False,2025,7.0,0,0,0,0.0
HK_9678_HK_2025,9678.HK,云知声,2025-06-30,main_board_profitable,3,29.65,1.7,0.2046066764066364,0.6693784397163678,0.4,0.2358333333333333,SKIP,0.420377867746289,1.4055330634277998,0.7881241565452091,-0.109986504723347,False,False,2025,3.0,0,0,0,0.0
HK_6603_HK_2025,6603.HK,IFBH,2025-06-30,main_board_profitable,11,26.74,22.93,0.3234879566693869,0.6377102733042251,0.663814315077697,0.2358333333333333,RELATIONSHIP,0.0253164556962024,-0.0212658227848102,-0.2141772151898729,-0.7144303797468351,False,False,2025,11.0,0,0,0,0.0
HK_3880_HK_2025,3880.HK,泰德医药,2025-06-30,main_board_profitable,2,15.26,2.43,0.2539709155280072,0.8308754052170356,0.4,0.2358333333333333,RELATIONSHIP,0.0097402597402597,0.0974025974025973,-0.0064935064935064,-0.29025974025974,False,False,2025,2.0,0,0,0,0.0
HK_1828_HK_2025,1828.HK,富卫集团,2025-07-07,main_board_profitable,2,56.2,2.32,0.1652103251779872,0.5404917944754218,0.4,0.2358333333333333,SKIP,-0.0039062499999999,-0.0104166666666666,0.2072916666666669,-0.197916666666667,False,False,2025,2.0,0,0,0,0.0
HK_2597_HK_2025,2597.HK,讯众通信,2025-07-09,main_board_profitable,1,31.39,1.01,0.1069833333333333,0.4,0.35,0.2358333333333333,SKIP,-0.0058910162002945,-0.0279823269513991,0.531664212076583,1.20913107511046,False,False,2025,1.0,0,0,0,0.0
HK_2651_HK_2025,2651.HK,大众口腔,2025-07-09,main_board_profitable,0,0.0,0.96,0.0,0.4,0.0,0.2358333333333333,SKIP,-0.135265700483092,-0.230917874396135,-0.357971014492754,-0.396135265700483,False,False,2025,,0,0,0,0.0
HK_6887_HK_2025,6887.HK,东阳光药,2025-08-07,main_board_profitable,0,0.0,0.0,0.0,0.5832551917514474,0.0,0.2358333333333333,SKIP,-0.0759599332220367,-0.16110183639399,-0.197662771285476,-0.238397328881469,False,False,2025,,0,0,0,0.0
HK_6960_HK_2025,6960.HK,双登股份,2025-08-26,main_board_profitable,1,28.1,18.75,0.2086962387420948,0.7802943962938582,0.35,0.2358333333333333,SKIP,-0.0855643044619422,0.2272965879265089,-0.116535433070866,,False,False,2025,1.0,0,0,0,0.0
HK_3858_HK_2025,3858.HK,佳鑫国际资源,2025-08-28,main_board_profitable,7,50.0,21.11,0.352402715358444,0.7209972164072963,0.6396134217413665,0.2358333333333333,TRIAL,0.0566908371786421,0.259063941990771,0.0711931443638761,,False,False,2025,7.0,0,0,0,0.0
HK_2580_HK_2025,2580.HK,奥克斯电气,2025-09-02,main_board_profitable,5,23.47,8.3,0.3538757053721566,0.7205836685303149,0.6426555218713897,0.2358333333333333,TRIAL,-0.0230582524271844,-0.158373786407767,-0.0315533980582524,,False,False,2025,5.0,2,0,2,0.4
HK_2543_HK_2025,2543.HK,大行科工,2025-09-09,main_board_profitable,4,25.42,21.65,0.3459686931586422,0.7939492311989631,0.5702377690974605,0.2358333333333333,RELATIONSHIP,0.130931458699473,-0.189455184534271,-0.274165202108963,,False,False,2025,4.0,0,0,0,0.0
HK_2656_HK_2025,2656.HK,健康160,2025-09-17,main_board_profitable,0,0.0,1.92,0.0,0.5300432350142686,0.0,0.2358333333333333,SKIP,0.0099220411055989,0.443656980864635,0.7788802267895111,,False,False,2025,,0,0,0,0.0
HK_6090_HK_2025,6090.HK,不同集团,2025-09-23,main_board_profitable,3,14.97,7.37,0.2850823256468084,0.6691188056575172,0.5575437701225074,0.2358333333333333,RELATIONSHIP,0.0146341463414634,-0.0302439024390243,0.0214634146341464,,False,False,2025,3.0,0,0,0,0.0
HK_9973_HK_2025,9973.HK,奇瑞汽车,2025-09-25,main_board_profitable,13,49.98,11.61,0.4339441175183466,0.8299222432319396,0.6842397673664187,0.2358333333333333,TRIAL,-0.0012531328320802,-0.0050125313283208,-0.0444862155388472,,False,False,2025,13.0,2,0,2,0.15384615384615385
HK_2259_HK_2025,2259.HK,紫金黄金国际,2025-09-30,main_board_profitable,29,49.94,20.38,0.3965286245076162,0.7030795247349857,0.738043574252146,0.2358333333333333,TRIAL,0.171641791044776,0.174129353233831,0.194029850746269,,False,False,2025,29.0,0,0,0,0.0
HK_2889_HK_2025,2889.HK,博泰车联,2025-09-30,main_board_profitable,3,43.56,3.72,0.2861160636800003,0.6885003657047881,0.543813489960782,0.2358333333333333,RELATIONSHIP,0.295541401273885,0.110828025477707,0.286624203821656,,False,False,2025,3.0,0,0,0,0.0
HK_2583_HK_2025,2583.HK,西普尼,2025-09-30,main_board_profitable,0,0.0,3.9,0.0,0.5959302692675091,0.0,0.2358333333333333,SKIP,0.556603773584906,0.575471698113208,0.5905660377358489,,False,False,2025,,0,0,0,0.0
HK_2652_HK_2025,2652.HK,长风药业,2025-10-08,main_board_profitable,0,0.0,12.74,0.0,0.5058633133163715,0.0,0.2358333333333333,SKIP,-0.254545454545455,-0.12987012987013,-0.168831168831169,,False,False,2025,,0,0,0,0.0
HK_2650_HK_2025,2650.HK,挚达科技,2025-10-10,main_board_profitable,0,0.0,2.37,0.0,0.5700534673445239,0.0,0.2358333333333333,SKIP,-0.0716112531969309,-0.0634271099744245,0.129411764705882,,False,False,2025,,0,0,0,0.0
HK_2637_HK_2025,2637.HK,海西新药,2025-10-20,main_board_profitable,1,17.23,6.3,0.2343122527414689,0.8760701146277075,0.35,0.2358333333333333,SKIP,0.0834932821497121,0.245681381957774,0.549904030710173,,False,False,2025,1.0,0,0,0,0.0
HK_6687_HK_2025,6687.HK,聚水潭,2025-10-21,main_board_profitable,13,48.49,22.89,0.3492423303566825,0.619925791774619,0.7372233505075033,0.2358333333333333,RELATIONSHIP,-0.12401055408971,-0.2875989445910289,-0.237994722955145,,False,False,2025,13.0,0,0,0,0.0
HK_6980_HK_2025,6980.HK,八马茶业,2025-10-28,main_board_profitable,0,0.0,13.58,0.0,0.8244587849664083,0.0,0.2358333333333333,SKIP,-0.217996786288163,-0.578146759507231,-0.6811997857525439,,False,False,2025,,0,0,0,0.0
HK_2698_HK_2025,2698.HK,乐舒适,2025-11-10,main_board_profitable,20,45.31,34.33,0.370711929902602,0.7137620420017668,0.6796651850257163,0.2358333333333333,TRIAL,-0.0654545454545455,-0.0375757575757575,-0.0484848484848485,,False,False,2025,20.0,4,0,4,0.2
HK_2788_HK_2025,2788.HK,创新实业,2025-11-24,main_board_profitable,18,49.6,19.85,0.4182445013915621,0.6851813484871603,0.798797354775507,0.2358333333333333,TRIAL,0.200822481151474,0.528444139821796,0.661411925976696,,False,False,2025,18.0,0,0,0,0.0
HK_2685_HK_2025,2685.HK,量化派,2025-11-27,main_board_profitable,0,0.0,15.07,0.0,0.7148242143842702,0.0,0.2358333333333333,SKIP,0.535135135135135,0.8594594594594589,0.7621621621621619,,False,False,2025,,0,0,0,0.0
HK_9609_HK_2025,9609.HK,海伟股份,2025-11-28,main_board_profitable,1,42.67,6.11,0.2057214080948077,0.7691718015696193,0.35,0.2358333333333333,SKIP,0.0190909090909092,-0.204545454545455,-0.152727272727273,,False,False,2025,1.0,0,0,0,0.0
HK_2539_HK_2025,2539.HK,乐摩科技,2025-12-03,main_board_profitable,0,0.0,6.78,0.0,0.6490063754034895,0.0,0.2358333333333333,SKIP,0.223853211009174,-0.3001834862385319,-0.655229357798165,,False,False,2025,,0,0,0,0.0
HK_2693_HK_2025,2693.HK,金岩高岭新材,2025-12-03,main_board_profitable,4,42.97,2.01,0.2248289595612354,0.7355363998731803,0.4,0.2358333333333333,SKIP,-0.134048257372654,-0.297587131367292,-0.390080428954424,,False,False,2025,4.0,0,0,0,0.0
HK_2658_HK_2025,2658.HK,天域半导体,2025-12-05,main_board_profitable,2,9.26,2.47,0.1878131364101796,0.7022145620570669,0.35,0.2358333333333333,SKIP,0.121481481481482,0.316049382716049,0.154074074074074,,False,False,2025,2.0,0,0,0,0.0
HK_2408_HK_2025,2408.HK,遇见小面,2025-12-05,main_board_profitable,6,24.95,4.99,0.2862791706473063,0.6257785571105638,0.598661022638765,0.2358333333333333,RELATIONSHIP,-0.0118110236220473,-0.114173228346457,-0.0984251968503937,,False,False,2025,6.0,0,0,0,0.0
HK_2687_HK_2025,2687.HK,卓越睿新,2025-12-08,main_board_profitable,0,0.0,2.33,0.0,0.7629666122190512,0.0,0.2358333333333333,SKIP,0.281645569620253,0.272151898734177,0.132120253164557,,False,False,2025,,0,0,0,0.0
HK_2665_HK_2025,2665.HK,图达通,2025-12-10,main_board_profitable,0,0.0,0.0,0.0,0.6604865096539032,0.0,0.2358333333333333,SKIP,0.278195488721804,-0.161654135338346,-0.232330827067669,,False,False,2025,,0,0,0,0.0
HK_7618_HK_2025,7618.HK,京东工业,2025-12-11,main_board_profitable,7,44.44,7.88,0.3310766566680319,0.6380780535429945,0.6789951368910223,0.2358333333333333,RELATIONSHIP,-0.0127659574468085,-0.10709219858156,-0.051063829787234,,False,False,2025,7.0,0,0,0,0.0
HK_2655_HK_2025,2655.HK,果下科技,2025-12-16,main_board_profitable,3,9.49,3.63,0.1816584974585896,0.6038330738922909,0.3936866889949706,0.2358333333333333,SKIP,-0.0465753424657534,0.341324200913242,0.0602739726027397,,False,False,2025,3.0,0,0,0,0.0
HK_3887_HK_2025,3887.HK,HASHKEY HLDGS,2025-12-17,main_board_profitable,9,36.31,5.46,0.3137068156022304,0.6137621005994667,0.6688608819164749,0.2358333333333333,RELATIONSHIP,-0.140929535232384,0.0074962518740629,-0.274362818590705,,False,False,2025,9.0,0,0,0,0.0
HK_2546_HK_2025,2546.HK,智汇矿业,2025-12-19,main_board_profitable,3,40.78,2.68,0.316557222945717,0.6324826335019504,0.6549611386891384,0.2358333333333333,RELATIONSHIP,0.0976744186046511,0.852325581395349,0.565116279069768,,False,False,2025,3.0,2,0,2,0.6666666666666666
HK_2581_HK_2025,2581.HK,明基医院,2025-12-22,main_board_profitable,3,49.63,1.28,0.191005979515759,0.4,0.6248832481431592,0.2358333333333333,SKIP,-0.129237288135593,-0.203389830508475,-0.269067796610169,,False,False,2025,3.0,0,0,0,0.0
HK_2695_HK_2025,2695.HK,印象大红袍,2025-12-22,main_board_profitable,0,0.0,1.91,0.0,0.7746566676967939,0.0,0.2358333333333333,SKIP,-0.0901287553648068,-0.158798283261803,-0.210300429184549,,False,False,2025,,0,0,0,0.0
HK_2661_HK_2025,2661.HK,轻松健康,2025-12-23,main_board_profitable,1,18.09,2.9,0.1582132734546532,0.591543630302489,0.35,0.2358333333333333,SKIP,0.272572402044293,0.621805792163543,1.66439522998296,,False,False,2025,1.0,0,0,0,0.0
HK_2635_HK_2025,2635.HK,诺比侃,2025-12-23,main_board_profitable,0,0.0,2.08,0.0,0.8164496951178123,0.0,0.2358333333333333,SKIP,-0.0690026954177897,0.3827493261455529,0.497304582210243,,False,False,2025,,0,0,0,0.0
HK_2671_HK_2025,2671.HK,美联股份,2025-12-30,main_board_profitable,4,29.49,1.48,0.1920471100130845,0.4,0.6282893457352821,0.2358333333333333,SKIP,-0.0314136125654449,-0.451570680628272,-0.467277486910995,,False,False,2025,4.0,0,0,0,0.0
HK_2657_HK_2025,2657.HK,林清轩,2025-12-30,main_board_profitable,7,44.43,19.79,0.3599958824388414,0.7113300353577311,0.6622749018701132,0.2358333333333333,TRIAL,-0.0235294117647059,0.0035294117647058,-0.258823529411765,,False,False,2025,7.0,0,0,0,0.0
HK_3317_HK_2025,3317.HK,迅策,2025-12-30,main_board_profitable,9,28.49,3.1,0.3123220390677696,0.6637914270248473,0.6157194923609188,0.2358333333333333,RELATIONSHIP,0.0049484536082474,0.422680412371134,3.21030927835052,,False,False,2025,9.0,0,0,0,0.0
HK_6600_HK_2025,6600.HK,卧安机器人,2025-12-30,main_board_profitable,9,42.67,8.9,0.3631528743118811,0.7113181914434692,0.66809386032191,0.2358333333333333,TRIAL,0.401489505754909,1.64319566689235,0.312796208530806,,False,False,2025,9.0,4,0,4,0.4444444444444444
HK_3696_HK_2025,3696.HK,英矽智能,2025-12-30,main_board_profitable,16,39.33,26.27,0.4208108978408116,0.7421860970219494,0.7419695355896004,0.2358333333333333,TRIAL,0.350900600400267,1.4416277518345602,0.957971981320881,,False,False,2025,16.0,0,0,0,0.0
HK_9903_HK_2026,9903.HK,天数智芯,2026-01-08,main_board_profitable,19,43.010000000000005,10.68,0.4220127662695203,0.7100120705949209,0.7778068566897945,0.2358333333333333,TRIAL,0.122448979591837,0.641581632653061,1.00765306122449,,False,False,2026,19.0,2,0,2,0.10526315789473684
HK_3636_HK_2026,3636.HK,金浔资源,2026-01-09,main_board_profitable,8,42.5,12.78,0.4300669147042027,0.7543636314084313,0.7460487399685257,0.2358333333333333,TRIAL,0.0417989417989419,0.097883597883598,-0.3280423280423279,,False,False,2026,8.0,0,0,0,0.0
HK_1641_HK_2026,1641.HK,红星冷链,2026-01-13,main_board_profitable,1,7.66,1.65,0.17037010569159,0.6369968120576666,0.35,0.2358333333333333,SKIP,-0.190243902439024,-0.359349593495935,-0.416260162601626,,False,False,2026,1.0,0,0,0,0.0
HK_1768_HK_2026,1768.HK,鸣鸣很忙,2026-01-28,main_board_profitable,8,41.4,44.44,0.3602135420179709,0.689923443698963,0.6832364753940857,0.2358333333333333,TRIAL,-0.0015,0.0509999999999999,0.0875,,False,False,2026,8.0,0,0,0,0.0
HK_2677_HK_2026,2677.HK,卓正医疗,2026-02-06,main_board_profitable,4,31.59,5.79,0.1726561407799793,0.5648510603488963,0.4,0.2358333333333333,SKIP,-0.14580265095729,-0.209867452135493,,,False,False,2026,4.0,0,0,0,0.0
HK_2720_HK_2026,2720.HK,乐欣户外,2026-02-10,main_board_profitable,2,37.62,2.94,0.2119081260248272,0.7923033221056011,0.35,0.2358333333333333,SKIP,0.109765940274415,0.10088781275222,,,False,False,2026,2.0,0,0,0,0.0
HK_0600_HK_2026,0600.HK,爱芯元智,2026-02-10,main_board_profitable,16,48.760000000000005,6.8,0.4239910284272253,0.7127943231605187,0.7784027207339084,0.2358333333333333,TRIAL,0.202127659574468,-0.285815602836879,,,False,False,2026,16.0,0,0,0,0.0
HK_2706_HK_2026,2706.HK,海致科技集团,2026-02-13,main_board_profitable,4,15.36,8.39,0.2855216968743913,0.6594037727936761,0.5666300448717867,0.2358333333333333,RELATIONSHIP,0.165226781857452,-0.456263498920086,,,False,False,2026,4.0,0,0,0,0.0
HK_2649_HK_2026,2649.HK,优乐赛共享,2026-03-09,main_board_profitable,0,0.0,4.2,0.0,0.6419903053713373,0.0,0.2358333333333333,SKIP,-0.167741935483871,-0.370967741935484,,,False,False,2026,,0,0,0,0.0
HK_7489_HK_2026,7489.HK,岚图汽车,2026-03-19,main_board_profitable,0,0.0,0.0,0.0,0.6127003693830699,0.0,0.2358333333333333,SKIP,-0.187403993855607,-0.1321044546851,,,False,False,2026,,0,0,0,0.0
HK_3355_HK_2026,3355.HK,飞速创新,2026-03-23,main_board_profitable,11,42.29,10.92,0.4249863743368025,0.8440749069937062,0.6588793962480456,0.2358333333333333,TRIAL,-0.0838983050847458,,,,False,False,2026,11.0,0,0,0,0.0
HK_2729_HK_2026,2729.HK,凯乐士科技,2026-03-24,main_board_profitable,0,0.0,3.37,0.0,0.6528863109660432,0.0,0.2358333333333333,SKIP,-0.0221498371335505,,,,False,False,2026,,0,0,0,0.0
HK_2632_HK_2026,2632.HK,泽景股份,2026-03-24,main_board_profitable,2,15.33,1.34,0.1222666666666666,0.4,0.4,0.2358333333333333,SKIP,0.614060258249641,,,,False,False,2026,2.0,0,0,0,0.0
HK_2726_HK_2026,2726.HK,瀚天天成,2026-03-30,main_board_profitable,1,46.8,1.95,0.1692876794407077,0.6329497283964769,0.35,0.2358333333333333,SKIP,0.1194174757281549,,,,False,False,2026,1.0,0,0,0,0.0
HK_0664_HK_2026,0664.HK,铜师傅,2026-03-31,main_board_profitable,1,6.75,1.47,0.1069833333333333,0.4,0.35,0.2358333333333333,SKIP,-0.0786885245901639,,,,False,False,2026,1.0,0,0,0,0.0
HK_6656_HK_2026,6656.HK,思格新能,2026-04-16,main_board_profitable,21,49.82,31.2,0.446485820132478,0.7906059697406296,0.7390256155221943,0.2358333333333333,TRIAL,-0.146322971948446,,,,False,False,2026,21.0,0,0,0,0.0
HK_0068_HK_2026,0068.HK,MANYCORE TECH,2026-04-17,main_board_profitable,9,37.120000000000005,14.46,0.3866716882920421,0.7156480316107056,0.707057614915245,0.2358333333333333,TRIAL,0.531182795698925,,,,False,False,2026,9.0,0,0,0,0.0
HK_3277_HK_2026,3277.HK,长光辰芯,2026-04-17,main_board_profitable,30,49.96,22.69,0.3333044202204568,0.6188242019988013,0.7048321297296437,0.2358333333333333,RELATIONSHIP,0.21,,,,False,False,2026,30.0,6,0,6,0.2
HK_1609_HK_2026,1609.HK,天星医疗,2026-05-05,main_board_profitable,4,34.7,10.41,0.4005661265542544,0.826761972260687,0.6340239137081659,0.2358333333333333,TRIAL,,,,,False,False,2026,4.0,2,0,2,0.5
