thscode,name,apply_date,listing_date,apply_listing_lag_days,d1_open,d30_close,return_d30,n_days,status
2250.HK,小黄鸭德盈,2022-02-06,2022-01-17,-20,2.6,1.83,-0.2961538461538461,55,ok
1406.HK,清晰医疗,2022-03-14,2022-02-18,-24,1.59,1.25,-0.21383647798742145,56,ok
2157.HK,乐普生物-B,2022-03-17,2022-02-23,-22,7.13,6.5,-0.08835904628330993,54,ok
9866.HK,蔚来-SW,2022-02-28,2022-03-10,10,160.0,130.9,-0.181875,34,ok
7836.HK,Aquila Acq-Z,2022-03-17,2022-03-18,1,9.7,9.18,-0.05360824742268033,37,ok
6639.HK,瑞尔集团,2022-04-13,2022-03-22,-22,14.6,12.5,-0.14383561643835618,53,ok
6655.HK,华新建材,2022-03-22,2022-03-28,6,14.74,13.82,-0.062415196743555,35,ok
0587.HK,海螺环保,2022-03-22,2022-03-30,8,10.0,6.28,-0.372,33,ok
2179.HK,瑞科生物-B,2022-04-24,2022-03-31,-24,25.0,24.55,-0.018000000000000016,55,ok
9638.HK,法拉帝,2022-04-24,2022-03-31,-24,23.05,22.95,-0.004338394793926281,55,ok
2390.HK,知乎-W,2022-05-15,2022-04-22,-23,24.95,28.1,0.12625250501002006,56,ok
2352.HK,东原仁知服务,2022-05-23,2022-04-29,-24,11.9,11.16,-0.06218487394957983,57,ok
2423.HK,贝壳-W,2022-05-05,2022-05-11,6,30.0,46.0,0.5333333333333334,37,ok
7827.HK,VISION DEAL-Z,2022-06-09,2022-06-10,1,10.0,9.85,-0.015000000000000013,41,ok
6667.HK,美因基因,2022-06-21,2022-06-22,1,19.48,17.72,-0.09034907597535946,42,ok
2246.HK,快狗打车,2022-07-18,2022-06-24,-24,21.5,5.0,-0.7674418604651163,59,ok
2167.HK,天润云,2022-07-24,2022-06-30,-24,12.84,9.97,-0.22352024922118374,59,ok
6638.HK,金融壹账通,2022-06-28,2022-07-04,6,5.3,3.49,-0.3415094339622641,40,ok
2391.HK,涂鸦智能-W,2022-07-27,2022-07-05,-22,19.56,13.26,-0.32208588957055206,58,ok
9955.HK,智云健康,2022-07-28,2022-07-06,-22,30.5,17.8,-0.41639344262295075,58,ok
2392.HK,玄武云,2022-07-31,2022-07-08,-23,6.24,6.05,-0.030448717948718063,59,ok
2297.HK,润迈德-B,2022-08-01,2022-07-08,-24,5.6,4.02,-0.28214285714285714,60,ok
2385.HK,读书郎,2022-08-04,2022-07-12,-23,5.4,6.84,0.2666666666666666,59,ok
9896.HK,名创优品,2022-08-05,2022-07-13,-23,13.2,11.46,-0.13181818181818172,58,ok
6686.HK,诺亚控股,2022-08-05,2022-07-13,-23,285.0,289.8,0.01684210526315799,58,ok
9696.HK,天齐锂业,2022-08-05,2022-07-13,-23,74.5,85.6,0.148993288590604,58,ok
6661.HK,湖州燃气,2022-08-04,2022-07-13,-22,5.98,4.98,-0.16722408026755853,58,ok
1204.HK,博维智慧,2022-08-05,2022-07-15,-21,1.14,1.14,0.0,56,ok
2172.HK,微创脑科学,2022-08-07,2022-07-15,-23,24.7,24.4,-0.012145748987854255,58,ok
2418.HK,德银天下,2022-08-08,2022-07-15,-24,1.75,1.3,-0.2571428571428571,59,ok
9857.HK,柠萌影视,2022-09-02,2022-08-10,-23,27.75,25.7,-0.0738738738738739,58,ok
7841.HK,汇德收购-Z,2022-08-12,2022-08-15,3,10.0,10.0,0.0,3,partial_3d
1880.HK,中国中免,2022-09-19,2022-08-25,-25,120.0,199.0,0.6583333333333334,60,ok
2315.HK,百奥赛图-B,2022-09-23,2022-09-01,-22,26.3,26.45,0.005703422053231932,57,ok
9886.HK,叮当健康,2022-10-06,2022-09-14,-22,12.34,11.94,-0.03241491085899517,58,ok
7801.HK,Interra Acq-Z,2022-09-15,2022-09-16,1,9.78,10.0,0.02249488752556239,41,ok
1698.HK,腾讯音乐-SW,2022-09-15,2022-09-21,6,18.0,14.86,-0.1744444444444445,38,ok
2350.HK,数科集团,2022-10-17,2022-09-26,-21,0.9,0.425,-0.5277777777777778,59,ok
9863.HK,零跑汽车,2022-10-23,2022-09-29,-24,41.0,19.3,-0.5292682926829269,60,ok
3931.HK,中创新航,2022-10-28,2022-10-06,-22,38.0,22.9,-0.3973684210526316,57,ok
9877.HK,健世科技-B,2022-10-31,2022-10-10,-21,28.0,32.6,0.16428571428571437,58,ok
1489.HK,GC CONSTRUCTION,2022-10-07,2022-10-10,3,0.62,0.53,-0.14516129032258063,42,ok
2422.HK,润歌互动,2022-11-06,2022-10-17,-20,1.3,2.82,1.169230769230769,56,ok
6610.HK,飞天云动,2022-11-07,2022-10-18,-20,2.21,4.43,1.004524886877828,56,ok
2367.HK,巨子生物,2022-11-27,2022-11-04,-23,26.0,31.2,0.19999999999999996,54,ok
2291.HK,心泰医疗,2022-12-01,2022-11-08,-23,29.8,29.0,-0.02684563758389269,54,ok
6696.HK,多想云,2022-12-02,2022-11-09,-23,2.91,0.64,-0.7800687285223368,54,ok
1407.HK,交运燃气,2022-12-08,2022-11-16,-22,1.52,0.85,-0.4407894736842105,53,ok
3660.HK,奇富科技-S,2022-12-06,2022-11-29,-7,50.6,88.3,0.7450592885375493,43,ok
2245.HK,力勤资源,2022-12-28,2022-12-01,-27,15.8,14.6,-0.07594936708860767,56,ok
6963.HK,阳光保险,2022-12-08,2022-12-09,1,5.83,4.84,-0.16981132075471705,36,ok
2440.HK,迷策略,2022-12-09,2022-12-12,3,2.22,1.68,-0.2432432432432433,36,ok
2407.HK,高视医疗,2023-01-04,2022-12-12,-23,51.2,51.4,0.00390625,54,ok
3611.HK,花房集团,2023-01-04,2022-12-12,-23,3.29,2.38,-0.27659574468085113,54,ok
6689.HK,洪九果品,2023-03-14,2022-12-14,-90,71.0,27.2,-0.6169014084507043,98,ok
1947.HK,美皓集团,2023-01-05,2022-12-14,-22,0.76,0.51,-0.32894736842105265,53,ok
1244.HK,思路迪医药股份,2023-01-09,2022-12-15,-25,29.0,58.65,1.022413793103448,56,ok
9985.HK,卫龙美味,2023-01-09,2022-12-15,-25,10.2,11.18,0.09607843137254912,56,ok
2076.HK,BOSS直聘-W,2022-12-16,2022-12-22,6,77.85,89.15,0.14515093127809897,33,ok
2145.HK,上美股份,2023-01-16,2022-12-22,-25,25.2,27.5,0.09126984126984139,56,ok
0314.HK,思派健康,2023-01-15,2022-12-23,-23,23.7,20.35,-0.14135021097046407,54,ok
6698.HK,星空华文,2023-01-19,2022-12-29,-21,32.55,102.5,2.1490015360983103,54,ok
3896.HK,金山云,2022-12-23,2022-12-30,7,1.99,2.37,0.1909547738693469,34,ok
6955.HK,博安生物,2023-01-25,2022-12-30,-26,19.9,14.22,-0.28542713567839184,57,ok
2425.HK,澳亚集团,2023-03-01,2022-12-30,-61,6.1,5.04,-0.17377049180327864,79,ok
9658.HK,特海国际,2022-12-19,2022-12-30,11,7.0,16.54,1.3628571428571425,32,ok
6922.HK,康沣生物-B,2022-12-29,2022-12-30,1,18.5,15.06,-0.18594594594594593,38,ok
7855.HK,TECHSTARACQ-Z,2022-12-22,2023-01-06,15,8.5,9.99,0.17529411764705882,29,partial_29d
2402.HK,亿华通,2023-02-06,2023-01-12,-25,60.0,60.55,0.009166666666666545,57,ok
2147.HK,正味集团,2023-02-10,2023-01-13,-28,0.74,0.48,-0.3513513513513513,57,ok
2458.HK,望尘科技控股,2023-01-13,2023-01-16,3,5.0,6.35,0.27,39,ok
2373.HK,美丽田园医疗健康,2023-02-05,2023-01-16,-20,30.5,25.0,-0.180327868852459,55,ok
2411.HK,百果园集团,2023-02-08,2023-01-16,-23,6.52,6.4,-0.018404907975460016,55,ok
2306.HK,乐华娱乐,2023-02-12,2023-01-19,-24,5.6,4.56,-0.18571428571428572,55,ok
2450.HK,淮北绿金股份,2023-02-12,2023-01-20,-23,1.21,0.81,-0.3305785123966941,54,ok
2152.HK,苏新服务,2023-04-27,2023-01-27,-90,8.6,7.98,-0.0720930232558139,101,ok
2482.HK,维天运通,2023-04-03,2023-03-09,-25,2.81,2.76,-0.017793594306049876,57,ok
2421.HK,嘉创地产,2023-03-03,2023-03-23,20,1.76,1.35,-0.23295454545454541,25,partial_25d
1405.HK,达势股份,2023-04-03,2023-03-28,-6,46.0,50.5,0.09782608695652173,44,ok
2409.HK,洲际船务,2023-04-16,2023-03-29,-18,3.28,2.82,-0.1402439024390244,52,ok
2433.HK,中天湖南集团,2023-04-24,2023-03-30,-25,2.92,2.49,-0.14726027397260266,56,ok
2405.HK,力盟科技,2023-04-23,2023-03-31,-23,0.76,2.2,1.8947368421052633,54,ok
9669.HK,北森控股,2023-05-04,2023-04-13,-21,29.6,8.89,-0.6996621621621621,55,ok
6623.HK,陆控,2023-04-11,2023-04-14,3,33.5,21.8,-0.3492537313432835,39,ok
2415.HK,梅斯健康,2023-04-26,2023-04-27,1,8.85,10.16,0.14802259887005653,39,ok
6979.HK,珍酒李渡,2023-05-25,2023-04-27,-28,9.0,6.93,-0.22999999999999998,59,ok
2442.HK,怡俊集团控股,2023-05-29,2023-05-09,-20,0.87,1.38,0.586206896551724,56,ok
9930.HK,宏信建发,2023-06-19,2023-05-25,-25,3.26,2.64,-0.1901840490797545,59,ok
2416.HK,易点云,2023-06-18,2023-05-25,-24,9.46,10.08,0.06553911205073981,58,ok
2487.HK,科笛-B,2023-07-05,2023-06-12,-23,21.8,20.5,-0.059633027522935755,57,ok
2105.HK,来凯医药-B,2023-06-28,2023-06-29,1,12.44,17.7,0.42282958199356924,41,ok
9860.HK,艾迪康控股,2023-07-23,2023-06-30,-23,12.32,12.88,0.045454545454545414,57,ok
6990.HK,科伦博泰生物,2023-08-03,2023-07-11,-23,60.6,83.0,0.36963696369636967,56,ok
3650.HK,KEEP,2023-07-11,2023-07-12,1,30.3,30.5,0.0066006600660066805,40,ok
6683.HK,巨星传奇,2023-08-04,2023-07-13,-22,5.75,6.08,0.05739130434782602,55,ok
1284.HK,新传企划,2023-07-14,2023-07-18,4,0.88,0.49,-0.44318181818181823,39,ok
2271.HK,众安智慧生活,2023-08-10,2023-07-18,-23,1.2,0.87,-0.275,57,ok
6660.HK,艾美疫苗,2023-10-23,2023-07-25,-90,46.75,45.05,-0.036363636363636376,105,ok
2372.HK,伟立控股,2023-10-27,2023-07-31,-88,0.44,0.45,0.022727272727272707,101,ok
1541.HK,宜明昂科-B,2023-09-28,2023-09-05,-23,21.2,28.1,0.32547169811320775,57,ok
2490.HK,乐舱物流,2023-10-18,2023-09-25,-23,5.13,4.98,-0.029239766081871288,58,ok
2496.HK,友芝友生物-B,2023-10-19,2023-09-25,-24,16.4,9.8,-0.4024390243902438,59,ok
9690.HK,途虎-W,2023-10-19,2023-09-26,-23,28.0,33.0,0.1785714285714286,58,ok
6682.HK,范式智能,2023-10-23,2023-09-28,-25,63.1,49.15,-0.2210776545166403,60,ok
9890.HK,贪玩,2023-10-23,2023-09-28,-25,13.78,12.12,-0.12046444121915822,60,ok
9686.HK,熙康云医院,2023-09-27,2023-09-28,1,3.69,1.76,-0.5230352303523036,40,ok
2501.HK,迈越科技,2023-10-10,2023-10-11,1,1.23,1.3,0.05691056910569103,42,ok
9676.HK,十月稻田,2023-10-11,2023-10-12,1,16.6,27.5,0.6566265060240963,41,ok
0816.HK,金茂服务,2024-01-18,2023-10-20,-90,2.13,1.78,-0.164319248826291,101,ok
1519.HK,极兔速递-W,2023-11-19,2023-10-27,-23,12.0,13.1,0.09166666666666656,57,ok
2517.HK,锅圈,2023-11-27,2023-11-02,-25,5.98,8.7,0.4548494983277589,59,ok
2429.HK,友宝在线,2023-11-02,2023-11-03,1,12.5,15.8,0.264,39,ok
2473.HK,喜相逢集团,2023-11-08,2023-11-09,1,2.18,2.19,0.004587155963302614,39,ok
1111.HK,华视集团控股,2023-11-09,2023-11-10,1,1.65,1.7,0.030303030303030276,39,ok
2499.HK,佛朗斯股份,2023-12-04,2023-11-10,-24,15.48,14.8,-0.043927648578811374,58,ok
2268.HK,药明合联,2023-12-10,2023-11-17,-23,26.95,31.5,0.16883116883116878,57,ok
2520.HK,山西安装,2023-12-15,2023-11-22,-23,2.18,2.26,0.0366972477064218,55,ok
2237.HK,中国石墨,2024-03-01,2023-12-04,-88,0.54,0.44,-0.18518518518518523,99,ok
2521.HK,升辉清洁,2023-12-04,2023-12-05,1,0.3,0.3,0.0,41,ok
9663.HK,国鸿氢能,2023-12-04,2023-12-05,1,16.5,16.6,0.0060606060606061,41,ok
2483.HK,K CASH集团,2024-01-02,2023-12-05,-28,1.61,1.65,0.024844720496894235,59,ok
6929.HK,业聚医疗,2024-03-07,2023-12-08,-90,5.8,5.72,-0.01379310344827589,98,ok
1497.HK,燕之屋,2024-01-08,2023-12-12,-27,10.5,9.69,-0.07714285714285718,59,ok
0666.HK,瑞浦兰钧,2023-12-15,2023-12-18,3,18.6,17.56,-0.05591397849462376,37,ok
2502.HK,金源氢化,2024-01-15,2023-12-20,-26,1.06,0.89,-0.1603773584905661,58,ok
1274.HK,知行科技,2023-12-19,2023-12-20,1,29.55,52.85,0.7884940778341794,38,ok
2511.HK,君圣泰医药-B,2023-12-21,2023-12-22,1,11.92,11.7,-0.01845637583892623,37,ok
2149.HK,贝克微,2024-01-22,2023-12-28,-25,25.05,20.0,-0.20159680638722555,59,ok
2498.HK,速腾聚创,2024-02-01,2024-01-05,-27,43.0,35.05,-0.18488372093023264,58,ok
6959.HK,长久股份,2024-01-08,2024-01-09,1,6.1,8.32,0.36393442622950833,42,ok
2503.HK,中深建业,2024-01-08,2024-01-09,1,0.81,1.22,0.5061728395061726,42,ok
2453.HK,美中嘉和,2024-01-08,2024-01-09,1,9.8,15.68,0.5999999999999999,42,ok
2477.HK,经纬天地,2024-02-08,2024-01-12,-27,1.77,3.76,1.1242937853107344,57,ok
9880.HK,优必选,2024-05-15,2024-02-15,-90,87.95,192.4,1.1876065946560548,100,ok
2535.HK,泓基集团,2024-04-05,2024-03-08,-28,0.65,0.6,-0.07692307692307698,58,ok
2540.HK,乐思集团,2024-04-05,2024-03-08,-28,0.9,3.65,3.0555555555555554,58,ok
2509.HK,荃信生物-B,2024-03-19,2024-03-20,1,27.4,26.35,-0.038321167883211604,38,ok
2536.HK,百乐皇宫,2024-04-22,2024-03-26,-27,2.75,5.97,1.170909090909091,58,ok
2598.HK,连连数字,2024-04-24,2024-03-28,-27,9.8,9.4,-0.04081632653061229,56,ok
2497.HK,富景中国控股,2024-04-24,2024-03-28,-27,2.13,1.05,-0.5070422535211268,56,ok
2325.HK,云康集团,2024-06-28,2024-04-02,-87,11.16,10.66,-0.04480286738351258,101,ok
2555.HK,茶百道,2024-05-20,2024-04-23,-27,15.74,10.12,-0.3570520965692504,60,ok
2515.HK,天津建发,2024-05-20,2024-04-23,-27,1.88,1.16,-0.3829787234042553,60,ok
2438.HK,出门问问,2024-05-19,2024-04-24,-25,2.98,2.36,-0.20805369127516782,58,ok
2556.HK,迈富时,2024-05-14,2024-05-16,2,45.0,80.0,0.7777777777777777,40,ok
2898.HK,盛禾生物-B,2024-05-23,2024-05-24,1,14.46,5.36,-0.6293222683264177,40,ok
0917.HK,趣致集团,2024-05-24,2024-05-27,3,33.0,53.95,0.634848484848485,40,ok
2489.HK,集海黄金,2024-08-23,2024-05-27,-88,0.78,0.7,-0.10256410256410264,101,ok
2505.HK,EDA集团控股,2024-06-24,2024-05-28,-27,3.09,5.08,0.6440129449838188,62,ok
2443.HK,汽车街,2024-05-30,2024-05-31,1,14.5,7.11,-0.5096551724137931,40,ok
8529.HK,优博控股,2024-05-31,2024-06-03,3,0.66,0.29,-0.5606060606060607,40,ok
2451.HK,绿源集团控股,2024-08-30,2024-06-03,-88,7.03,6.62,-0.05832147937411092,101,ok
2550.HK,宜搜科技,2024-06-06,2024-06-07,1,8.5,20.6,1.4235294117647062,40,ok
2522.HK,一脉阳光,2024-06-06,2024-06-07,1,15.0,17.8,0.18666666666666676,40,ok
2228.HK,晶泰控股,2024-07-07,2024-06-13,-24,5.39,5.77,0.07050092764378468,60,ok
2881.HK,武汉有机,2024-07-15,2024-06-18,-27,9.88,4.55,-0.5394736842105263,62,ok
2436.HK,凌雄科技,2024-09-20,2024-06-24,-88,4.9,4.64,-0.053061224489796,102,ok
2479.HK,天聚地合,2024-06-27,2024-06-28,1,113.0,63.95,-0.434070796460177,41,ok
6181.HK,老铺黄金,2024-07-25,2024-06-28,-27,64.5,81.5,0.26356589147286824,59,ok
2559.HK,嘀嗒出行,2024-07-25,2024-06-28,-27,5.23,1.97,-0.6233269598470363,59,ok
2602.HK,万物云,2024-09-30,2024-07-02,-90,23.6,19.24,-0.1847457627118645,105,ok
8637.HK,元续科技,2024-06-28,2024-07-02,4,1.66,1.18,-0.28915662650602414,41,ok
1354.HK,经发物业,2024-07-29,2024-07-03,-26,7.65,10.0,0.30718954248366015,61,ok
6657.HK,百望股份,2024-08-04,2024-07-09,-26,32.0,42.0,0.3125,60,ok
6086.HK,方舟健客,2024-08-05,2024-07-09,-27,4.68,4.15,-0.11324786324786307,61,ok
1334.HK,瑞昌国际控股,2024-08-05,2024-07-10,-26,1.3,1.07,-0.17692307692307685,60,ok
9680.HK,如祺出行,2024-07-09,2024-07-10,1,30.0,25.0,-0.16666666666666663,42,ok
2495.HK,声通科技,2024-08-04,2024-07-10,-25,135.0,215.0,0.5925925925925926,59,ok
2507.HK,西锐,2024-08-08,2024-07-12,-27,27.5,22.05,-0.19818181818181813,59,ok
2531.HK,广联科技控股,2024-07-12,2024-07-15,3,5.48,10.9,0.9890510948905109,41,ok
9885.HK,药师帮,2024-10-15,2024-07-17,-90,7.82,7.3,-0.06649616368286448,104,ok
9879.HK,米高集团,2024-10-22,2024-07-24,-90,7.99,7.75,-0.030037546933667114,104,ok
2512.HK,云工场,2024-10-25,2024-07-29,-88,3.62,3.59,-0.008287292817679592,103,ok
1471.HK,众淼控股,2024-09-05,2024-08-06,-30,6.88,6.13,-0.10901162790697672,61,ok
2533.HK,黑芝麻智能,2024-09-04,2024-08-08,-27,18.8,21.6,0.14893617021276606,58,ok
2457.HK,步阳国际,2024-11-15,2024-08-19,-88,0.241,0.27,0.1203319502074689,100,ok
2347.HK,友和集团,2024-11-15,2024-08-19,-88,0.67,0.65,-0.02985074626865669,100,ok
2410.HK,同源康医药-B,2024-08-19,2024-08-20,1,14.48,31.15,1.151243093922652,40,ok
2486.HK,普乐师集团控股,2024-11-22,2024-08-26,-88,3.58,9.27,1.589385474860335,100,ok
2321.HK,双财庄,2024-12-10,2024-09-11,-90,0.38,0.4,0.05263157894736836,99,ok
0300.HK,美的集团,2024-10-14,2024-09-17,-27,59.2,73.05,0.23395270270270263,61,ok
2549.HK,卡罗特,2024-10-28,2024-10-02,-26,9.5,6.34,-0.3326315789473684,60,ok
2576.HK,太美医疗科技,2024-11-03,2024-10-08,-26,11.24,5.2,-0.5373665480427046,59,ok
9639.HK,荣利营造,2024-10-08,2024-10-09,1,0.5,0.435,-0.13,42,ok
2567.HK,七牛智能,2024-11-11,2024-10-16,-26,1.6,0.96,-0.4,60,ok
2460.HK,华润饮料,2024-11-12,2024-10-23,-20,16.46,12.96,-0.21263669501822602,55,ok
9660.HK,地平线机器人-W,2024-11-20,2024-10-24,-27,5.12,4.23,-0.1738281249999999,59,ok
2562.HK,狮腾控股,2024-10-29,2024-10-30,1,20.0,42.0,1.1,41,ok
2563.HK,华昊中天医药-B,2024-10-30,2024-10-31,1,21.5,30.8,0.43255813953488365,40,ok
2510.HK,德翔海运,2024-11-28,2024-11-01,-27,4.18,4.28,0.02392344497607679,59,ok
2551.HK,晶科电子股份,2024-11-07,2024-11-08,1,4.2,3.02,-0.28095238095238095,39,ok
2519.HK,傲基股份,2024-12-05,2024-11-08,-27,13.88,12.24,-0.11815561959654186,56,ok
2582.HK,国富氢能,2024-11-14,2024-11-15,1,82.3,102.4,0.24422843256379112,39,ok
9878.HK,汇通达网络,2025-02-24,2024-11-26,-90,19.46,15.9,-0.18293936279547796,100,ok
2566.HK,九源基因,2024-11-27,2024-11-28,1,7.5,5.6,-0.2533333333333334,39,ok
2585.HK,梦金园,2024-12-27,2024-11-29,-28,12.5,14.2,0.1359999999999999,57,ok
2586.HK,多点数智,2025-01-02,2024-12-06,-27,21.7,5.56,-0.743778801843318,56,ok
2570.HK,重塑能源,2025-01-02,2024-12-06,-27,148.9,225.2,0.5124244459368703,56,ok
2260.HK,环龙控股,2025-03-10,2024-12-10,-90,1.63,1.32,-0.1901840490797545,98,ok
1318.HK,毛戈平,2025-01-06,2024-12-10,-27,47.65,68.1,0.4291710388247638,58,ok
2593.HK,草姬集团,2024-12-18,2024-12-19,1,4.69,2.0,-0.5735607675906184,36,ok
0999.HK,小菜园,2025-01-16,2024-12-20,-27,9.0,9.98,0.10888888888888903,56,ok
2432.HK,越疆,2025-01-17,2024-12-23,-25,19.7,26.3,0.33502538071066,56,ok
2431.HK,佑驾创新,2025-01-20,2024-12-27,-24,18.6,25.75,0.3844086021505375,57,ok
9636.HK,九方智投控股,2025-03-27,2024-12-27,-90,24.0,27.35,0.1395833333333334,98,ok
6680.HK,金力永磁,2025-03-28,2024-12-30,-88,8.39,10.16,0.21096543504171628,98,ok
2577.HK,英诺赛科,2025-01-22,2024-12-30,-23,31.0,45.0,0.4516129032258065,56,ok
2439.HK,中宝新材,2025-03-28,2024-12-30,-88,0.255,0.26,0.019607843137254832,98,ok
2587.HK,健康之路,2024-12-27,2024-12-30,3,9.95,18.68,0.8773869346733669,38,ok
2506.HK,讯飞医疗科技,2025-01-22,2024-12-30,-23,89.75,99.45,0.10807799442896937,56,ok
6681.HK,脑动极光-B,2025-02-02,2025-01-08,-25,3.22,6.38,0.981366459627329,59,ok
2613.HK,汇舸环保,2025-01-08,2025-01-09,1,33.95,27.0,-0.2047128129602357,39,ok
2560.HK,海螺材料科技,2025-01-08,2025-01-09,1,1.8,1.42,-0.21111111111111114,39,ok
0325.HK,布鲁可,2025-02-06,2025-01-10,-27,109.6,87.35,-0.2030109489051095,58,ok
2530.HK,纽曼思,2025-01-09,2025-01-10,1,0.79,0.66,-0.16455696202531644,39,ok
2596.HK,宜宾银行,2025-02-07,2025-01-13,-25,2.59,2.63,0.015444015444015413,58,ok
2571.HK,赛目科技,2025-02-10,2025-01-15,-26,13.3,13.26,-0.00300751879699257,59,ok
2516.HK,泛远国际,2025-04-30,2025-02-03,-86,1.09,1.0,-0.0825688073394496,100,ok
2545.HK,中赣通信,2025-05-12,2025-02-11,-90,0.32,0.31,-0.03125,103,ok
1364.HK,古茗,2025-03-09,2025-02-12,-25,10.0,15.7,0.5699999999999998,57,ok
2097.HK,蜜雪集团,2025-03-28,2025-03-03,-25,262.0,435.0,0.6603053435114503,57,ok
6676.HK,找钢网-W,2025-03-07,2025-03-10,3,11.38,4.07,-0.6423550087873462,37,ok
6693.HK,赤峰黄金,2025-04-06,2025-03-10,-27,13.72,27.15,0.9788629737609327,59,ok
2561.HK,维昇药业-B,2025-04-17,2025-03-21,-27,68.8,45.5,-0.33866279069767435,57,ok
2610.HK,南山铝业国际,2025-04-22,2025-03-25,-28,26.6,25.85,-0.02819548872180455,59,ok
2569.HK,舒宝国际,2025-03-26,2025-03-27,1,0.49,0.72,0.4693877551020409,37,ok
2370.HK,力高健康生活,2025-06-26,2025-03-28,-90,0.28,0.275,-0.017857142857142905,101,ok
2625.HK,江苏宏信,2025-03-28,2025-03-31,3,3.44,3.21,-0.06686046511627908,37,ok
3677.HK,正力新能,2025-05-09,2025-04-14,-25,8.46,9.3,0.09929078014184389,57,ok
9606.HK,映恩生物-B,2025-05-06,2025-04-15,-21,181.0,211.0,0.16574585635359118,54,ok
1333.HK,博雷顿,2025-05-06,2025-05-07,1,29.0,32.8,0.1310344827586205,42,ok
2865.HK,钧达股份,2025-06-02,2025-05-08,-25,22.2,21.3,-0.04054054054054046,61,ok
2589.HK,沪上阿姨,2025-06-01,2025-05-08,-24,190.6,148.0,-0.223504721930745,60,ok
2469.HK,粉笔,2025-08-13,2025-05-15,-90,2.24,2.19,-0.022321428571428714,104,ok
6831.HK,绿茶集团,2025-06-12,2025-05-16,-27,7.19,7.19,0.0,61,ok
3750.HK,宁德时代,2025-05-20,2025-05-20,0,296.0,329.2,0.11216216216216202,43,ok
2629.HK,MIRXES-B,2025-05-22,2025-05-23,1,29.0,32.85,0.13275862068965516,41,ok
1276.HK,恒瑞医药,2025-06-19,2025-05-23,-27,57.0,59.2,0.038596491228070295,61,ok
2481.HK,慧居科技,2025-08-22,2025-05-26,-88,2.6,3.14,0.20769230769230762,104,ok
2121.HK,创新奇智,2025-08-22,2025-05-26,-88,5.25,5.96,0.13523809523809516,104,ok
2565.HK,派格生物医药-B,2025-05-26,2025-05-27,1,13.0,10.26,-0.21076923076923082,43,ok
2603.HK,吉宏股份,2025-05-26,2025-05-27,1,11.0,13.86,0.26,43,ok
2420.HK,子不语,2025-08-26,2025-05-28,-90,3.89,3.12,-0.19794344473007708,105,ok
2427.HK,GUANZE MEDICAL,2025-08-27,2025-05-29,-90,0.325,0.325,0.0,104,ok
1973.HK,天图投资,2025-08-28,2025-05-30,-90,2.99,3.3,0.10367892976588622,104,ok
2621.HK,手回集团,2025-06-26,2025-05-30,-27,7.5,5.09,-0.32133333333333336,61,ok
0805.HK,新吉奥房车,2025-08-31,2025-06-02,-90,1.27,1.15,-0.09448818897637801,105,ok
6911.HK,澜沧古茶,2025-09-08,2025-06-10,-90,3.05,2.89,-0.052459016393442526,105,ok
9881.HK,容大科技,2025-07-07,2025-06-10,-27,16.6,9.98,-0.39879518072289155,63,ok
2573.HK,新琪安,2025-06-09,2025-06-10,1,30.25,12.74,-0.5788429752066115,43,ok
2605.HK,元光科技,2025-06-09,2025-06-10,1,7.6,5.94,-0.21842105263157885,43,ok
3288.HK,海天味业,2025-07-17,2025-06-19,-28,37.5,34.2,-0.08799999999999997,62,ok
2617.HK,药捷安康-B,2025-06-20,2025-06-23,3,21.65,42.5,0.9630484988452657,41,ok
2609.HK,佰泽医疗,2025-06-20,2025-06-23,3,5.25,6.64,0.26476190476190475,41,ok
2050.HK,三花智控,2025-07-18,2025-06-23,-25,20.95,27.06,0.29164677804295946,61,ok
2643.HK,曹操出行,2025-07-21,2025-06-25,-26,33.8,49.36,0.460355029585799,62,ok
2619.HK,香江电器,2025-06-24,2025-06-25,1,2.65,2.38,-0.10188679245283017,42,ok
6883.HK,颖通控股,2025-07-23,2025-06-26,-27,2.58,2.17,-0.1589147286821706,61,ok
6168.HK,周六福,2025-07-23,2025-06-26,-27,26.7,39.42,0.4764044943820225,61,ok
2508.HK,圣贝拉集团,2025-07-23,2025-06-26,-27,8.45,7.57,-0.10414201183431937,61,ok
3880.HK,泰德医药,2025-06-27,2025-06-30,3,30.3,33.54,0.1069306930693068,41,ok
9678.HK,云知声,2025-07-25,2025-06-30,-25,205.0,648.5,2.1634146341463416,61,ok
6603.HK,IFBH,2025-07-25,2025-06-30,-25,43.9,38.0,-0.13439635535307515,61,ok
2419.HK,德康农牧,2025-09-29,2025-07-02,-89,82.0,92.05,0.1225609756097561,105,ok
2592.HK,拨康视云-B,2025-07-02,2025-07-03,1,9.5,5.07,-0.46631578947368413,42,ok
2648.HK,安井食品,2025-07-30,2025-07-04,-26,60.0,60.45,0.007500000000000062,61,ok
1828.HK,富卫集团,2025-08-01,2025-07-07,-25,38.0,38.2,0.0052631578947368585,62,ok
2590.HK,极智嘉-W,2025-08-04,2025-07-09,-26,16.9,19.31,0.14260355029585803,62,ok
1304.HK,FORTIOR,2025-07-24,2025-07-09,-15,130.8,179.2,0.37003058103975506,54,ok
6613.HK,蓝思科技,2025-08-03,2025-07-09,-25,18.88,23.14,0.2256355932203391,61,ok
2597.HK,讯众通信,2025-08-04,2025-07-09,-26,14.52,13.4,-0.07713498622589532,62,ok
2651.HK,大众口腔,2025-08-04,2025-07-09,-26,24.0,15.83,-0.3404166666666667,62,ok
9887.HK,维立志博-B,2025-08-07,2025-07-25,-13,72.4,60.5,-0.16436464088397795,51,ok
6887.HK,东阳光药,2025-08-06,2025-08-07,1,57.5,50.15,-0.12782608695652176,41,ok
2627.HK,中慧生物-B,2025-08-08,2025-08-11,3,33.0,50.55,0.5318181818181817,40,ok
2591.HK,银诺医药-B,2025-08-14,2025-08-15,1,72.0,41.78,-0.4197222222222222,40,ok
2631.HK,天岳先进,2025-09-14,2025-08-20,-25,45.6,60.25,0.32127192982456143,59,ok
6960.HK,双登股份,2025-09-21,2025-08-26,-26,22.5,25.26,0.1226666666666667,60,ok
3858.HK,佳鑫国际资源,2025-08-28,2025-08-28,0,22.8,35.7,0.5657894736842106,41,ok
2580.HK,奥克斯电气,2025-09-28,2025-09-02,-26,16.1,13.6,-0.15527950310559013,60,ok
2543.HK,大行科工,2025-10-05,2025-09-09,-26,67.5,46.88,-0.30548148148148146,60,ok
2525.HK,禾赛-W,2025-09-16,2025-09-16,0,229.2,183.0,-0.20157068062827221,41,ok
2656.HK,健康160,2025-09-16,2025-09-17,1,29.98,40.3,0.3442294863242161,40,ok
2595.HK,劲方医药-B,2025-10-16,2025-09-19,-27,44.0,27.0,-0.38636363636363635,59,ok
2459.HK,昇能集团,2025-12-19,2025-09-22,-88,0.13,0.121,-0.06923076923076932,100,ok
2376.HK,鲁商服务,2025-12-19,2025-09-22,-88,3.06,3.09,0.009803921568627416,100,ok
6090.HK,不同集团,2025-09-22,2025-09-23,1,100.4,101.9,0.014940239043824688,41,ok
9973.HK,奇瑞汽车,2025-10-22,2025-09-25,-27,34.2,31.54,-0.07777777777777783,59,ok
2361.HK,中康科技控股,2025-12-24,2025-09-25,-90,3.51,4.1,0.16809116809116809,98,ok
2889.HK,博泰车联,2025-10-31,2025-09-30,-31,135.0,169.0,0.25185185185185177,61,ok
2583.HK,西普尼,2025-09-29,2025-09-30,1,84.0,166.1,0.9773809523809522,41,ok
2455.HK,润华服务,2025-12-31,2025-10-02,-90,0.76,0.77,0.013157894736842035,99,ok
8629.HK,集信国控,2025-12-31,2025-10-02,-90,8.22,7.97,-0.030413625304136382,99,ok
2652.HK,长风药业,2025-10-06,2025-10-08,2,47.0,33.3,-0.2914893617021277,42,ok
8549.HK,金叶国际集团,2025-10-09,2025-10-10,1,3.0,0.44,-0.8533333333333333,41,ok
2650.HK,挚达科技,2025-11-05,2025-10-10,-26,190.0,179.5,-0.05526315789473679,57,ok
2575.HK,轩竹生物-B,2025-10-14,2025-10-15,1,29.46,64.75,1.197895451459606,42,ok
2670.HK,云迹,2025-11-12,2025-10-16,-27,142.8,127.8,-0.10504201680672276,58,ok
2465.HK,龙蟠科技,2026-01-15,2025-10-17,-90,11.64,14.83,0.27405498281786933,100,ok
2637.HK,海西新药,2025-10-17,2025-10-20,3,102.0,128.0,0.2549019607843137,41,ok
6687.HK,聚水潭,2025-11-16,2025-10-21,-26,38.0,27.54,-0.2752631578947369,59,ok
0638.HK,广和通,2025-11-16,2025-10-22,-25,21.5,17.56,-0.18325581395348844,58,ok
6031.HK,三一重工,2025-11-23,2025-10-28,-26,21.3,21.84,0.025352112676056304,59,ok
6166.HK,剑桥科技,2025-11-10,2025-10-28,-13,94.0,86.45,-0.0803191489361702,50,ok
1384.HK,滴普科技,2025-10-27,2025-10-28,1,56.5,73.85,0.307079646017699,41,ok
6980.HK,八马茶业,2025-10-27,2025-10-28,1,80.1,40.36,-0.49612983770287133,41,ok
2718.HK,明略科技-W,2025-11-27,2025-11-03,-24,280.0,206.0,-0.26428571428571423,58,ok
9927.HK,赛力斯,2025-11-30,2025-11-05,-25,128.9,108.8,-0.15593483320403423,59,ok
0699.HK,均胜电子,2025-12-04,2025-11-06,-28,21.5,17.19,-0.2004651162790697,60,ok
2026.HK,小马智行-W,2025-12-03,2025-11-06,-27,124.0,117.0,-0.056451612903225756,59,ok
0800.HK,文远知行-W,2025-12-03,2025-11-06,-27,24.98,22.98,-0.0800640512409928,59,ok
2630.HK,旺山旺水-B,2025-12-03,2025-11-06,-27,95.0,83.6,-0.1200000000000001,59,ok
2698.HK,乐舒适,2025-12-05,2025-11-10,-25,34.98,32.04,-0.08404802744425377,59,ok
2579.HK,中伟新材,2025-12-12,2025-11-17,-25,34.0,31.88,-0.06235294117647061,59,ok
2788.HK,创新实业,2025-12-19,2025-11-24,-25,15.2,23.1,0.5197368421052633,58,ok
2685.HK,量化派,2025-12-24,2025-11-27,-27,26.0,33.26,0.27923076923076917,56,ok
9609.HK,海伟股份,2025-12-28,2025-11-28,-30,13.5,8.9,-0.3407407407407407,59,ok
2539.HK,乐摩科技,2025-12-02,2025-12-03,1,64.8,39.06,-0.39722222222222214,40,ok
2693.HK,金岩高岭新材,2025-12-28,2025-12-03,-25,9.3,5.03,-0.45913978494623653,56,ok
2408.HK,遇见小面,2026-01-01,2025-12-05,-27,5.0,4.41,-0.118,56,ok
2658.HK,天域半导体,2026-01-01,2025-12-05,-27,38.0,54.5,0.4342105263157894,56,ok
2687.HK,卓越睿新,2025-12-05,2025-12-08,3,83.6,159.5,0.9078947368421053,39,ok
2676.HK,纳芯微,2026-01-02,2025-12-08,-25,116.0,147.8,0.2741379310344829,56,ok
2659.HK,宝济药业-B,2025-12-09,2025-12-10,1,60.5,99.3,0.6413223140495867,40,ok
2665.HK,图达通,2025-12-09,2025-12-10,1,11.0,10.38,-0.05636363636363628,40,ok
7618.HK,京东工业,2026-01-07,2025-12-11,-27,13.0,12.72,-0.021538461538461506,56,ok
2655.HK,果下科技,2026-01-09,2025-12-16,-24,38.0,60.35,0.5881578947368422,55,ok
3887.HK,HASHKEY HLDGS,2026-01-12,2025-12-17,-26,6.7,7.06,0.05373134328358198,57,ok
3881.HK,希迪智驾,2026-01-16,2025-12-19,-28,263.0,219.0,-0.16730038022813687,57,ok
2546.HK,智汇矿业,2025-12-18,2025-12-19,1,10.8,15.4,0.4259259259259258,39,ok
2396.HK,华芢生物-B,2026-01-18,2025-12-22,-27,33.8,9.2,-0.7278106508875739,58,ok
2691.HK,南华期货股份,2026-01-16,2025-12-22,-25,9.13,11.7,0.2814895947426066,56,ok
2695.HK,印象大红袍,2025-12-19,2025-12-22,3,3.26,1.97,-0.3957055214723926,38,ok
2581.HK,明基医院,2025-12-19,2025-12-22,3,6.5,3.81,-0.41384615384615386,38,ok
3378.HK,翰思艾泰-B,2026-01-23,2025-12-23,-31,28.9,16.55,-0.4273356401384083,60,ok
2661.HK,轻松健康,2026-01-18,2025-12-23,-26,50.0,93.5,0.8700000000000001,57,ok
2635.HK,诺比侃,2026-01-19,2025-12-23,-27,319.8,471.0,0.4727954971857411,58,ok
2671.HK,美联股份,2025-12-29,2025-12-30,1,8.21,4.11,-0.4993909866017052,40,ok
2657.HK,林清轩,2026-01-22,2025-12-30,-23,85.0,86.15,0.013529411764706012,56,ok
3317.HK,迅策,2026-01-23,2025-12-30,-24,48.02,70.0,0.4577259475218658,57,ok
6651.HK,五一视界,2026-01-22,2025-12-30,-23,35.0,66.65,0.9042857142857144,56,ok
6936.HK,顺丰控股,2026-03-30,2025-12-30,-90,35.02,36.9,0.05368360936607641,86,ok
3696.HK,英矽智能,2026-01-16,2025-12-30,-17,35.0,72.25,1.0642857142857145,52,ok
6600.HK,卧安机器人,2026-01-22,2025-12-30,-23,73.8,171.5,1.3238482384823849,56,ok
6082.HK,壁仞科技,2026-01-28,2026-01-02,-26,35.7,36.86,0.032492997198879436,58,ok
9903.HK,天数智芯,2026-01-07,2026-01-08,1,190.2,259.4,0.3638275499474237,39,ok
2675.HK,精锋医疗-B,2026-02-04,2026-01-08,-27,59.0,69.7,0.18135593220338997,58,ok
2513.HK,智谱,2026-02-04,2026-01-08,-27,120.0,560.0,3.666666666666667,58,ok
2259.HK,紫金黄金国际,2026-04-08,2026-01-08,-90,147.2,228.8,0.5543478260869568,80,ok
0100.HK,MINIMAX-W,2026-01-11,2026-01-09,-2,235.4,880.0,2.7383177570093458,42,ok
3636.HK,金浔资源,2026-02-05,2026-01-09,-27,38.0,36.74,-0.03315789473684205,57,ok
6938.HK,瑞博生物-B,2026-02-05,2026-01-09,-27,75.0,71.5,-0.046666666666666634,57,ok
0501.HK,豪威集团,2026-02-06,2026-01-12,-25,108.0,102.7,-0.04907407407407405,56,ok
1641.HK,红星冷链,2026-01-12,2026-01-13,1,19.58,8.07,-0.5878447395301327,41,ok
3986.HK,兆易创新,2026-02-08,2026-01-13,-26,235.0,425.6,0.8110638297872341,57,ok
8610.HK,BBSB INTL,2026-01-12,2026-01-13,1,3.0,0.63,-0.79,41,ok
2529.HK,泓盈城市服务,2026-04-17,2026-01-19,-88,3.03,2.88,-0.04950495049504944,73,ok
9611.HK,龙旗科技,2026-02-23,2026-01-22,-32,35.0,24.76,-0.2925714285714285,61,ok
2480.HK,绿竹生物-B,2026-04-23,2026-01-23,-90,22.6,23.7,0.04867256637168138,69,ok
1768.HK,鸣鸣很忙,2026-02-10,2026-01-28,-13,445.0,393.0,-0.11685393258426968,47,ok
9980.HK,东鹏饮料,2026-03-01,2026-02-03,-26,248.0,214.0,-0.13709677419354838,57,ok
2768.HK,国恩科技,2026-02-03,2026-02-04,1,45.0,48.88,0.0862222222222222,39,ok
2677.HK,卓正医疗,2026-03-05,2026-02-06,-27,81.0,55.7,-0.31234567901234567,55,ok
2714.HK,牧原股份,2026-03-05,2026-02-06,-27,39.0,42.52,0.09025641025641029,55,ok
3200.HK,大族数控,2026-03-05,2026-02-06,-27,106.0,105.3,-0.006603773584905714,55,ok
6809.HK,澜起科技,2026-02-10,2026-02-09,-1,168.0,182.0,0.08333333333333326,39,ok
0600.HK,爱芯元智,2026-03-08,2026-02-10,-26,28.2,19.78,-0.2985815602836879,56,ok
2720.HK,乐欣户外,2026-02-09,2026-02-10,1,24.02,25.6,0.06577851790174871,38,ok
0470.HK,先导智能,2026-03-08,2026-02-11,-25,46.26,44.74,-0.03285776048421951,55,ok
9981.HK,沃尔核材,2026-02-12,2026-02-13,1,20.1,18.0,-0.10447761194029859,36,ok
2706.HK,海致科技集团,2026-02-12,2026-02-13,1,82.3,52.5,-0.36208991494532194,36,ok
2692.HK,兆威机电,2026-03-06,2026-03-09,3,78.0,66.05,-0.15320512820512822,38,ok
2649.HK,优乐赛共享,2026-03-06,2026-03-09,3,7.5,3.9,-0.48,38,ok
2715.HK,埃斯顿,2026-04-07,2026-03-09,-29,15.36,12.6,-0.1796875,41,ok
3268.HK,美格智能,2026-03-09,2026-03-10,1,29.04,23.26,-0.19903581267217618,40,ok
7489.HK,岚图汽车,2026-02-12,2026-03-19,35,7.5,6.08,-0.18933333333333335,15,partial_15d
1989.HK,广合科技,2026-03-19,2026-03-20,1,95.05,214.8,1.2598632298790111,32,ok
3355.HK,飞速创新,2026-04-17,2026-03-23,-25,56.0,43.1,-0.23035714285714282,31,ok
2701.HK,国民技术,2026-03-20,2026-03-23,3,14.3,12.87,-0.10000000000000009,31,ok
2632.HK,泽景股份,2026-03-23,2026-03-24,1,43.9,116.0,1.642369020501139,30,ok
2729.HK,凯乐士科技,2026-04-20,2026-03-24,-27,32.0,34.52,0.0787500000000001,30,ok
2526.HK,德适-B,2026-03-27,2026-03-30,3,219.0,330.0,0.5068493150684932,26,partial_26d
1021.HK,华沿机器人,2026-04-26,2026-03-30,-27,16.8,19.82,0.1797619047619048,26,partial_26d
6636.HK,极视角,2026-03-27,2026-03-30,3,59.95,94.2,0.5713094245204338,26,partial_26d
2726.HK,瀚天天成,2026-03-27,2026-03-30,3,110.0,113.4,0.030909090909090997,26,partial_26d
0664.HK,铜师傅,2026-04-30,2026-03-31,-30,35.42,21.36,-0.39695087521174477,25,partial_25d
3625.HK,傅里叶,2026-03-30,2026-03-31,1,85.05,130.0,0.5285126396237507,25,partial_25d
6656.HK,思格新能,2026-04-15,2026-04-16,1,581.0,531.5,-0.08519793459552494,16,partial_16d
3277.HK,长光辰芯,2026-04-16,2026-04-17,1,72.0,81.0,0.125,15,partial_15d
0068.HK,群核科技,2026-04-20,2026-04-17,-3,20.7,24.9,0.2028985507246377,15,partial_15d
2476.HK,胜宏科技,2026-04-22,2026-04-21,-1,330.0,345.4,0.046666666666666634,13,partial_13d
3296.HK,华勤技术,2026-04-22,2026-04-23,1,87.55,120.0,0.37064534551684747,11,partial_11d
1879.HK,曦智科技-P,2026-04-27,2026-04-28,1,880.0,861.0,-0.021590909090909105,8,partial_8d
2493.HK,迈威生物-B,2026-04-27,2026-04-28,1,28.3,26.58,-0.060777385159010655,8,partial_8d
6810.HK,商米科技-W,2026-04-28,2026-04-29,1,97.5,75.0,-0.23076923076923073,7,partial_7d
1609.HK,天星医疗,2026-05-04,2026-05-05,1,288.0,201.0,-0.30208333333333337,4,partial_4d
1187.HK,可孚医疗,2026-05-05,2026-05-06,1,39.84,36.38,-0.0868473895582329,3,partial_3d
