view,agg,window,pool,n_obs,ic,t_stat,ls_spread,ls_t_stat
chapter,mean,d1_close,all,361,0.0003485206278206192,0.006603523662004501,0.04571099689193272,1.1599416300011118
chapter,mean,d1_close,main_profitable,266,-0.07893378018807118,-1.2865362947145094,-0.02815806337941771,-0.6405550324277809
chapter,mean,d1_close,main_all,314,-0.07267798220169396,-1.2871530475605668,-0.03413085372871468,-0.9733882905718447
chapter,median,d1_close,all,361,0.0071312802934421935,0.1351219096069736,0.02508694190100701,0.8537153714916954
chapter,median,d1_close,main_profitable,266,-0.0732059053856579,-1.1926552488477438,0.017669188531529916,0.49094641978753467
chapter,median,d1_close,main_all,314,-0.04346938420302041,-0.7685488760385275,0.005716752876130841,0.18182957253980217
chapter,top3_recent_mean,d1_close,all,361,0.025225431987889867,0.47810584842807696,0.042798556572279184,1.0441609083286694
chapter,top3_recent_mean,d1_close,main_profitable,266,-0.010788089591740019,-0.17529590932984387,-0.031244948582459374,-0.7652248162934823
chapter,top3_recent_mean,d1_close,main_all,314,0.0004125658842680072,0.007287367083113881,-0.004814660798456742,-0.13341525449506894
chapter,n_peers,d1_close,all,361,-0.07266880078219289,-1.3805271666614982,-0.009343340404472766,-0.27145764832424246
chapter,n_peers,d1_close,main_profitable,266,0.016899873634255616,0.27462966557989044,0.05982164874056471,1.5798387698057708
chapter,n_peers,d1_close,main_all,314,-0.023780222843221118,-0.4201613001959876,0.035193635348214215,1.14938074743331
chapter,mean,d30,all,347,0.0852580234284993,1.5893845990875426,0.14795425956485167,1.6945270857386425
chapter,mean,d30,main_profitable,258,0.0008696862050823539,0.01391498454364643,0.0014651499738379467,0.01694088813220163
chapter,mean,d30,main_all,303,0.044804923435516404,0.7781177896514885,0.01613190917635806,0.23789078604877031
chapter,median,d30,all,347,0.10894261997086535,2.0356353765678716,0.12686017697037522,1.517938786509761
chapter,median,d30,main_profitable,258,0.040192892915647135,0.6436063597213015,0.04377851361329273,0.4864384907339701
chapter,median,d30,main_all,303,0.07776146355143414,1.353208494798776,0.018497419557400634,0.2741007972981205
chapter,top3_recent_mean,d30,all,347,-0.05622639427608056,-1.0460136683699675,-0.07501289409192191,-0.9750985796842788
chapter,top3_recent_mean,d30,main_profitable,258,-0.10661702837604232,-1.715651391508636,-0.13785668453838285,-1.6550367565045603
chapter,top3_recent_mean,d30,main_all,303,-0.09917457444704783,-1.7291391291661111,-0.11244512979940517,-1.567875400522521
chapter,n_peers,d30,all,347,-0.04518131621637616,-0.8400635726664175,-0.08583919376971778,-0.977386729001774
chapter,n_peers,d30,main_profitable,258,0.07412358067512333,1.1892488387588436,0.08911976226475983,1.0640767842884282
chapter,n_peers,d30,main_all,303,0.018572064760518835,0.32226886450275544,0.04892653776107602,0.698034285931778
chapter,mean,m3,all,307,0.042375010578981215,0.7407130708376418,0.03417688276684969,0.3309346525867194
chapter,mean,m3,main_profitable,242,0.07654633876936774,1.1893402758156892,0.0545453670041529,0.4608620915804898
chapter,mean,m3,main_all,274,0.05113376722293374,0.844424357941305,0.06517398475212786,0.6345116840586957
chapter,median,m3,all,307,0.0624481755760331,1.0927433078458044,0.1934895820591255,1.2632494029776937
chapter,median,m3,main_profitable,242,0.021207509277262945,0.3286192289301104,-0.004920455050774347,-0.048517928899867266
chapter,median,m3,main_all,274,0.05159875089358772,0.8521235164554364,0.050563858316960836,0.5371357988630724
chapter,top3_recent_mean,m3,all,307,0.05030789783711963,0.879703583749686,0.030228512088776624,0.3231034782564092
chapter,top3_recent_mean,m3,main_profitable,242,0.03819764981548507,0.5921876228691659,0.061586877218446676,0.5757027920284281
chapter,top3_recent_mean,m3,main_all,274,0.04316621767611029,0.7125796921261149,0.04239135947809647,0.4377009611514118
chapter,n_peers,m3,all,307,0.02401034123070764,0.41944350383103546,0.07403540151587985,0.7731950832790129
chapter,n_peers,m3,main_profitable,242,0.1067588268430608,1.6634070958677354,0.10859801273465446,0.9503176823070338
chapter,n_peers,m3,main_all,274,0.053342565234406565,0.8810024311586155,0.07920173587481777,0.7554106573156065
chapter,mean,m6,all,242,0.08590478187414512,1.3357690266396804,-0.10915795238261601,-0.5205208231057391
chapter,mean,m6,main_profitable,198,0.10345988168295112,1.4562531404195602,0.17647732540182826,0.8864577403945108
chapter,mean,m6,main_all,219,0.08873085797498073,1.3122631987082898,0.1096280735143054,0.5959989579602857
chapter,median,m6,all,242,0.07053598238377319,1.09546729120829,-0.010751292692637821,-0.05206210272648509
chapter,median,m6,main_profitable,198,0.08038838930056426,1.1290916238864261,0.0667422047911674,0.26455543879506815
chapter,median,m6,main_all,219,0.13125296170689746,1.9503495110860207,0.0204514859087749,0.0907268531346048
chapter,top3_recent_mean,m6,all,242,0.03969867054595099,0.6154943555694908,-0.046450194761376296,-0.21747458615224805
chapter,top3_recent_mean,m6,main_profitable,198,0.047749584473522684,0.6692575792938387,-0.01685557304527513,-0.06586304639778462
chapter,top3_recent_mean,m6,main_all,219,0.06322400409069119,0.9332147631559553,0.012299997226513204,0.052711184639592366
chapter,n_peers,m6,all,242,0.03851824588271218,0.5971652574393519,0.10002136156398078,0.6565957665804966
chapter,n_peers,m6,main_profitable,198,0.13314997650644186,1.8808469194247446,0.2768441966313207,1.6027278541077
chapter,n_peers,m6,main_all,219,0.021203234762048263,0.3124133869660167,0.07484403704286452,0.4548657955800787
chapter,mean,m12,all,137,0.21304068291871261,2.533469065983764,0.34136602027409496,1.3540952416362138
chapter,mean,m12,main_profitable,121,0.2016666520611297,2.246070734378003,0.38174782439362087,1.4021384075738812
chapter,mean,m12,main_all,127,0.15574985646066764,1.7628492123385733,0.21603333541969263,0.7721540862235626
chapter,median,m12,all,137,-0.07651295649944413,-0.8916139073366551,-0.4062014249490624,-0.6103706326082822
chapter,median,m12,main_profitable,121,-0.12190120045196148,-1.339776836839285,-0.42178354622220393,-0.5643679131673573
chapter,median,m12,main_all,127,-0.07283157963617841,-0.8164500989518653,-0.3800651926824118,-0.5294417761673673
chapter,top3_recent_mean,m12,all,137,0.1723189778067325,2.0325704036742542,-0.24725638079493908,-0.39916256967305497
chapter,top3_recent_mean,m12,main_profitable,121,0.1817569086377024,2.0163186153448915,-0.23945710455598232,-0.3443445127646704
chapter,top3_recent_mean,m12,main_all,127,0.2093841321592015,2.3940536384479545,-0.2994399891573819,-0.4453463027280993
chapter,n_peers,m12,all,137,0.22293006003773194,2.657080135273015,0.15681023018320311,0.7112713456809966
chapter,n_peers,m12,main_profitable,121,0.2856915991954099,3.252068380127075,0.1976833762386976,0.7283722032430131
chapter,n_peers,m12,main_all,127,0.1730233289919046,1.9640824557180854,0.1329339018986895,0.5741911570034547
chapter,mean,unlock_d30,all,221,0.070277904867689,1.0425958866732146,0.028249475405976707,0.47653215761660306
chapter,mean,unlock_d30,main_profitable,182,0.02589594654316506,0.3475471329784641,0.0046340684421137535,0.08231969305249474
chapter,mean,unlock_d30,main_all,200,0.06259705449566032,0.8825494168595602,0.009369455456359697,0.1681722979063492
chapter,median,unlock_d30,all,221,-0.01193658448825006,-0.1766579049085158,0.04430070774009827,0.799436889008332
chapter,median,unlock_d30,main_profitable,182,-0.08928958849107749,-1.2027496712767851,-0.02666634542792676,-0.47783478528423934
chapter,median,unlock_d30,main_all,200,-0.07404826263213755,-1.044819800799025,-0.008404598193067003,-0.15196709875135725
chapter,top3_recent_mean,unlock_d30,all,221,0.048457577372615857,0.7179500768180699,0.07500636709233502,1.2943170123445422
chapter,top3_recent_mean,unlock_d30,main_profitable,182,-0.029637130658253543,-0.3977985763217287,-0.018937654595517796,-0.32340374609888567
chapter,top3_recent_mean,unlock_d30,main_all,200,0.0045031395611061995,0.06336543277209525,0.025657925927407205,0.46457858987850226
chapter,n_peers,unlock_d30,all,221,0.03326405171227477,0.4925355818938519,0.008896077286468466,0.15641640441095286
chapter,n_peers,unlock_d30,main_profitable,182,0.053271533395958436,0.7157289090533868,0.01480377972350473,0.26403854576849545
chapter,n_peers,unlock_d30,main_all,200,-0.018361035949734632,-0.2584062387705925,-0.03004595045468219,-0.5254663523256613
chapter,mean,unlock_d90,all,167,-0.03215953548810174,-0.41331049849803947,-0.13946802140752534,-1.2350976655577142
chapter,mean,unlock_d90,main_profitable,142,0.006027938816098764,0.07132482977029918,-0.04007353473516219,-0.35493456495429226
chapter,mean,unlock_d90,main_all,153,-0.05918893477387407,-0.7286031957663747,-0.1440778338276817,-1.268661786345355
chapter,median,unlock_d90,all,167,-0.08088640990577031,-1.0424204195262732,-0.13753181126351025,-1.2866943194349754
chapter,median,unlock_d90,main_profitable,142,-0.017941580573194574,-0.21232182019263227,-0.08072328518425818,-0.7180666550902514
chapter,median,unlock_d90,main_all,153,-0.07976209418713924,-0.9832657775564291,-0.1849901837287599,-1.607100620112983
chapter,top3_recent_mean,unlock_d90,all,167,0.011377921024048826,0.1461615029429921,0.10481069018759455,0.9171947638590879
chapter,top3_recent_mean,unlock_d90,main_profitable,142,0.01378189318528412,0.16308504826243583,0.05370191641863794,0.4227222946950397
chapter,top3_recent_mean,unlock_d90,main_all,153,-0.01839113213823995,-0.22603224437401254,0.04618178465703968,0.3887255753566211
chapter,n_peers,unlock_d90,all,167,0.06800430992475444,0.8755580703067365,0.03647351337052636,0.3701726719152366
chapter,n_peers,unlock_d90,main_profitable,142,0.1529228795043193,1.8309432359605105,0.09019662661530237,0.885066363123391
chapter,n_peers,unlock_d90,main_all,153,0.038860250575080045,0.4778837206749518,0.008227925221428083,0.08060763155090524
hs_l1,mean,d1_close,all,347,0.009344359655488892,0.17357135534232318,0.05041258752619674,1.5617353559624385
hs_l1,mean,d1_close,main_profitable,240,0.006112748812447599,0.09430465758068743,0.07853863774013795,1.8877509690724747
hs_l1,mean,d1_close,main_all,290,-0.015539068724446648,-0.26373858427311914,0.060872495604084635,1.7026981079240995
hs_l1,median,d1_close,all,347,-0.01827395460750395,-0.33948032949515944,0.0442960263882721,1.1053028543748034
hs_l1,median,d1_close,main_profitable,240,-0.04997429353387864,-0.771930374610309,0.008522322155372544,0.18148117095150423
hs_l1,median,d1_close,main_all,290,-0.052270185085975134,-0.8882687374469721,0.009593884769917385,0.23456469029066518
hs_l1,top3_recent_mean,d1_close,all,347,-0.003145520930724121,-0.05842574722852893,0.050967285841851964,1.3309313694756915
hs_l1,top3_recent_mean,d1_close,main_profitable,240,0.03832684027317549,0.5917124504727486,0.09566954138294287,1.8808704669353231
hs_l1,top3_recent_mean,d1_close,main_all,290,0.00398951644853425,0.06770487803167062,0.06629513950540364,1.5444958692077688
hs_l1,n_peers,d1_close,all,347,0.1238324501170036,2.317926428172467,0.1161705269847986,3.0326899961031963
hs_l1,n_peers,d1_close,main_profitable,240,0.09316018524079384,1.4434828532910586,0.085001445401098,2.3607023228979265
hs_l1,n_peers,d1_close,main_all,290,0.07855584262430004,1.3372694002660752,0.07248979004234311,2.307827151335701
hs_l1,mean,d30,all,336,-0.03822587272687138,-0.6991142819329523,-0.012375812505141172,-0.17751511459774952
hs_l1,mean,d30,main_profitable,234,-0.05497441971640811,-0.8386135967503563,-0.09523466602577699,-1.078424169927717
hs_l1,mean,d30,main_all,281,-0.052425466362746156,-0.8768837857228253,-0.06529130048970039,-0.8655425453132416
hs_l1,median,d30,all,336,-0.017818118612324244,-0.32568970519104207,-0.03882234434571466,-0.5609961753189152
hs_l1,median,d30,main_profitable,234,-0.030808411327938382,-0.46948260037816436,-0.11118408993971275,-1.2510960705030958
hs_l1,median,d30,main_all,281,-0.026760532897436067,-0.44714916046151587,-0.07226420076623498,-0.966078760749365
hs_l1,top3_recent_mean,d30,all,336,-0.12012655949509916,-2.2114066969028103,-0.13875496597138862,-1.5711957850091707
hs_l1,top3_recent_mean,d30,main_profitable,234,-0.11965389901695762,-1.8357021920005598,-0.10646207116043596,-1.316243496436868
hs_l1,top3_recent_mean,d30,main_all,281,-0.10409304422759258,-1.7481935769992896,-0.07796870286656536,-1.1029744822935281
hs_l1,n_peers,d30,all,336,0.08342503246285908,1.5299815327795672,0.1473787998996896,1.596948293388888
hs_l1,n_peers,d30,main_profitable,234,0.0700253888916611,1.0692196572004538,0.10074319345058527,1.2342121271044937
hs_l1,n_peers,d30,main_all,281,0.03104867693817596,0.5188653095682128,0.03975579617664573,0.5441576557599691
hs_l1,mean,m3,all,299,0.05226662996788576,0.9019796473520117,0.1963337083048997,1.357753237185922
hs_l1,mean,m3,main_profitable,215,0.04434931834015266,0.6478944653078584,0.1506214084006737,1.2872355190843485
hs_l1,mean,m3,main_all,248,0.027130708857171684,0.4256852381840016,0.10078394985608807,0.9192203136554978
hs_l1,median,m3,all,299,0.09557290248072584,1.6546478380165381,0.25567569884474767,1.5883163392479367
hs_l1,median,m3,main_profitable,215,0.10280284633511437,1.5083497590645547,0.15117119173772406,1.2440684534009319
hs_l1,median,m3,main_all,248,0.0894669431470374,1.4088840907003077,0.10155627300196218,0.8402750172741442
hs_l1,top3_recent_mean,m3,all,299,-0.014005233521897954,-0.24138549866711617,-0.015797651083289788,-0.08583407706068778
hs_l1,top3_recent_mean,m3,main_profitable,215,-0.04286093421625153,-0.6261101062184425,-0.20524956422171947,-1.4587429055312995
hs_l1,top3_recent_mean,m3,main_all,248,-0.029104487941681596,-0.45667951744343493,-0.271173503855077,-1.7943718553294463
hs_l1,n_peers,m3,all,299,0.08199458274836491,1.4178432489188066,0.4298167138557237,2.335753663083683
hs_l1,n_peers,m3,main_profitable,215,0.06408356826158947,0.9371952592850951,0.21751027965421058,1.803360835914976
hs_l1,n_peers,m3,main_all,248,0.05460004697072754,0.8576476234184588,0.17284303057880493,1.5577880889611224
hs_l1,mean,m6,all,228,-0.047001191936690855,-0.7073646043396062,-0.27610035041971426,-1.5163122036079844
hs_l1,mean,m6,main_profitable,171,-0.08584110864985099,-1.1200687658088975,-0.25220303132043176,-1.1521793484625173
hs_l1,mean,m6,main_all,194,-0.03750927220176526,-0.5201097334768868,-0.17910549123542113,-0.9787478688449489
hs_l1,median,m6,all,228,-0.08710178735561094,-1.3144225562877254,-0.19514992536516157,-0.9079839202701085
hs_l1,median,m6,main_profitable,171,-0.08013767438444115,-1.0451511773902993,-0.17936413780815283,-0.648084504404416
hs_l1,median,m6,main_all,194,-0.05845209965196306,-0.811323240092062,-0.1856954614664107,-0.7472374683958012
hs_l1,top3_recent_mean,m6,all,228,-0.026658015872098838,-0.40090032865286157,0.08808485191100632,0.3495164448656933
hs_l1,top3_recent_mean,m6,main_profitable,171,-0.07099038682624727,-0.9252093321416273,-0.004714732081682604,-0.014609168442923922
hs_l1,top3_recent_mean,m6,main_all,194,-0.04019930787196066,-0.5574685616625247,0.042000112758947244,0.14528451071230802
hs_l1,n_peers,m6,all,228,-0.0013702142814818927,-0.02059885673245034,0.1938199142075065,1.1505443402174447
hs_l1,n_peers,m6,main_profitable,171,-0.038694686209812375,-0.5034079329014647,0.05663224405440283,0.36295613242692926
hs_l1,n_peers,m6,main_all,194,-0.0023770835723254586,-0.032937929227289484,0.06587842974399541,0.5039642245371959
hs_l1,mean,m12,all,122,0.04498672246026935,0.49330428229413437,0.008618578451050015,0.03136583488087215
hs_l1,mean,m12,main_profitable,98,0.004554399793612886,0.044624285129253996,-0.12602876889896575,-0.4121200051614117
hs_l1,mean,m12,main_all,104,0.05072141353727893,0.512921378014703,0.09491554334131667,0.3017618120353864
hs_l1,median,m12,all,122,-0.12916756806061108,-1.42691338069605,-0.38639694549153547,-2.0977940385620766
hs_l1,median,m12,main_profitable,98,-0.16519054421090687,-1.6410758136908907,-0.38091394244849835,-1.917086858984124
hs_l1,median,m12,main_all,104,-0.15153253474900596,-1.5482827333269173,-0.27153296835814345,-1.260706613043783
hs_l1,top3_recent_mean,m12,all,122,0.08636697021966766,0.949651230536191,0.6979769977220179,1.011489962009314
hs_l1,top3_recent_mean,m12,main_profitable,98,0.07737376680185477,0.7603845062607723,0.929776752107405,1.0748354291680577
hs_l1,top3_recent_mean,m12,main_all,104,0.0884956312368644,0.897282494283773,0.9603258735658887,1.1708363440061855
hs_l1,n_peers,m12,all,122,0.05487792643844015,0.6020648332389749,-0.12812971564598363,-0.5875452710960339
hs_l1,n_peers,m12,main_profitable,98,0.03367852659910214,0.3301681204169164,-0.14341097843654055,-0.5632394561868431
hs_l1,n_peers,m12,main_all,104,0.04363707280419613,0.44113303387858344,-0.20814817910103456,-0.7983521161811971
hs_l1,mean,unlock_d30,all,202,0.08857114651407588,1.2575274340555027,0.16450277695772292,1.9417443872426439
hs_l1,mean,unlock_d30,main_profitable,154,0.06898699287415687,0.8525599432188645,0.15968337757843512,1.4420284094795215
hs_l1,mean,unlock_d30,main_all,174,0.050428214714402946,0.6622023636467561,0.16124847145751675,1.6334872042958914
hs_l1,median,unlock_d30,all,202,0.1295617225731314,1.8478543531856777,0.08088626554941186,1.4954639063812754
hs_l1,median,unlock_d30,main_profitable,154,0.10500959572501094,1.3018428622409612,0.12646702002894677,1.9276381094367652
hs_l1,median,unlock_d30,main_all,174,0.09184027825871353,1.2095859688980248,0.09966964973738332,1.7162727383020593
hs_l1,top3_recent_mean,unlock_d30,all,202,0.04783888867516941,0.677319538628215,0.1250957485200058,1.35353110952494
hs_l1,top3_recent_mean,unlock_d30,main_profitable,154,0.05527964020275308,0.6825768966815524,0.17962140475841032,1.556571182927785
hs_l1,top3_recent_mean,unlock_d30,main_all,174,0.04436669033431963,0.5824372067898703,0.14422708119216462,1.3666978399995418
hs_l1,n_peers,unlock_d30,all,202,0.005131050860058127,0.0725649723952832,-0.017120713304275323,-0.29406029813237333
hs_l1,n_peers,unlock_d30,main_profitable,154,-0.013766930117888331,-0.1697462002153512,0.015032583312002475,0.2276472581851142
hs_l1,n_peers,unlock_d30,main_all,174,0.015348110102401722,0.20131228933071904,0.024841180321054264,0.4240263386670344
hs_l1,mean,unlock_d90,all,144,0.10535975135557325,1.26253338080141,0.10841526776508213,0.827925400568355
hs_l1,mean,unlock_d90,main_profitable,112,0.07547355656677243,0.7938375198033062,-0.0210965291882621,-0.14088858880152924
hs_l1,mean,unlock_d90,main_all,125,0.10943323357252677,1.2210064553171878,0.08073816414518134,0.5563459921379843
hs_l1,median,unlock_d90,all,144,0.02587348344657397,0.3084213904030339,0.07727302479554819,0.3652571585185857
hs_l1,median,unlock_d90,main_profitable,112,-0.02748341394483088,-0.28835740146267236,0.10167664019301086,0.3828879955602675
hs_l1,median,unlock_d90,main_all,125,-0.011478882662428733,-0.12731535533458327,0.12740781254046998,0.5433095292888893
hs_l1,top3_recent_mean,unlock_d90,all,144,0.2044943205158586,2.4894385031744815,0.25208682358967394,1.7431912222464998
hs_l1,top3_recent_mean,unlock_d90,main_profitable,112,0.13974464127857303,1.4801782999702333,0.15654427410039165,0.9479515904263707
hs_l1,top3_recent_mean,unlock_d90,main_all,125,0.19941515321013842,2.256951693200026,0.26802306035781226,1.7693007053250176
hs_l1,n_peers,unlock_d90,all,144,0.07730622410626295,0.9239750700078531,0.07213911135105483,0.7003075497046478
hs_l1,n_peers,unlock_d90,main_profitable,112,0.04012501220718189,0.42117386339340634,0.03126647432940347,0.2464200686518383
hs_l1,n_peers,unlock_d90,main_all,125,0.08052563368731216,0.895982147949786,0.027388454960361054,0.24469424900847836
hs_l3,mean,d1_close,all,191,-0.0308443298932853,-0.42424128329420063,0.01970759845726834,0.32458950631221395
hs_l3,mean,d1_close,main_profitable,113,-0.07012739100652397,-0.740661386052049,-0.012510872375279758,-0.16866250487113635
hs_l3,mean,d1_close,main_all,140,-0.012061524601199804,-0.14170113965238973,0.0034603611602250506,0.05778848245614845
hs_l3,median,d1_close,all,191,0.00462241790664097,0.06354841876783394,0.013645642532682512,0.2623967577143618
hs_l3,median,d1_close,main_profitable,113,-0.04746358284441118,-0.5006240935651158,-0.015153444576782124,-0.21031961093212223
hs_l3,median,d1_close,main_all,140,0.01247572219478167,0.14656795854997018,0.004236571026593736,0.07089095908387377
hs_l3,top3_recent_mean,d1_close,all,191,0.0051122318534651545,0.0702824867353978,-0.000122659722212759,-0.001929816061643325
hs_l3,top3_recent_mean,d1_close,main_profitable,113,-0.05397373998678438,-0.5694787338872928,-0.10398127791178986,-1.5927635444709967
hs_l3,top3_recent_mean,d1_close,main_all,140,-0.0307502725373531,-0.36140481927897256,-0.0561494864857424,-1.0062515348137633
hs_l3,n_peers,d1_close,all,191,0.08648258236030792,1.193410214955574,0.09254808658653615,1.5383076614848201
hs_l3,n_peers,d1_close,main_profitable,113,-0.006175269068376037,-0.06506173727739348,-0.02326666308086069,-0.3187034976284332
hs_l3,n_peers,d1_close,main_all,140,0.026802993826631812,0.3149770449926143,-0.002387340444953704,-0.04090064483035818
hs_l3,mean,d30,all,179,-0.04913708016718893,-0.6545169607211675,0.01963620839746147,0.20494287295031957
hs_l3,mean,d30,main_profitable,105,-0.0621586807169279,-0.632063945390562,-0.09946849975494615,-0.7067221694850351
hs_l3,mean,d30,main_all,130,-0.06500301142933312,-0.7369837936359085,-0.09256509104397943,-0.7812230126958036
hs_l3,median,d30,all,179,-0.09657774784791745,-1.2909178342320131,-0.18866365477419422,-1.8467252316719434
hs_l3,median,d30,main_profitable,105,-0.08993115413164034,-0.9164148589625901,-0.20573322704059005,-1.3817463190177912
hs_l3,median,d30,main_all,130,-0.07523235325281448,-0.8535759222502696,-0.19987867426818273,-1.6073897903057208
hs_l3,top3_recent_mean,d30,all,179,-0.17077397871371047,-2.3058727571142863,-0.3663508601009138,-2.5541589175520354
hs_l3,top3_recent_mean,d30,main_profitable,105,-0.17245910672766862,-1.7768925259547488,-0.336479490256253,-2.3710294080050907
hs_l3,top3_recent_mean,d30,main_all,130,-0.15595642462303005,-1.786302842308284,-0.3008083834769648,-2.5855295170848285
hs_l3,n_peers,d30,all,179,0.06710301913726653,0.8947643571776952,0.17149027469196157,1.1005935650103031
hs_l3,n_peers,d30,main_profitable,105,0.048211538453463675,0.48986331464866845,0.03834183145710618,0.22951349235361485
hs_l3,n_peers,d30,main_all,130,-0.023608248209648717,-0.26717130267316325,0.0013034559889113229,0.01043102147480293
hs_l3,mean,m3,all,152,-0.07881836704587593,-0.9683364091396507,-0.11295231550470088,-0.7740895320143779
hs_l3,mean,m3,main_profitable,93,-0.11200406230431043,-1.0752161878473459,-0.13571535820462352,-0.5262382943011144
hs_l3,mean,m3,main_all,108,-0.12671845829711095,-1.3152489634628681,-0.1335011829269365,-0.5974659260181351
hs_l3,median,m3,all,152,-0.008654221416925695,-0.10599610235509735,-0.1356346723716534,-0.8424330380987252
hs_l3,median,m3,main_profitable,93,0.011067536575061192,0.10558403673234376,-0.0811129378895547,-0.3661666076355907
hs_l3,median,m3,main_all,108,-0.00855763817258883,-0.08810950383362069,-0.11351445535172658,-0.5815088522461463
hs_l3,top3_recent_mean,m3,all,152,0.013269977236209679,0.16253767708173067,-0.001439950643147947,-0.007730744478478421
hs_l3,top3_recent_mean,m3,main_profitable,93,-0.06982904830404643,-0.6677566780299468,-0.032786057991880724,-0.13916120351581915
hs_l3,top3_recent_mean,m3,main_all,108,-0.08993737403746901,-0.9297297405979859,-0.058047588061975186,-0.28229826178460554
hs_l3,n_peers,m3,all,152,0.05389224947310031,0.6610031598694763,0.6304609251772615,1.8819340539646838
hs_l3,n_peers,m3,main_profitable,93,0.03063852226124615,0.2924101522984045,0.3943362930096882,1.5063286252926278
hs_l3,n_peers,m3,main_all,108,-0.008996495805200184,-0.09262834197826282,0.17152494683790992,0.8131543168128286
hs_l3,mean,m6,all,98,-0.1053538111011545,-1.03802915690132,-0.5100901124386922,-1.8457735514703237
hs_l3,mean,m6,main_profitable,62,-0.09561724276724737,-0.7440571172847771,-0.4906526851477867,-1.2794766783784732
hs_l3,mean,m6,main_all,69,-0.08487385758067718,-0.6972383074285309,-0.4174596677231447,-1.1697849511493588
hs_l3,median,m6,all,98,-0.08039331244263678,-0.7902482371223295,-0.2762324880946254,-0.9915375415996065
hs_l3,median,m6,main_profitable,62,-0.07174991865097734,-0.5572085998397381,-0.41842058275775174,-1.050092599863539
hs_l3,median,m6,main_all,69,-0.05708907349101757,-0.4680575662195506,-0.3580017156643144,-0.9480533399160966
hs_l3,top3_recent_mean,m6,all,98,-0.08648618542838009,-0.8505751589479917,-0.34181195475688475,-1.1584421125452506
hs_l3,top3_recent_mean,m6,main_profitable,62,-0.13497274558738975,-1.0551497383609239,-0.39821762347745204,-1.2007986807317057
hs_l3,top3_recent_mean,m6,main_all,69,-0.12815148349606123,-1.0576861402725313,-0.5711595148933883,-1.6276473507082148
hs_l3,n_peers,m6,all,98,0.1121444703617419,1.1057621634804133,0.4977237955240273,1.6316663781423235
hs_l3,n_peers,m6,main_profitable,62,0.11274112019449921,0.8788924322237303,0.27275485216487744,0.9507434523023817
hs_l3,n_peers,m6,main_all,69,0.08637449308452391,0.7096578724286031,-0.007691377919600839,-0.05121669315335796
hs_l3,mean,m12,all,48,-0.14038052054950692,-0.9616294275977428,-0.04843686206082752,-0.13010450229562967
hs_l3,mean,m12,main_profitable,32,-0.2711869854257711,-1.543180376881681,0.2700261039969207,0.5202777766992327
hs_l3,mean,m12,main_all,33,-0.24469247328617677,-1.4051041603951209,0.2700261039969207,0.5202777766992327
hs_l3,median,m12,all,48,-0.36951075441366615,-2.697021655591717,-0.5537430505476013,-1.3017246260549469
hs_l3,median,m12,main_profitable,32,-0.6203273974417349,-4.331871574046759,-0.7424611578059919,-1.2057587158303695
hs_l3,median,m12,main_all,33,-0.5720459035756773,-3.8831174033537956,-0.7424611578059919,-1.2057587158303695
hs_l3,top3_recent_mean,m12,all,48,-0.13328783975998654,-0.9121408076397379,-0.08392557592330194,-0.23300210911259375
hs_l3,top3_recent_mean,m12,main_profitable,32,-0.19402297315687864,-1.0832934313249372,0.14133866730352834,0.27884303401271787
hs_l3,top3_recent_mean,m12,main_all,33,-0.1787877325530214,-1.0117496096597776,0.14133866730352834,0.27884303401271787
hs_l3,n_peers,m12,all,48,0.09094514730169823,0.6193867981362959,-0.17692102206995214,-0.5387231205890735
hs_l3,n_peers,m12,main_profitable,32,0.09801231895723511,0.5394328404808698,-0.3237948547782411,-0.8416824865785831
hs_l3,n_peers,m12,main_all,33,0.13489923119297123,0.758015910822405,-0.3237948547782411,-0.8416824865785831
hs_l3,mean,unlock_d30,all,79,-0.005711537777967568,-0.05011935809400175,0.07540659412199426,0.5989040585602364
hs_l3,mean,unlock_d30,main_profitable,50,-0.017933568509765536,-0.12426739188354591,0.09707508596089565,0.681161278752776
hs_l3,mean,unlock_d30,main_all,55,0.012060815323242362,0.0878104477370633,0.11217687884501658,0.8612424790128549
hs_l3,median,unlock_d30,all,79,0.008233696550650588,0.07225284319597819,0.019862252956753354,0.1600087795129365
hs_l3,median,unlock_d30,main_profitable,50,-0.011996887377823232,-0.08312285584079554,0.08617897022980006,0.6180027896050366
hs_l3,median,unlock_d30,main_all,55,0.02079723487210919,0.1514389093597504,0.1422588025527414,1.0626280868719078
hs_l3,top3_recent_mean,unlock_d30,all,79,-0.052865214273256314,-0.46453995883592747,0.062018564849521576,0.5223548962159608
hs_l3,top3_recent_mean,unlock_d30,main_profitable,50,-0.13236223621282714,-0.9251726861291467,0.042675813872274176,0.29595523807242047
hs_l3,top3_recent_mean,unlock_d30,main_all,55,-0.10796957430088223,-0.7906523621231755,0.05443800684254954,0.40232466510411785
hs_l3,n_peers,unlock_d30,all,79,-0.008569401416043598,-0.0751989534018016,-0.10714812038692498,-1.247998698431103
hs_l3,n_peers,unlock_d30,main_profitable,50,0.09357141639646414,0.6511386142690999,0.00790426604283355,0.09253531850254577
hs_l3,n_peers,unlock_d30,main_all,55,0.09517380525977985,0.6960352943188125,0.07814441502827132,1.095866419943243
hs_l3,mean,unlock_d90,all,42,-0.1374387521387495,-0.8775668661413942,-0.05870222284746149,-0.2727977740174461
hs_l3,mean,unlock_d90,main_profitable,24,-0.05313596913888942,-0.2495823754506706,0.2193743522852886,0.736904200710044
hs_l3,mean,unlock_d90,main_all,25,-0.09173271719764256,-0.4417974225438871,-0.08284722124965505,-0.25592345354353396
hs_l3,median,unlock_d90,all,42,-0.07927306386280625,-0.5029496913347201,-0.2598959097301151,-1.1825308691575869
hs_l3,median,unlock_d90,main_profitable,24,0.030930140024791362,0.14514466086862035,-0.05802008513558071,-0.1470824791753371
hs_l3,median,unlock_d90,main_all,25,-0.04895926743763596,-0.2350823144899578,-0.3081268264858896,-0.8671362106525909
hs_l3,top3_recent_mean,unlock_d90,all,42,-0.16340120826885568,-1.0475189481821314,-0.014627933035633409,-0.053808051831006495
hs_l3,top3_recent_mean,unlock_d90,main_profitable,24,-0.17334521079736057,-0.825559144316748,-0.04373223801703788,-0.11082986970802473
hs_l3,top3_recent_mean,unlock_d90,main_all,25,-0.20427873997794352,-1.0007903240787017,-0.18307214386029572,-0.5690663284146186
hs_l3,n_peers,unlock_d90,all,42,0.2377204268334025,1.5478471674996572,0.1886424481689477,0.8507415072237281
hs_l3,n_peers,unlock_d90,main_profitable,24,0.25292596766620973,1.226196959719149,-0.07026106507695332,-0.4737412978655409
hs_l3,n_peers,unlock_d90,main_all,25,0.29710558438327656,1.4922514922522383,0.20248796903363248,0.8696862632470653
ths_global_l1,mean,d1_close,all,337,-0.009996428644956186,-0.18297382803355566,0.0336741164381014,0.9724075610118116
ths_global_l1,mean,d1_close,main_profitable,234,-0.04226350732907415,-0.6443142605161968,0.04478236913065254,0.993564953081037
ths_global_l1,mean,d1_close,main_all,281,-0.03655910780269282,-0.6110659949639164,0.02977536150800367,0.7855113365627551
ths_global_l1,median,d1_close,all,337,-0.08048545835639945,-1.4779204588889039,0.001410332765788131,0.03935410092972158
ths_global_l1,median,d1_close,main_profitable,234,-0.09591409946272073,-1.4676866388798735,0.045954379117274444,1.0041370733436894
ths_global_l1,median,d1_close,main_all,281,-0.10837379395947164,-1.8209240939179776,0.00975424204796888,0.24138172871286082
ths_global_l1,top3_recent_mean,d1_close,all,337,-0.09112542042171158,-1.6748373339994653,-0.042560452751009004,-1.1819772867795244
ths_global_l1,top3_recent_mean,d1_close,main_profitable,234,-0.07934027383785593,-1.2122967016763773,-0.041272983918851695,-0.8946160501780643
ths_global_l1,top3_recent_mean,d1_close,main_all,281,-0.08267777808906976,-1.3857354578125365,-0.03660591321981226,-0.9529004022201589
ths_global_l1,n_peers,d1_close,all,337,0.11483892770842907,2.1158959955265035,0.10395997469335888,2.672426266242425
ths_global_l1,n_peers,d1_close,main_profitable,234,0.06386225393240842,0.9747105262767134,0.07864061314888472,2.1159150484624556
ths_global_l1,n_peers,d1_close,main_all,281,0.06764457332210864,1.1324811016965552,0.03709616514491953,1.1651226215882187
ths_global_l1,mean,d30,all,324,-0.0802303572105034,-1.4443383307582949,-0.07514569708515743,-1.0243087859019944
ths_global_l1,mean,d30,main_profitable,226,-0.14123933890574558,-2.1352820424202377,-0.1495563075639307,-1.5791461935737507
ths_global_l1,mean,d30,main_all,270,-0.12907982435649776,-2.13095492564252,-0.09842885247413118,-1.2211806932676763
ths_global_l1,median,d30,all,324,-0.07512806368127986,-1.35194564623367,-0.11626310269710982,-1.6934188509040087
ths_global_l1,median,d30,main_profitable,226,-0.10274886793564425,-1.5459866416182022,-0.13030147199278075,-1.5828110332830472
ths_global_l1,median,d30,main_all,270,-0.08636794684055737,-1.4192073677515817,-0.1441600302731217,-1.8325563947157737
ths_global_l1,top3_recent_mean,d30,all,324,-0.23777191370917383,-4.39264092442492,-0.2890687003907769,-3.113236388267772
ths_global_l1,top3_recent_mean,d30,main_profitable,226,-0.293105962614142,-4.588327893676857,-0.3617950628916652,-3.763144356914197
ths_global_l1,top3_recent_mean,d30,main_all,270,-0.25572299544644767,-4.330349563156222,-0.3103873379342001,-3.75086739884907
ths_global_l1,n_peers,d30,all,324,0.07114534440364442,1.2799008825904223,0.11872983912826791,1.208402660405213
ths_global_l1,n_peers,d30,main_profitable,226,0.036336494131537125,0.5441942262936215,0.057934197913298804,0.5662685891860385
ths_global_l1,n_peers,d30,main_all,270,0.016882538574371712,0.27641846304945605,-0.02409675317873758,-0.295482731738272
ths_global_l1,mean,m3,all,286,0.030269827359497677,0.5103500587575822,0.20256412923288075,1.30073052517402
ths_global_l1,mean,m3,main_profitable,205,0.03338640220753033,0.4759483423380187,0.24922674860271135,1.693680982322784
ths_global_l1,mean,m3,main_all,237,0.006188804017436606,0.09487438600452466,0.12483458731760837,0.9678685217715053
ths_global_l1,median,m3,all,286,0.03076469631761962,0.5187014026669335,-0.034871596039336594,-0.2844491985868426
ths_global_l1,median,m3,main_profitable,205,0.04490602896774469,0.6404585117243107,-0.11107353235541044,-0.7174433316333585
ths_global_l1,median,m3,main_all,237,0.034565133539862326,0.5301902801537963,-0.08072524647601463,-0.5912146297422696
ths_global_l1,top3_recent_mean,m3,all,286,-0.011232803464902913,-0.18931051232225724,-0.07818084643944828,-0.5483223527621035
ths_global_l1,top3_recent_mean,m3,main_profitable,205,0.024451968734465576,0.3484911243862452,0.10172816354256685,0.7489223179467207
ths_global_l1,top3_recent_mean,m3,main_all,237,0.02796829110593242,0.42891357027044297,0.07644874325126089,0.6261404267971522
ths_global_l1,n_peers,m3,all,286,0.0559900297755104,0.945043216296916,0.2603494477898781,1.2896454307606193
ths_global_l1,n_peers,m3,main_profitable,205,0.037302064682953474,0.5318427561804405,0.02761037874538233,0.17494771356300698
ths_global_l1,n_peers,m3,main_all,237,0.03347980041558131,0.513523505928357,0.042094862917530645,0.3075935565620658
ths_global_l1,mean,m6,all,218,0.014401708965336636,0.21168298397466515,0.17237446058278588,0.6031556873148082
ths_global_l1,mean,m6,main_profitable,164,-0.013965216986131191,-0.17776552877895324,0.08862624194780232,0.25763732493790487
ths_global_l1,mean,m6,main_all,185,0.015015247056360554,0.20314539886484073,0.04353730556813798,0.14104195552961502
ths_global_l1,median,m6,all,218,-0.09127140534734479,-1.3470326683633742,-0.050942417731788814,-0.1638028633905312
ths_global_l1,median,m6,main_profitable,164,-0.10541043274512508,-1.349172279409573,-0.20530390175248528,-0.7728707981835942
ths_global_l1,median,m6,main_all,185,-0.08384549102552527,-1.1382488180310026,-0.18350531898421327,-0.7837847422262875
ths_global_l1,top3_recent_mean,m6,all,218,0.060962475463617966,0.8976312916566076,0.33766002285961844,1.2644249297830712
ths_global_l1,top3_recent_mean,m6,main_profitable,164,0.013772030350765324,0.17530595475637076,0.31866207290324333,0.9823166429283893
ths_global_l1,top3_recent_mean,m6,main_all,185,0.023713721933800253,0.3208835199099032,0.27316585153839834,0.9676051831169288
ths_global_l1,n_peers,m6,all,218,-0.025109610819885376,-0.3691507966550269,-0.048205939628579664,-0.1965870496679785
ths_global_l1,n_peers,m6,main_profitable,164,-0.062042244996203456,-0.7911930730814986,-0.2573285892127779,-0.8902852100704469
ths_global_l1,n_peers,m6,main_all,185,-0.025572019894071665,-0.34604503596668496,-0.14738152680633265,-0.5814265134320942
ths_global_l1,mean,m12,all,117,-0.024069654758365155,-0.2581930938390975,-0.3392171605188776,-0.9859961128307535
ths_global_l1,mean,m12,main_profitable,93,-0.06377682994887003,-0.6096332824508023,-0.38918283273635645,-0.9214434015160613
ths_global_l1,mean,m12,main_all,99,-0.03504267259978844,-0.34534240288461526,-0.3530793266037175,-0.8819451042905438
ths_global_l1,median,m12,all,117,-0.059321242985186005,-0.6372717305618979,0.35814530808412676,0.44666574969075884
ths_global_l1,median,m12,main_profitable,93,-0.07638340767999674,-0.7307862466466676,0.5843110639257725,0.5760120822406675
ths_global_l1,median,m12,main_all,99,-0.06336355945292665,-0.62531525120961,0.5943987690397103,0.6195083943077259
ths_global_l1,top3_recent_mean,m12,all,117,0.07775600398895104,0.8363724327316937,0.7472406441256595,1.0358640882718286
ths_global_l1,top3_recent_mean,m12,main_profitable,93,0.12647117829378524,1.2162240842366805,0.9411050755930782,1.028446279116416
ths_global_l1,top3_recent_mean,m12,main_all,99,0.12398905719264718,1.2306467741021245,0.882944864140126,1.0201576072375664
ths_global_l1,n_peers,m12,all,117,-0.10051823341642245,-1.0834252783576532,-0.4835105131177557,-1.4078466335315154
ths_global_l1,n_peers,m12,main_profitable,93,-0.14384896867780833,-1.3866533786629784,-0.5707397986132017,-1.3008189963911057
ths_global_l1,n_peers,m12,main_all,99,-0.10748294751146223,-1.064752453617729,-0.46717935027864543,-1.1055060885437005
ths_global_l1,mean,unlock_d30,all,192,0.08440019985495638,1.167542333389893,0.09435931239593598,1.9911577714642743
ths_global_l1,mean,unlock_d30,main_profitable,146,0.02785963129159348,0.3344453921034544,0.056880609681024846,0.9285349760484369
ths_global_l1,mean,unlock_d30,main_all,164,0.028031108549012633,0.3569180153852959,0.06444880164585959,1.143795678501097
ths_global_l1,median,unlock_d30,all,192,0.05655254231382808,0.7807725296313135,0.04327658495172749,0.7720184515490541
ths_global_l1,median,unlock_d30,main_profitable,146,-0.005625813479658804,-0.06751083011572859,-0.020585341703272905,-0.3619007996630701
ths_global_l1,median,unlock_d30,main_all,164,-0.0033338393983586845,-0.04243308383898849,0.01765023173817888,0.2984682907640851
ths_global_l1,top3_recent_mean,unlock_d30,all,192,0.07849225369457166,1.0852894695862607,0.08789353806072749,1.448035681396175
ths_global_l1,top3_recent_mean,unlock_d30,main_profitable,146,0.08144407839422847,0.9805865345920932,0.10182215024239263,1.394067756453697
ths_global_l1,top3_recent_mean,unlock_d30,main_all,164,0.08108510911982679,1.035454513289615,0.08986918045935513,1.315482905224211
ths_global_l1,n_peers,unlock_d30,all,192,-0.02395008637539468,-0.33022388110559336,-0.07374913415751674,-0.7680737173494614
ths_global_l1,n_peers,unlock_d30,main_profitable,146,-0.03433667430786841,-0.4122832058084417,-0.10142602418028232,-0.8407252926027629
ths_global_l1,n_peers,unlock_d30,main_all,164,0.0002308594591096055,0.002938361280975874,-0.05705032494478379,-0.5187706496700984
ths_global_l1,mean,unlock_d90,all,133,0.018677890994407653,0.21381553310807752,-0.015406885061568109,-0.13230539091764776
ths_global_l1,mean,unlock_d90,main_profitable,103,0.04347253332803154,0.4373069730311351,-0.06865304085957083,-0.5252247094885285
ths_global_l1,mean,unlock_d90,main_all,114,0.022422581303969145,0.23735797152062205,-0.15469171108410848,-1.148702242036301
ths_global_l1,median,unlock_d90,all,133,0.06242639379295828,0.7158990453967274,-0.02565763932383469,-0.18456487529431947
ths_global_l1,median,unlock_d90,main_profitable,103,0.08293333813516823,0.8363508807319019,-0.06934258584247492,-0.5901203395701707
ths_global_l1,median,unlock_d90,main_all,114,0.046133904459269875,0.4887557483783401,-0.14774593072174452,-1.1332320035415144
ths_global_l1,top3_recent_mean,unlock_d90,all,133,0.09542551221041506,1.0972019087659872,0.15010602654309557,1.0935915782599717
ths_global_l1,top3_recent_mean,unlock_d90,main_profitable,103,0.09445832913013362,0.9535579921003524,0.16302568269426015,1.0550067688487863
ths_global_l1,top3_recent_mean,unlock_d90,main_all,114,0.07771824308655935,0.8249878628655463,0.16453066081571946,1.0702885310670196
ths_global_l1,n_peers,unlock_d90,all,133,-0.010323244960169188,-0.11816123544777062,-0.03213630150283221,-0.1372121965714175
ths_global_l1,n_peers,unlock_d90,main_profitable,103,-0.06058393283863309,-0.609981460676151,-0.1672114692402103,-0.5813326398353501
ths_global_l1,n_peers,unlock_d90,main_all,114,0.03379494071684206,0.35785644678634637,-0.03452915836437204,-0.12824598270747395
ths_global_l4,mean,d1_close,all,175,0.04438035280720486,0.5843081182212865,-0.020206617165084158,-0.4009091469114458
ths_global_l4,mean,d1_close,main_profitable,103,0.030469118989569034,0.306353093233559,-0.008210091110219286,-0.13265306190708906
ths_global_l4,mean,d1_close,main_all,129,0.05838112237016556,0.6590459258482089,0.011949607880978957,0.2440579125925374
ths_global_l4,median,d1_close,all,175,0.0009350525055397265,0.012298700898570705,-0.04067565673066234,-0.779530151736081
ths_global_l4,median,d1_close,main_profitable,103,-0.03501631383959826,-0.3521255430131207,-0.0556429768475503,-0.987073834199711
ths_global_l4,median,d1_close,main_all,129,-0.017274783576817714,-0.19470597809305995,-0.026869104604065996,-0.5267520961296687
ths_global_l4,top3_recent_mean,d1_close,all,175,0.07579446363403082,0.9997964726116255,-0.03607439723172009,-0.6025476211374952
ths_global_l4,top3_recent_mean,d1_close,main_profitable,103,0.10440121701364588,1.0549844601319902,-0.003173563386037208,-0.041049019884529796
ths_global_l4,top3_recent_mean,d1_close,main_all,129,0.10793169814864556,1.223475628923764,-8.890564447480882e-05,-0.0014267063282058076
ths_global_l4,n_peers,d1_close,all,175,0.14430947396624283,1.9181730572526254,0.16249968299604203,2.477215339315093
ths_global_l4,n_peers,d1_close,main_profitable,103,0.10725557003429317,1.0841591283846648,0.10257144055085374,1.2509466661755673
ths_global_l4,n_peers,d1_close,main_all,129,0.08595794034664747,0.9722954838029553,0.10198208893285438,1.6851757259853117
ths_global_l4,mean,d30,all,162,0.03649022579417444,0.4618765085375982,-0.0034877483133983755,-0.031239808862019425
ths_global_l4,mean,d30,main_profitable,97,-0.001702983841073465,-0.016598657340824278,-0.10945121155109687,-0.7683211454414879
ths_global_l4,mean,d30,main_all,119,0.059754536550711945,0.6475011554780852,0.004345934245516991,0.033794344572471054
ths_global_l4,median,d30,all,162,0.014574049753908535,0.1843683490481234,-0.04821161519765213,-0.5176152698420928
ths_global_l4,median,d30,main_profitable,97,-0.07224067134641879,-0.7059594770992806,-0.09695045245916707,-0.697600774651593
ths_global_l4,median,d30,main_all,119,0.0066026817527441274,0.07142047966465148,-0.10812857767427195,-0.9024670288127504
ths_global_l4,top3_recent_mean,d30,all,162,-0.02060778938735751,-0.2607255764966081,-0.16829592315377595,-1.0178208405314013
ths_global_l4,top3_recent_mean,d30,main_profitable,97,0.01580684615421085,0.1540853295094196,0.017763499674980116,0.10885602920699455
ths_global_l4,top3_recent_mean,d30,main_all,119,0.05655314630285199,0.6126963716498124,0.04531339254849864,0.3167270423131877
ths_global_l4,n_peers,d30,all,162,0.02420403528166445,0.30624923918171465,0.26109619914182347,1.5776915982243127
ths_global_l4,n_peers,d30,main_profitable,97,0.06716520786075421,0.6561270898236944,0.16440491807731517,1.0890899694672052
ths_global_l4,n_peers,d30,main_all,119,-0.02322314184003496,-0.251264450440395,0.12109767203706595,0.9531764775152922
ths_global_l4,mean,m3,all,128,0.0886531910711078,0.9990633596096151,0.08529245369981664,0.46598023875305
ths_global_l4,mean,m3,main_profitable,76,0.1230213879550907,1.0663701205342417,0.16040635963899177,0.6932949502162273
ths_global_l4,mean,m3,main_all,91,0.11709462571506424,1.1123204060673455,0.13157934791732062,0.6654044653350624
ths_global_l4,median,m3,all,128,0.040664676670304475,0.4568377368909174,-0.03337932220483736,-0.14803776112602596
ths_global_l4,median,m3,main_profitable,76,0.012869521219971931,0.11071697667116129,-0.27857022305485435,-0.8448032385506322
ths_global_l4,median,m3,main_all,91,0.03230393875633071,0.30491388584388784,-0.15395317631919103,-0.5305895346565755
ths_global_l4,top3_recent_mean,m3,all,128,0.062059789843892973,0.697964786824202,0.18658929128203824,0.9928920503036357
ths_global_l4,top3_recent_mean,m3,main_profitable,76,0.09823040936011439,0.8491165159680059,0.2135898179742842,0.8700720564335529
ths_global_l4,top3_recent_mean,m3,main_all,91,0.07804808542709951,0.7385570629549689,0.20939777426022674,0.9073848356140953
ths_global_l4,n_peers,m3,all,128,0.07456427780347566,0.8393184291739766,0.5577354218282902,1.710790992012251
ths_global_l4,n_peers,m3,main_profitable,76,0.17621801745855362,1.5399836587397744,0.6445296475696746,1.8019639496475115
ths_global_l4,n_peers,m3,main_all,91,0.086290815844537,0.8171137702091906,0.4568542540250272,1.4909117304336246
ths_global_l4,mean,m6,all,79,0.048636415817272974,0.4272884916126656,-0.012141581904360002,-0.05220003183212197
ths_global_l4,mean,m6,main_profitable,47,0.022289141510560148,0.14955726180820084,-0.05264495920590165,-0.13995690785278475
ths_global_l4,mean,m6,main_all,56,0.09690940749427465,0.7155035263158005,0.1770741221239714,0.5709360447447368
ths_global_l4,median,m6,all,79,-0.029957677897868552,-0.26299559751162654,-0.08567261351636646,-0.2759948516717388
ths_global_l4,median,m6,main_profitable,47,-0.015695155099560414,-0.10529927155925982,0.06155196707916857,0.16583984715469074
ths_global_l4,median,m6,main_all,56,0.012146310818293156,0.08926337616995662,0.13174470796628643,0.4334222459423636
ths_global_l4,top3_recent_mean,m6,all,79,-0.014044023901155958,-0.12324796456965106,-0.0020716305767222165,-0.007873672484314018
ths_global_l4,top3_recent_mean,m6,main_profitable,47,-0.07786726060182701,-0.5239402851161278,-0.1377462481939211,-0.36201277123597203
ths_global_l4,top3_recent_mean,m6,main_all,56,-0.005438967805008708,-0.0399686787375996,-0.08390954641408219,-0.26920384047848767
ths_global_l4,n_peers,m6,all,79,0.055741570625994614,0.4898919664744963,0.31563167541600745,0.7577638960225117
ths_global_l4,n_peers,m6,main_profitable,47,0.15816262369901685,1.0745119333298692,0.4689418473621633,1.0009821401902685
ths_global_l4,n_peers,m6,main_all,56,0.017231698367700547,0.12664540910434674,0.14785626803938123,0.36505155267764994
ths_global_l4,mean,m12,all,29,0.21270575048235665,1.1311360794007896,0.17600759873006985,0.2852531872723651
ths_global_l4,mean,m12,main_profitable,20,0.025967290583369267,0.11020704614453171,0.1177636893746864,0.1496769543607633
ths_global_l4,mean,m12,main_all,23,0.1717518261595196,0.798937760300969,-0.3551780015874127,-0.6511591319832083
ths_global_l4,median,m12,all,29,0.1715116542181123,0.9046050529245709,0.243130024182113,1.0114717542430598
ths_global_l4,median,m12,main_profitable,20,0.09775921160797842,0.41675341728327303,-0.0405538583872416,-0.29462627877421776
ths_global_l4,median,m12,main_all,23,0.1537777978405001,0.713181367144927,0.23091901795243927,0.868947956872105
ths_global_l4,top3_recent_mean,m12,all,29,0.12752440221002756,0.6680909042161431,-0.63544917550982,-0.93984193923454
ths_global_l4,top3_recent_mean,m12,main_profitable,20,0.14205635436784364,0.6088688688156895,0.1896169275362463,0.2384849289670279
ths_global_l4,top3_recent_mean,m12,main_all,23,0.24264938230676314,1.1462148779999872,-0.2833247634258528,-0.5083278066382737
ths_global_l4,n_peers,m12,all,29,-0.12980969006328413,-0.6802667216958367,0.3017272210308103,0.3997360704226246
ths_global_l4,n_peers,m12,main_profitable,20,-0.13883051875464567,-0.5947676451059978,1.0272078026703118,1.4095808145284194
ths_global_l4,n_peers,m12,main_all,23,-0.23855992306950935,-1.1257209698995603,0.3661865286998299,0.42878531937585285
ths_global_l4,mean,unlock_d30,all,64,0.03481032518090101,0.2742629952320803,0.07652367079688588,0.7573942641626557
ths_global_l4,mean,unlock_d30,main_profitable,37,-0.1855137079564971,-1.1169014336657321,-0.07668582985920874,-0.9414204971898128
ths_global_l4,mean,unlock_d30,main_all,46,-0.05552988759242011,-0.3689128267080958,0.0048687664040304585,0.055105488810858326
ths_global_l4,median,unlock_d30,all,64,0.07233393665644489,0.571053879654859,0.10355346526490011,1.065899091946691
ths_global_l4,median,unlock_d30,main_profitable,37,-0.10222313251443485,-0.6079449304224248,-0.004501299859444505,-0.049203728490759394
ths_global_l4,median,unlock_d30,main_all,46,0.030948894049097973,0.20539012686801558,0.04083418048338978,0.49571613441693757
ths_global_l4,top3_recent_mean,unlock_d30,all,64,0.061301922224430684,0.4836013425217948,0.11560198811608527,1.0958528747538911
ths_global_l4,top3_recent_mean,unlock_d30,main_profitable,37,-0.15413919232516127,-0.9229295584829259,-0.021095425454247474,-0.18885272984542278
ths_global_l4,top3_recent_mean,unlock_d30,main_all,46,-0.040087760898198724,-0.2661260452283447,0.04788486539021515,0.425594776351768
ths_global_l4,n_peers,unlock_d30,all,64,0.029629192442746727,0.2334029680441527,-0.05773093690108875,-0.5371734103088327
ths_global_l4,n_peers,unlock_d30,main_profitable,37,0.18428926708447774,1.109269520481676,-0.0307405663257366,-0.22166816973484293
ths_global_l4,n_peers,unlock_d30,main_all,46,0.05417417342550861,0.35987929546554726,-0.09714233397260827,-0.7397816647415274
ths_global_l4,mean,unlock_d90,all,35,0.2964370081811638,1.7830445237432493,0.5501465051723535,2.147398096783544
ths_global_l4,mean,unlock_d90,main_profitable,20,0.02871209542115068,0.12186534654983171,0.18267805850883012,0.9466250296995241
ths_global_l4,mean,unlock_d90,main_all,27,0.27416313475444654,1.4254337342830783,0.5073993311058546,1.4621232856795245
ths_global_l4,median,unlock_d90,all,35,0.11451046517002947,0.6621682558845465,0.1597083444289985,0.9348332402991981
ths_global_l4,median,unlock_d90,main_profitable,20,-0.1299600108536294,-0.5560896951515385,-0.09624822905771324,-0.7839906769233187
ths_global_l4,median,unlock_d90,main_all,27,0.11487282182448878,0.5781916181975714,-0.08530587013268272,-0.8925423331341711
ths_global_l4,top3_recent_mean,unlock_d90,all,35,0.30597686457317474,1.8462514278248967,0.634694009098835,1.9991185747656655
ths_global_l4,top3_recent_mean,unlock_d90,main_profitable,20,0.10578140418318673,0.4513246880608988,0.06501139143492843,0.1903496420141465
ths_global_l4,top3_recent_mean,unlock_d90,main_all,27,0.31092243773828293,1.6356844147400786,0.4132659974467332,1.0129588270488654
ths_global_l4,n_peers,unlock_d90,all,35,-0.1706802109146621,-0.9950845606521702,-0.4333228998400497,-1.4079904801957084
ths_global_l4,n_peers,unlock_d90,main_profitable,20,0.002303776489232337,0.009774121804799515,-0.07023809097226086,-0.3514731101927786
ths_global_l4,n_peers,unlock_d90,main_all,27,-0.2549105422390411,-1.3180965033963008,-0.5344813823738659,-1.4022352997701757
sw_l1,mean,d1_close,all,136,0.17417264851084527,2.047489785983912,0.15161851700683598,2.318196166728226
sw_l1,mean,d1_close,main_profitable,74,0.17217861404621312,1.4831334781932515,0.1408849731281445,1.8654736871385709
sw_l1,mean,d1_close,main_all,106,0.164365375222214,1.6993160157865068,0.12006653763550171,2.2705749476870887
sw_l1,median,d1_close,all,136,0.043179794565337666,0.5003088886180102,0.0325855816424634,0.5572047781178273
sw_l1,median,d1_close,main_profitable,74,0.03560316824274109,0.3022945532170071,0.03611957275276434,0.4589820074181131
sw_l1,median,d1_close,main_all,106,0.00444485896074945,0.04532929293450423,0.042378882728895256,0.6777096991184005
sw_l1,top3_recent_mean,d1_close,all,136,0.1529607658247697,1.7917335280193634,0.0610904539256604,0.9051399316622347
sw_l1,top3_recent_mean,d1_close,main_profitable,74,0.2468675952199306,2.161645626231098,0.1842951339557617,2.7587837368563384
sw_l1,top3_recent_mean,d1_close,main_all,106,0.2324342301307008,2.4371209349950345,0.13229315169273653,2.700740696915137
sw_l1,n_peers,d1_close,all,136,0.31713432802041774,3.870909151985179,0.17701543072403528,2.7228940473154455
sw_l1,n_peers,d1_close,main_profitable,74,0.30160605239675525,2.6842087477085963,0.19347473286897104,2.8345924062300525
sw_l1,n_peers,d1_close,main_all,106,0.29509309278791107,3.1496285403089983,0.15056360660879223,2.875260930471726
sw_l1,mean,d30,all,130,0.14827197797553465,1.6962552888047366,0.05348559927848737,0.4278564114472029
sw_l1,mean,d30,main_profitable,73,0.150339051707838,1.2813424675405782,0.15389257698148398,0.8129937041569745
sw_l1,mean,d30,main_all,102,0.11689791665299865,1.1770490907421476,0.09396564099370784,0.6384516050163115
sw_l1,median,d30,all,130,0.09233107475888884,1.049088189276677,-0.028308849067428532,-0.2477273427422959
sw_l1,median,d30,main_profitable,73,0.0614707986561765,0.5189435394700348,-0.04662019951042495,-0.2723889820519692
sw_l1,median,d30,main_all,102,0.06595097525945308,0.6609487275517284,-0.01598829264975321,-0.12139796441930971
sw_l1,top3_recent_mean,d30,all,130,0.24467252782101878,2.854926956802959,0.2559035308949218,1.9468646433024013
sw_l1,top3_recent_mean,d30,main_profitable,73,0.24254206617890123,2.10659688435822,0.331132768795098,1.847309634225546
sw_l1,top3_recent_mean,d30,main_all,102,0.2554381499346571,2.6420297840743454,0.23774393816800676,1.533950208270886
sw_l1,n_peers,d30,all,130,0.2186319710050733,2.5348633504097853,0.2526572696930274,2.111757160316914
sw_l1,n_peers,d30,main_profitable,73,0.24679852912452604,2.1459422039429525,0.19601181599368594,1.2259110828829156
sw_l1,n_peers,d30,main_all,102,0.20534504001153267,2.0981630057850373,0.22820541153059767,1.9203171355637223
sw_l1,mean,m3,all,108,0.17112374607781694,1.7882036171153752,0.35602375413199744,1.628037871936279
sw_l1,mean,m3,main_profitable,66,0.13913861539878775,1.1240425811922872,0.4572699573996283,1.445641158745293
sw_l1,mean,m3,main_all,83,0.15381143665706848,1.4009742168725428,0.44246547658635704,1.7093614823217265
sw_l1,median,m3,all,108,0.060141427973267,0.6203167549950783,-0.003645628453855243,-0.017112363774571045
sw_l1,median,m3,main_profitable,66,0.02847087209104762,0.22785934576761638,-0.01618814404115526,-0.05433544526020439
sw_l1,median,m3,main_all,83,0.042084268042900476,0.3790942653584738,0.015450174367503011,0.0591039102173258
sw_l1,top3_recent_mean,m3,all,108,0.09891163145936471,1.0233759837470398,0.15206614114797018,0.6781320252407128
sw_l1,top3_recent_mean,m3,main_profitable,66,0.11270165200469119,0.9073943404478454,0.3851549115154781,1.218682949880367
sw_l1,top3_recent_mean,m3,main_all,83,0.14186430575025366,1.2898238834276663,0.19604724843191318,0.7055469071870222
sw_l1,n_peers,m3,all,108,0.2661794557496106,2.8430526404667646,0.6854249077948297,1.9515413864746376
sw_l1,n_peers,m3,main_profitable,66,0.28785029871475204,2.4045750233629093,0.5448668557158891,1.9790588920343033
sw_l1,n_peers,m3,main_all,83,0.2755172321965271,2.5794913818896874,0.46263994652801677,1.925520025611102
sw_l1,mean,m6,all,72,-0.009177274938188177,-0.07678582454330314,-0.08002672984782792,-0.3813318237839509
sw_l1,mean,m6,main_profitable,44,-0.054900903202915144,-0.3563359407487294,-0.28754971593984696,-0.7608554929842187
sw_l1,mean,m6,main_all,53,-0.006740125889152521,-0.04813522002377291,-0.12270466916069551,-0.4047602252575118
sw_l1,median,m6,all,72,-0.08254311434613634,-0.6929700063204386,-0.2795967192560726,-1.385058239270384
sw_l1,median,m6,main_profitable,44,-0.09875630975790783,-0.6431580188875381,-0.3733736913891458,-1.0243608555874972
sw_l1,median,m6,main_all,53,-0.032929371306732784,-0.2352903507651338,-0.416487754401236,-1.8246614209180643
sw_l1,top3_recent_mean,m6,all,72,0.13018850026349052,1.0985849104456455,0.3942955786326243,1.3585644040320384
sw_l1,top3_recent_mean,m6,main_profitable,44,0.07508298330064488,0.4879707460461692,0.24612762119316695,0.6102425754707063
sw_l1,top3_recent_mean,m6,main_all,53,0.09278772107282422,0.6655079276966862,0.2753264271418858,0.8337022452914341
sw_l1,n_peers,m6,all,72,0.18408000963129045,1.5669002036097337,0.6667417881307341,1.615946012408581
sw_l1,n_peers,m6,main_profitable,44,0.3032302414706952,2.062252961074799,0.7113626837848065,1.6916597753814726
sw_l1,n_peers,m6,main_all,53,0.13597345913760872,0.9801478693631336,0.3356574488162955,0.9843475966052042
sw_l1,mean,m12,all,26,-0.18222330674491327,-0.9079092091767635,-0.2083968865621359,-1.1270547792138523
sw_l1,mean,m12,main_profitable,19,nan,nan,nan,nan
sw_l1,mean,m12,main_all,19,nan,nan,nan,nan
sw_l1,median,m12,all,26,-0.45663524490157453,-2.5145131458137877,-0.4498658794272587,-3.1769433175637216
sw_l1,median,m12,main_profitable,19,nan,nan,nan,nan
sw_l1,median,m12,main_all,19,nan,nan,nan,nan
sw_l1,top3_recent_mean,m12,all,26,-0.16098675595885195,-0.7990937408589031,-0.22599914058265003,-1.1686205010730517
sw_l1,top3_recent_mean,m12,main_profitable,19,nan,nan,nan,nan
sw_l1,top3_recent_mean,m12,main_all,19,nan,nan,nan,nan
sw_l1,n_peers,m12,all,26,0.3160462521082986,1.6319517794680476,0.7880335265246076,3.0701661803520475
sw_l1,n_peers,m12,main_profitable,19,nan,nan,nan,nan
sw_l1,n_peers,m12,main_all,19,nan,nan,nan,nan
sw_l1,mean,unlock_d30,all,60,0.2020887045959396,1.5714858399696015,0.09170432780708064,0.9439349302607382
sw_l1,mean,unlock_d30,main_profitable,36,0.2331855412325992,1.3982399877320348,0.017586087922344812,0.14051220677466977
sw_l1,mean,unlock_d30,main_all,44,0.3004031438633988,2.04110895772044,0.10474453751884501,0.8239770388657365
sw_l1,median,unlock_d30,all,60,0.2624146902667027,2.071071018585044,0.12518317492184405,1.3759393278439447
sw_l1,median,unlock_d30,main_profitable,36,0.24512407537864106,1.4742845843878958,0.08778205457951067,0.6126562858623705
sw_l1,median,unlock_d30,main_all,44,0.2735865929057601,1.8433732939560497,0.13885400486123806,1.1046685443469366
sw_l1,top3_recent_mean,unlock_d30,all,60,0.04265636476177728,0.3251571525973735,-0.007293254854480485,-0.07443405410236517
sw_l1,top3_recent_mean,unlock_d30,main_profitable,36,0.042303571639542334,0.2468911073334643,0.040151170010446005,0.3273953737507631
sw_l1,top3_recent_mean,unlock_d30,main_all,44,0.10013438128779958,0.6522230841426009,0.11920589842872616,0.9806388005114653
sw_l1,n_peers,unlock_d30,all,60,-0.039519965204678716,-0.3012103994304039,-0.059287609338611096,-0.48676306253662993
sw_l1,n_peers,unlock_d30,main_profitable,36,-0.08501275906361935,-0.49750634984150716,-0.11248481148777739,-0.8506966614499422
sw_l1,n_peers,unlock_d30,main_all,44,-0.12621951828976266,-0.8245907696198085,-0.14909439564933963,-1.188360049767731
sw_l1,mean,unlock_d90,all,41,0.14132981561111552,0.8915533227273393,0.3900637532273674,1.5719723192867419
sw_l1,mean,unlock_d90,main_profitable,25,0.03512858981726138,0.16857484270334402,0.1187576621021918,1.0432736881633389
sw_l1,mean,unlock_d90,main_all,31,0.24291697059422393,1.348540645627598,0.5068839496026574,1.789188623291294
sw_l1,median,unlock_d90,all,41,0.2878108497843916,1.876790294339156,0.47286403584528897,1.8828166765622099
sw_l1,median,unlock_d90,main_profitable,25,0.18413557519597448,0.8984458523637258,0.06559339278830068,0.4203980809937836
sw_l1,median,unlock_d90,main_all,31,0.3635657326560218,2.101682581029661,0.4060857823348756,1.4329633029125821
sw_l1,top3_recent_mean,unlock_d90,all,41,0.2797789123123071,1.8198973370413192,0.16715010879075082,0.9671810875080938
sw_l1,top3_recent_mean,unlock_d90,main_profitable,25,0.2899073731072889,1.4527350489724946,0.24204820807955207,1.3142605632885995
sw_l1,top3_recent_mean,unlock_d90,main_all,31,0.3838088135388738,2.2382992802843558,0.2443297908859656,1.6006207314611456
sw_l1,n_peers,unlock_d90,all,41,-0.16149226249161358,-1.021932767644211,-0.38980117912168877,-1.752163974598414
sw_l1,n_peers,unlock_d90,main_profitable,25,-0.0760906447815887,-0.36597892071082294,0.022162704742772793,0.14412393583157898
sw_l1,n_peers,unlock_d90,main_all,31,-0.2720000473532752,-1.5221545118512128,-0.5297775865994271,-1.9545126191399855
sw_l3,mean,d1_close,all,46,-0.09671251538458293,-0.6445396233338728,-0.051755336971739674,-0.6373877386746507
sw_l3,mean,d1_close,main_profitable,24,-0.21318255572857794,-1.0234412948855143,-0.3189929471705699,-3.7389436206974396
sw_l3,mean,d1_close,main_all,29,-0.15670815410591998,-0.824465767399593,-0.14245554099763913,-1.4400506024344033
sw_l3,median,d1_close,all,46,-0.30260034438784744,-2.1059560213582755,-0.14052350683997097,-1.9196903060405588
sw_l3,median,d1_close,main_profitable,24,-0.30089301219806414,-1.4798947532150868,-0.28504651859914143,-2.8173295980935102
sw_l3,median,d1_close,main_all,29,-0.25144838645818035,-1.3499366502206298,-0.21817594632330772,-2.2765496524502082
sw_l3,top3_recent_mean,d1_close,all,46,-0.031949670260978294,-0.21203838691833152,-0.10241266712702413,-0.6385618529199795
sw_l3,top3_recent_mean,d1_close,main_profitable,24,-0.15836418425551504,-0.7522871501288684,-0.01868170347435122,-0.10392612243644134
sw_l3,top3_recent_mean,d1_close,main_all,29,-0.10940003211167999,-0.5718918492692162,-0.009236796555823434,-0.0622356624921169
sw_l3,n_peers,d1_close,all,46,-0.0035583160523053052,-0.02360334789069344,0.061715827573069704,0.40653175009757325
sw_l3,n_peers,d1_close,main_profitable,24,0.20387655008727093,0.9767815116437097,0.11523603977498748,0.7725700092114713
sw_l3,n_peers,d1_close,main_all,29,0.1559795785030699,0.8205368053354699,0.10737508860118335,0.9039121878721198
sw_l3,mean,d30,all,42,-0.16829477575714683,-1.0797909875545186,-0.24627215924488285,-0.7960285427425047
sw_l3,mean,d30,main_profitable,24,-0.20017414021583763,-0.9582955225450788,-0.2231210286877084,-0.5403710752754214
sw_l3,mean,d30,main_all,27,-0.259010433177348,-1.3408078732057063,-0.4679755286589825,-1.226496702003116
sw_l3,median,d30,all,42,-0.19489849915006918,-1.2567464423839145,-0.38303628297240505,-1.8416388168389026
sw_l3,median,d30,main_profitable,24,-0.3704028308215395,-1.8703812091372036,-0.6163596359713364,-1.6431848182476432
sw_l3,median,d30,main_all,27,-0.39529567049440006,-2.151728140874506,-0.5194087691599851,-1.7217456191903444
sw_l3,top3_recent_mean,d30,all,42,-0.0056746793367053365,-0.03589040126590894,-0.11284121280484122,-0.40266185827361145
sw_l3,top3_recent_mean,d30,main_profitable,24,-0.05308966327463519,-0.2493642593976799,-0.14177728429113387,-0.33708458627003385
sw_l3,top3_recent_mean,d30,main_all,27,-0.09773978610465964,-0.4910500760006625,-0.13199392045616293,-0.39114269411164204
sw_l3,n_peers,d30,all,42,-0.033148593001641455,-0.20976539007689915,-0.11406037166704569,-0.40572380531578095
sw_l3,n_peers,d30,main_profitable,24,0.0031104660443019155,0.014589449531214958,-0.2634199963494783,-0.6714542145065536
sw_l3,n_peers,d30,main_all,27,0.025624029107915586,0.12816222752246276,-0.05466331422723891,-0.16031827978552415
sw_l3,mean,m3,all,37,0.10965277448261929,0.6526500723691501,0.5328804514773764,1.1711279642580983
sw_l3,mean,m3,main_profitable,21,0.023460561253068675,0.10229036973949435,0.6942744567357415,0.8512697383992713
sw_l3,mean,m3,main_all,22,0.015293192306294457,0.06840123454702259,0.06118866257184025,0.17448821957534813
sw_l3,median,m3,all,37,0.06946514364426588,0.4119564625032825,0.22844524502649233,0.4667603000918583
sw_l3,median,m3,main_profitable,21,-0.11972860954966462,-0.5256662065090227,0.16151284544669442,0.18716538588886236
sw_l3,median,m3,main_all,22,-0.10116726460831345,-0.45476697490554485,-0.4715729487172068,-1.047994801359007
sw_l3,top3_recent_mean,m3,all,37,0.14790650512552656,0.8847578284921954,0.253502010216879,1.1715616928009123
sw_l3,top3_recent_mean,m3,main_profitable,21,0.1876844900245494,0.8328988641375593,0.232412339343577,0.7807005684016971
sw_l3,top3_recent_mean,m3,main_all,22,0.16822511536923904,0.7632022848614605,0.29404672191016273,0.9364824898638818
sw_l3,n_peers,m3,all,37,0.0,0.0,0.11737219205362093,0.2268946335669158
sw_l3,n_peers,m3,main_profitable,21,0.01129873684055286,0.049253196045289396,0.16496332071130337,0.2048358237358471
sw_l3,n_peers,m3,main_all,22,-0.025463295541774993,-0.11391225469393004,0.16496332071130337,0.2048358237358471
sw_l3,mean,m6,all,23,0.1290092890032244,0.5961768525370846,0.027543623923106192,0.05576114513811169
sw_l3,mean,m6,main_profitable,12,nan,nan,nan,nan
sw_l3,mean,m6,main_all,13,nan,nan,nan,nan
sw_l3,median,m6,all,23,-0.0270019442099772,-0.12378358709710842,0.027543623923106192,0.05576114513811169
sw_l3,median,m6,main_profitable,12,nan,nan,nan,nan
sw_l3,median,m6,main_all,13,nan,nan,nan,nan
sw_l3,top3_recent_mean,m6,all,23,0.07000504054438533,0.3215923799582717,-0.2870683499111666,-0.8809633382388085
sw_l3,top3_recent_mean,m6,main_profitable,12,nan,nan,nan,nan
sw_l3,top3_recent_mean,m6,main_all,13,nan,nan,nan,nan
sw_l3,n_peers,m6,all,23,-0.0979773055911266,-0.45115910395390796,0.8159086251605606,0.6517017593783581
sw_l3,n_peers,m6,main_profitable,12,nan,nan,nan,nan
sw_l3,n_peers,m6,main_all,13,nan,nan,nan,nan
sw_l3,mean,m12,all,6,nan,nan,nan,nan
sw_l3,mean,m12,main_profitable,4,nan,nan,nan,nan
sw_l3,mean,m12,main_all,4,nan,nan,nan,nan
sw_l3,median,m12,all,6,nan,nan,nan,nan
sw_l3,median,m12,main_profitable,4,nan,nan,nan,nan
sw_l3,median,m12,main_all,4,nan,nan,nan,nan
sw_l3,top3_recent_mean,m12,all,6,nan,nan,nan,nan
sw_l3,top3_recent_mean,m12,main_profitable,4,nan,nan,nan,nan
sw_l3,top3_recent_mean,m12,main_all,4,nan,nan,nan,nan
sw_l3,n_peers,m12,all,6,nan,nan,nan,nan
sw_l3,n_peers,m12,main_profitable,4,nan,nan,nan,nan
sw_l3,n_peers,m12,main_all,4,nan,nan,nan,nan
sw_l3,mean,unlock_d30,all,16,nan,nan,nan,nan
sw_l3,mean,unlock_d30,main_profitable,10,nan,nan,nan,nan
sw_l3,mean,unlock_d30,main_all,10,nan,nan,nan,nan
sw_l3,median,unlock_d30,all,16,nan,nan,nan,nan
sw_l3,median,unlock_d30,main_profitable,10,nan,nan,nan,nan
sw_l3,median,unlock_d30,main_all,10,nan,nan,nan,nan
sw_l3,top3_recent_mean,unlock_d30,all,16,nan,nan,nan,nan
sw_l3,top3_recent_mean,unlock_d30,main_profitable,10,nan,nan,nan,nan
sw_l3,top3_recent_mean,unlock_d30,main_all,10,nan,nan,nan,nan
sw_l3,n_peers,unlock_d30,all,16,nan,nan,nan,nan
sw_l3,n_peers,unlock_d30,main_profitable,10,nan,nan,nan,nan
sw_l3,n_peers,unlock_d30,main_all,10,nan,nan,nan,nan
sw_l3,mean,unlock_d90,all,11,nan,nan,nan,nan
sw_l3,mean,unlock_d90,main_profitable,8,nan,nan,nan,nan
sw_l3,mean,unlock_d90,main_all,8,nan,nan,nan,nan
sw_l3,median,unlock_d90,all,11,nan,nan,nan,nan
sw_l3,median,unlock_d90,main_profitable,8,nan,nan,nan,nan
sw_l3,median,unlock_d90,main_all,8,nan,nan,nan,nan
sw_l3,top3_recent_mean,unlock_d90,all,11,nan,nan,nan,nan
sw_l3,top3_recent_mean,unlock_d90,main_profitable,8,nan,nan,nan,nan
sw_l3,top3_recent_mean,unlock_d90,main_all,8,nan,nan,nan,nan
sw_l3,n_peers,unlock_d90,all,11,nan,nan,nan,nan
sw_l3,n_peers,unlock_d90,main_profitable,8,nan,nan,nan,nan
sw_l3,n_peers,unlock_d90,main_all,8,nan,nan,nan,nan
concept_any,mean,d1_close,all,170,-0.0980423381121864,-1.2769258580082288,-0.046573415041841246,-1.017999603605866
concept_any,mean,d1_close,main_profitable,92,-0.06949972087342711,-0.6609303929969516,-0.0235230973961462,-0.33956543508024517
concept_any,mean,d1_close,main_all,133,-0.07942934685608007,-0.9119918675600462,-0.03814608375516419,-0.7768200713245752
concept_any,median,d1_close,all,170,-0.08018810355814394,-1.0427144146349152,-0.03683562647768997,-0.8892685293024976
concept_any,median,d1_close,main_profitable,92,-0.027375931159577444,-0.25980826040420835,0.005982653714129997,0.08575706755936628
concept_any,median,d1_close,main_all,133,-0.08324540315758752,-0.9561057570475068,0.002332042528743082,0.047319245298936136
concept_any,top3_recent_mean,d1_close,all,170,-0.0445320463583122,-0.5777744679284406,-0.03453538349115723,-0.565611666700797
concept_any,top3_recent_mean,d1_close,main_profitable,92,-0.09792855317650939,-0.9335188350518591,-0.08734694186070932,-1.3511299850989096
concept_any,top3_recent_mean,d1_close,main_all,133,-0.08171245269619806,-0.938379760760036,-0.05329832249615682,-1.0280947611806677
concept_any,n_peers,d1_close,all,170,0.04872913987666837,0.6323530565643517,0.02070183673873796,0.43314729921148937
concept_any,n_peers,d1_close,main_profitable,92,-0.008968482215709079,-0.08508591482420991,0.003511787462032935,0.051934045823749636
concept_any,n_peers,d1_close,main_all,133,0.00605255571235277,0.06927593539475801,0.0034617806216854646,0.07254609572361909
concept_any,mean,d30,all,145,-0.17755638327763448,-2.1575476014162787,-0.12729369600072732,-1.152223653280639
concept_any,mean,d30,main_profitable,75,-0.20282081678365865,-1.7696831462139382,-0.1428742450496311,-0.934197126423404
concept_any,mean,d30,main_all,111,-0.22388185919245218,-2.3982722793117635,-0.159913260651543,-1.4616036970987794
concept_any,median,d30,all,145,-0.08839060526190404,-1.0611513677994007,-0.04924183021388642,-0.3909412033904576
concept_any,median,d30,main_profitable,75,-0.05313427797238354,-0.4546216792687142,-0.05502908503215781,-0.3062659651795004
concept_any,median,d30,main_all,111,-0.04444495930993817,-0.4644779790581256,-0.007670264114041453,-0.06201555386477933
concept_any,top3_recent_mean,d30,all,145,-0.014391253877199429,-0.17211219012856227,0.15915139987405857,0.9989465571682759
concept_any,top3_recent_mean,d30,main_profitable,75,-0.037088962998109334,-0.3171064182184637,-0.15938414742062323,-1.1723836663362113
concept_any,top3_recent_mean,d30,main_all,111,-0.020963598700054785,-0.21891450469366605,-0.07717745519568657,-0.744341675791747
concept_any,n_peers,d30,all,145,0.0012861663742109476,0.015380325583080508,-0.032913793676803735,-0.41385072284100466
concept_any,n_peers,d30,main_profitable,75,-0.0751923801454471,-0.6442678703942132,-0.03705222548816237,-0.31190610161696963
concept_any,n_peers,d30,main_all,111,-0.09018164807332109,-0.9453761396396771,-0.07207135134498621,-0.9048514509620342
concept_any,mean,m3,all,96,-0.14609477652421635,-1.4318038093678094,-0.1689766231185504,-0.8190480598797012
concept_any,mean,m3,main_profitable,56,-0.22142776176576562,-1.6685744903737434,-0.29004768265556846,-1.4267734592599952
concept_any,mean,m3,main_all,72,-0.2258627425065564,-1.9398301696856686,-0.3912204116201876,-2.547585678516053
concept_any,median,m3,all,96,-0.09630072508944108,-0.9380298664496939,0.01104051322243671,0.055396316206544144
concept_any,median,m3,main_profitable,56,-0.11514773516328813,-0.8518256109594048,-0.1227167427504488,-0.6513841553999824
concept_any,median,m3,main_all,72,-0.1422775511002404,-1.202613825046104,-0.10946389888243233,-0.6801489763596681
concept_any,top3_recent_mean,m3,all,96,-0.06003276866621868,-0.58309094572075,-0.08319029584683785,-0.3754233036754076
concept_any,top3_recent_mean,m3,main_profitable,56,-0.10159639727633478,-0.7504611105183642,-0.1352841402163186,-0.6508790941614764
concept_any,top3_recent_mean,m3,main_all,72,-0.18132655571354164,-1.5426595683708182,-0.1949749177009863,-1.162852783009293
concept_any,n_peers,m3,all,96,-0.14157275416264828,-1.3865644576752176,0.12909715073008265,0.31803011494229577
concept_any,n_peers,m3,main_profitable,56,-0.16893765104080763,-1.2595367801501356,-0.05586351779059734,-0.15901016557933964
concept_any,n_peers,m3,main_all,72,-0.17396021902185047,-1.4779910155241296,-0.10965487251162345,-0.3839895856985631
concept_any,mean,m6,all,20,-0.07145543942704978,-0.3039366797001284,0.21479630958470342,0.4904713216289385
concept_any,mean,m6,main_profitable,14,nan,nan,nan,nan
concept_any,mean,m6,main_all,17,nan,nan,nan,nan
concept_any,median,m6,all,20,-0.12358735425664791,-0.5283875164742698,-0.003968198703869103,-0.010221763891105856
concept_any,median,m6,main_profitable,14,nan,nan,nan,nan
concept_any,median,m6,main_all,17,nan,nan,nan,nan
concept_any,top3_recent_mean,m6,all,20,-0.07608299744125055,-0.32373115917100637,-2.224310721600984,-0.9974311415457389
concept_any,top3_recent_mean,m6,main_profitable,14,nan,nan,nan,nan
concept_any,top3_recent_mean,m6,main_all,17,nan,nan,nan,nan
concept_any,n_peers,m6,all,20,-0.06852463026459044,-0.291410366375043,1.9099246105927115,0.8874984183440844
concept_any,n_peers,m6,main_profitable,14,nan,nan,nan,nan
concept_any,n_peers,m6,main_all,17,nan,nan,nan,nan
concept_any,mean,m12,all,14,nan,nan,nan,nan
concept_any,mean,m12,main_profitable,11,nan,nan,nan,nan
concept_any,mean,m12,main_all,12,nan,nan,nan,nan
concept_any,median,m12,all,14,nan,nan,nan,nan
concept_any,median,m12,main_profitable,11,nan,nan,nan,nan
concept_any,median,m12,main_all,12,nan,nan,nan,nan
concept_any,top3_recent_mean,m12,all,14,nan,nan,nan,nan
concept_any,top3_recent_mean,m12,main_profitable,11,nan,nan,nan,nan
concept_any,top3_recent_mean,m12,main_all,12,nan,nan,nan,nan
concept_any,n_peers,m12,all,14,nan,nan,nan,nan
concept_any,n_peers,m12,main_profitable,11,nan,nan,nan,nan
concept_any,n_peers,m12,main_all,12,nan,nan,nan,nan
concept_any,mean,unlock_d30,all,17,nan,nan,nan,nan
concept_any,mean,unlock_d30,main_profitable,12,nan,nan,nan,nan
concept_any,mean,unlock_d30,main_all,15,nan,nan,nan,nan
concept_any,median,unlock_d30,all,17,nan,nan,nan,nan
concept_any,median,unlock_d30,main_profitable,12,nan,nan,nan,nan
concept_any,median,unlock_d30,main_all,15,nan,nan,nan,nan
concept_any,top3_recent_mean,unlock_d30,all,17,nan,nan,nan,nan
concept_any,top3_recent_mean,unlock_d30,main_profitable,12,nan,nan,nan,nan
concept_any,top3_recent_mean,unlock_d30,main_all,15,nan,nan,nan,nan
concept_any,n_peers,unlock_d30,all,17,nan,nan,nan,nan
concept_any,n_peers,unlock_d30,main_profitable,12,nan,nan,nan,nan
concept_any,n_peers,unlock_d30,main_all,15,nan,nan,nan,nan
concept_any,mean,unlock_d90,all,15,nan,nan,nan,nan
concept_any,mean,unlock_d90,main_profitable,11,nan,nan,nan,nan
concept_any,mean,unlock_d90,main_all,13,nan,nan,nan,nan
concept_any,median,unlock_d90,all,15,nan,nan,nan,nan
concept_any,median,unlock_d90,main_profitable,11,nan,nan,nan,nan
concept_any,median,unlock_d90,main_all,13,nan,nan,nan,nan
concept_any,top3_recent_mean,unlock_d90,all,15,nan,nan,nan,nan
concept_any,top3_recent_mean,unlock_d90,main_profitable,11,nan,nan,nan,nan
concept_any,top3_recent_mean,unlock_d90,main_all,13,nan,nan,nan,nan
concept_any,n_peers,unlock_d90,all,15,nan,nan,nan,nan
concept_any,n_peers,unlock_d90,main_profitable,11,nan,nan,nan,nan
concept_any,n_peers,unlock_d90,main_all,13,nan,nan,nan,nan
market,mean,d1_close,all,380,-0.008066515068185467,-0.1568360801303423,0.014684558157489891,0.4262085397990051
market,mean,d1_close,main_profitable,266,-0.04537735482021436,-0.7380550042122294,0.021888225135186814,0.4936248928575083
market,mean,d1_close,main_all,319,-0.02489059485614099,-0.44330178541134196,0.012689822755489504,0.33746981881006016
market,median,d1_close,all,380,-0.09014278662126783,-1.7597402409350023,-0.014513709649776869,-0.4703012735834296
market,median,d1_close,main_profitable,266,-0.10403385158192804,-1.6995723039162536,-0.01980442992421571,-0.5157286606703073
market,median,d1_close,main_all,319,-0.08594941914238875,-1.535969754768153,-0.02089784625213564,-0.6310509258108449
market,top3_recent_mean,d1_close,all,380,-0.010537381867946623,-0.20488149354800667,0.016201237548126638,0.4406742070523486
market,top3_recent_mean,d1_close,main_profitable,266,-0.03919004097215716,-0.6372523488943743,-0.0034953943795293235,-0.08046559930044314
market,top3_recent_mean,d1_close,main_all,319,-0.02933649931817219,-0.5225464286750076,0.003934107170712433,0.10818273197319542
market,n_peers,d1_close,all,380,0.06554867106053994,1.2771585120486364,0.07093174440847265,2.307878095612669
market,n_peers,d1_close,main_profitable,266,0.01683631708935656,0.27359655305613023,0.05982164874056471,1.5798387698057708
market,n_peers,d1_close,main_all,319,0.03059632629982469,0.545007262326433,0.05444030465200428,1.7798027095176463
market,mean,d30,all,367,0.024490503024947364,0.4680307832357149,0.05891414493101953,0.7089155536574999
market,mean,d30,main_profitable,259,0.004790091006161007,0.07679188154419238,-0.037052256595115136,-0.4481568420559791
market,mean,d30,main_all,309,-0.007893122592697616,-0.13830298858692372,-0.03494101324790164,-0.5119815404765901
market,median,d30,all,367,0.03902142838828124,0.7460715700765347,-0.007977754764237385,-0.117398929054238
market,median,d30,main_profitable,259,0.026469795042250256,0.4244918317199539,-0.07633210893612595,-0.9545648631156732
market,median,d30,main_all,309,0.015460074741812213,0.2709147708509124,-0.04158193331276446,-0.6004083638255774
market,top3_recent_mean,d30,all,367,-0.03216858502082718,-0.6148981900515925,0.03144668038659801,0.3787932993712762
market,top3_recent_mean,d30,main_profitable,259,-0.06575161985514832,-1.0563646041205614,-0.058977478833030283,-0.7299337712020225
market,top3_recent_mean,d30,main_all,309,-0.05969044293520107,-1.0477292185388933,-0.042420999334566084,-0.6042853425244494
market,n_peers,d30,all,367,0.09275691447125413,1.7797914277973825,0.14121857396656726,1.626866149727154
market,n_peers,d30,main_profitable,259,0.07622159991555909,1.2254902728560504,0.08507965822718916,1.0147053378097344
market,n_peers,d30,main_all,309,0.057849270288984025,1.0153013953562633,0.027541859400211234,0.3653215429148147
market,mean,m3,all,331,0.09255707789394095,1.686070996794351,0.18427282930183622,1.3616176353809202
market,mean,m3,main_profitable,243,0.09446199121897025,1.4730311586066411,0.10918218391548329,0.9103587261260633
market,mean,m3,main_all,279,0.0951453000813773,1.5907499916318937,0.05634000225735302,0.5261182985055899
market,median,m3,all,331,0.059637027916177934,1.0836464630201743,0.10924855759583105,0.7725982539826779
market,median,m3,main_profitable,243,0.048787270990738325,0.7582850897022443,0.0791670847900143,0.6837885548976653
market,median,m3,main_all,279,0.054444276058598064,0.9074793078336549,0.05461321997190193,0.522363732072003
market,top3_recent_mean,m3,all,331,0.009889858507551157,0.17939455918818778,0.03581542036724511,0.24304732910460145
market,top3_recent_mean,m3,main_profitable,243,-0.035264485520233674,-0.5477927528856881,-0.13776480556140036,-1.1143308758412878
market,top3_recent_mean,m3,main_all,279,-0.02714682866671777,-0.45197984846184275,-0.13505174823957794,-1.219388906808592
market,n_peers,m3,all,331,0.11078817669672511,2.0219626335772722,0.1911624466476533,1.4100655668210955
market,n_peers,m3,main_profitable,243,0.11265900866727402,1.7601437186801652,0.15187487080433448,1.3374359130947706
market,n_peers,m3,main_all,279,0.11643648067814434,1.9511607774130206,0.10886959002545812,1.04347353531337
market,mean,m6,all,259,0.1272931091499527,2.0574004347237254,0.00037789644882758877,0.0018957011703213487
market,mean,m6,main_profitable,198,0.09806686190461249,1.3795859076552934,-0.05414606709450071,-0.2157112928101745
market,mean,m6,main_all,222,0.14097051795790064,2.112021767650359,-0.021771273571690092,-0.09775409741100138
market,median,m6,all,259,0.09980390885837538,1.608006950963326,0.15035774225161555,0.9367522829878538
market,median,m6,main_profitable,198,0.058613077439823455,0.8219962801282547,0.13202130475554516,0.6609698306506229
market,median,m6,main_all,222,0.10595203286758408,1.5804184046001453,0.13771214141089586,0.7808865199669336
market,top3_recent_mean,m6,all,259,0.019650871458233465,0.3150882771428802,0.05201334949881431,0.3060376445633335
market,top3_recent_mean,m6,main_profitable,198,-0.030614340243587963,-0.42880175512845925,-0.10633706797742548,-0.5282542459917905
market,top3_recent_mean,m6,main_all,222,-0.01050604105293392,-0.15583837223970937,-0.042165561790654615,-0.2344138050345069
market,n_peers,m6,all,259,0.1428644485710716,2.314028028163999,0.2057596622255709,1.4096841924997727
market,n_peers,m6,main_profitable,198,0.13458573320965161,1.9015002031953634,0.2768441966313207,1.6027278541077
market,n_peers,m6,main_all,222,0.1736029555970342,2.6146495083465724,0.13837090105816452,0.7911138020011755
market,mean,m12,all,145,0.13175958826651266,1.5894730127419685,0.31874182563782943,1.2821856972521923
market,mean,m12,main_profitable,121,0.17628253431800944,1.9536097073612908,0.35557450571807325,1.3112502036651672
market,mean,m12,main_all,127,0.18899428104825655,2.1517996272311217,0.38642367968436164,1.4309606653489009
market,median,m12,all,145,-0.23488660074902384,-2.8896804423579856,-0.1328702636012443,-0.47128634753484766
market,median,m12,main_profitable,121,-0.17626593538976432,-1.953419854705747,0.035359555552146635,0.10933136447542495
market,median,m12,main_all,127,-0.2184551798281158,-2.502854651380579,-0.018463616267916663,-0.059841704145664955
market,top3_recent_mean,m12,all,145,0.039078747527914834,0.4676710904977592,-0.4215656482080347,-0.7184110064012924
market,top3_recent_mean,m12,main_profitable,121,0.1321542920671613,1.4543893464648325,-0.27710477962040636,-0.39822219139612985
market,top3_recent_mean,m12,main_all,127,0.14632997018127897,1.6538208001722998,-0.2884934023786856,-0.42676655616129844
market,n_peers,m12,all,145,0.2977817495029072,3.73017501118629,0.4212156454916693,2.0068639925781553
market,n_peers,m12,main_profitable,121,0.28564412500449154,3.2514799599090063,0.1976833762386976,0.7283722032430131
market,n_peers,m12,main_all,127,0.3160025173687041,3.7238307783332725,0.2688678779238436,0.9990638346138884
market,mean,unlock_d30,all,234,0.03337184344117515,0.5085880565947011,-0.024972981429575353,-0.47605483389654735
market,mean,unlock_d30,main_profitable,182,0.038598581496201025,0.5182405066973292,-0.004131112631263933,-0.0783708958998915
market,mean,unlock_d30,main_all,202,0.038984671090714004,0.5517459382378271,-0.0051945456738006004,-0.10547284898260528
market,median,unlock_d30,all,234,-0.16066631560378766,-2.479406927592024,-0.13530721679945368,-2.501878234411378
market,median,unlock_d30,main_profitable,182,-0.14089307451993183,-1.9093248143835766,-0.10589425402780486,-1.7274988166797722
market,median,unlock_d30,main_all,202,-0.1363388288990732,-1.9462962068506897,-0.11086418191095346,-1.9832897956974003
market,top3_recent_mean,unlock_d30,all,234,-0.08071538782604844,-1.2334446550771463,-0.020799236182788786,-0.4357712541623895
market,top3_recent_mean,unlock_d30,main_profitable,182,-0.04997902066787775,-0.6713779686181928,0.02038644413200201,0.40388336127710234
market,top3_recent_mean,unlock_d30,main_all,202,-0.06568463472217449,-0.9309314218657886,3.6542831896111544e-05,0.000774873163908686
market,n_peers,unlock_d30,all,234,0.061981501490272914,0.9458927738224062,0.005457210992619012,0.10523362357109721
market,n_peers,unlock_d30,main_profitable,182,0.052345339340486824,0.7032505487122199,0.01480377972350473,0.26403854576849545
market,n_peers,unlock_d30,main_all,202,0.05743850071214164,0.8136463594043883,0.01727518162565511,0.34056271519824516
market,mean,unlock_d90,all,177,-0.02218235462877915,-0.2935171916668283,-0.16643770116276116,-0.9811893660631281
market,mean,unlock_d90,main_profitable,142,-0.05043745316830214,-0.5975445357323879,-0.07391753054675788,-0.6602694208912909
market,mean,unlock_d90,main_all,155,-0.01294733791942086,-0.16016315035912515,-0.04013641542944607,-0.37304305451182107
market,median,unlock_d90,all,177,-0.02244821636094622,-0.29703684053258866,-0.05749990547786615,-0.6015432184474215
market,median,unlock_d90,main_profitable,142,-0.014229941465206616,-0.16838798744282496,-0.05347314261472903,-0.49348204260870815
market,median,unlock_d90,main_all,155,-0.018753502199046708,-0.23200881287420883,-0.028465890390149517,-0.2831864008172654
market,top3_recent_mean,unlock_d90,all,177,0.05375277943033288,0.7121119518127345,-0.03276721372190344,-0.18278620714763064
market,top3_recent_mean,unlock_d90,main_profitable,142,0.06457667807868514,0.7656797258106246,-0.06226855865419563,-0.2855466165873976
market,top3_recent_mean,unlock_d90,main_all,155,0.041803064134453,0.5175277332909961,-0.044437175062490425,-0.2244676308585344
market,n_peers,unlock_d90,all,177,0.18157217511792964,2.442575518178586,0.10750423985688123,1.3007838309633615
market,n_peers,unlock_d90,main_profitable,142,0.15290855445473603,1.8307676159994817,0.09019662661530237,0.885066363123391
market,n_peers,unlock_d90,main_all,155,0.2088524306461238,2.6416170334108355,0.13463407691920334,1.5227821188844746
