ipo_id,stock_code,name,listing_date,listing_chapter,NACS,Q_company,Q_ecosystem,R_lockup,decision,position_pct,regime_score,cluster_count,r5d,r30d,r60d,r180d,year
HK_2260_HK_2022,2260.HK,环龙控股,2022-01-11,main_board_profitable,0.12704280000000004,0.4,0.4,0.20598249999999999,SKIP,0.0,,0,0.0,-0.00813008130081302,-0.016260162601626,-0.10569105691056899,2022
HK_6680_HK_2022,6680.HK,金力永磁,2022-01-14,a_plus_h,0.26482432533674616,0.4773364758632813,0.6507869809034879,0.22499998529481371,RELATIONSHIP,0.1,,0,-0.0319148936170212,0.0531914893617021,-0.173758865248227,-0.191848540128737,2022
HK_2250_HK_2022,2250.HK,小黄鸭德盈,2022-01-17,main_board_profitable,0.0,0.4,0.0,0.234,SKIP,0.0,,0,-0.121338912133891,-0.238493723849372,-0.230125523012552,-0.320157868186,2022
HK_2121_HK_2022,2121.HK,创新奇智,2022-01-27,main_board_profitable,0.2881171375105653,0.6822725246335162,0.5455948274708456,0.22599999304851356,RELATIONSHIP,0.0,,0,-0.11938775510204101,-0.587244897959184,-0.0326530612244898,-0.110204081632653,2022
HK_9878_HK_2022,9878.HK,汇通达网络,2022-02-18,main_board_profitable,0.378541495412974,0.6774203749864472,0.7174498425717354,0.2211322998472951,TRIAL,0.4,,0,-0.0465631929046563,0.0266075388026607,0.006651884700665121,-0.237250554323725,2022
HK_1406_HK_2022,1406.HK,清晰医疗,2022-02-18,main_board_profitable,0.0,0.4,0.0,0.1806,SKIP,0.0,,0,-0.064935064935065,-0.18831168831168799,-0.220779220779221,-0.246753246753247,2022
HK_2157_HK_2022,2157.HK,乐普生物-B,2022-02-23,18a,0.19121050795240105,0.7066449061128762,0.35,0.2268878862906652,SKIP,0.0,,0,-0.00140056022408961,-0.0896358543417367,-0.0798319327731092,0.379551820728291,2022
HK_9866_HK_2022,9866.HK,蔚来-SW,2022-03-10,secondary,0.13341122750974654,0.5338584534203542,0.4,0.26499999999999996,SKIP,0.0,,0,-0.0874764002517307,-0.14537444933920698,-0.0264317180616741,-0.45185651353052203,2022
HK_0816_HK_2022,0816.HK,金茂服务,2022-03-10,main_board_profitable,0.10474804548200242,0.4,0.4,0.345324715737485,SKIP,0.0,,0,-0.14137931034482698,-0.0982758620689654,-0.175862068965517,-0.374137931034483,2022
HK_6639_HK_2022,6639.HK,瑞尔集团,2022-03-22,main_board_profitable,0.2758284647407461,0.618746057752644,0.6164980847711331,0.27690575427180614,RELATIONSHIP,0.0,,0,0.043478260869565195,-0.0579710144927537,-0.13768115942029,-0.365942028985507,2022
HK_6655_HK_2022,6655.HK,华新建材,2022-03-28,a_plus_h,0.0,0.5313169444328862,0.0,0.3159058285506884,SKIP,0.0,-0.0982208848062505,0,0.0130434782608695,0.0217391304347825,-0.12453663362590399,-0.28967367656109,2022
HK_0587_HK_2022,0587.HK,海螺环保,2022-03-30,main_board_profitable,0.0,0.45631694443288623,0.0,0.3159058285506884,SKIP,0.0,-0.0982208848062505,0,0.025588536335721602,-0.357215967246673,-0.44114636642784,-0.6980552712384851,2022
HK_9638_HK_2022,9638.HK,法拉帝,2022-03-31,main_board_profitable,0.23127325381925343,0.4729881143203488,0.6727294893195102,0.2731668654333777,SKIP,0.0,-0.0982208848062505,0,0.0,-0.0415754923413568,-0.122113848089762,-0.073587477883668,2022
HK_2370_HK_2022,2370.HK,力高健康生活,2022-03-31,main_board_profitable,0.0,0.4,0.0,0.25019154283640266,SKIP,0.0,-0.0982208848062505,0,0.5926640926640929,0.714285714285715,1.12355212355212,-0.563706563706564,2022
HK_2179_HK_2022,2179.HK,瑞科生物-B,2022-03-31,18a,0.17257587215776699,0.4,0.5981316962439572,0.27868781557022176,SKIP,0.0,-0.0982208848062505,0,0.0811881188118812,-0.029702970297029698,-0.09900990099009899,-0.0851485148514851,2022
HK_2390_HK_2022,2390.HK,知乎-W,2022-04-22,main_board_unprofitable,0.0,0.604442257059494,0.0,0.28169670073465986,SKIP,0.0,-0.0982758620689654,0,0.102040816326531,0.189795918367347,-0.0775510204081632,0.0693877551020408,2022
HK_2352_HK_2022,2352.HK,东原仁知服务,2022-04-29,main_board_profitable,0.0,0.5459659982760791,0.0,0.2396454689775749,SKIP,0.0,-0.0982758620689654,0,-0.04201680672268911,-0.0655462184873951,-0.176470588235294,-0.34621848739495803,2022
HK_2423_HK_2022,2423.HK,贝壳-W,2022-05-11,main_board_unprofitable,0.0,0.4501027195322621,0.0,0.3272931351266513,SKIP,0.0,-0.0579710144927537,0,0.056910569105691096,0.596747967479675,0.294308943089431,0.6,2022
HK_2325_HK_2022,2325.HK,云康集团,2022-05-18,main_board_profitable,0.10505719679464412,0.4,0.35,0.24959145146682762,SKIP,0.0,-0.0579710144927537,0,0.0705882352941176,1.1176470588235299,1.20470588235294,0.862162567936823,2022
HK_2347_HK_2022,2347.HK,友和集团,2022-06-10,main_board_profitable,0.0,0.3925020698898218,0.0,0.3637375795710958,SKIP,0.0,-0.0579710144927537,0,-0.061904761904762,-0.238095238095238,-0.30952380952381,-0.585714285714286,2022
HK_6667_HK_2022,6667.HK,美因基因,2022-06-22,main_board_profitable,0.23353254402913498,0.5999598194914023,0.609485320810708,0.3613513560921356,SKIP,0.0,-0.049773253417055255,0,-0.011111111111111101,-0.021111111111111098,-0.261111111111111,-0.388888888888889,2022
HK_2246_HK_2022,2246.HK,快狗打车,2022-06-24,main_board_profitable,0.10476789997399238,0.4,0.35,0.2516578573286258,SKIP,0.0,-0.049773253417055255,0,-0.33014354066985596,-0.697368421052632,-0.641148325358852,-0.857655502392345,2022
HK_2167_HK_2022,2167.HK,天润云,2022-06-30,main_board_profitable,0.09354388791767669,0.4,0.35,0.33182937201659507,SKIP,0.0,-0.0415754923413568,0,0.02803738317757,-0.24532710280373798,-0.267133956386293,-0.20404984423676,2022
HK_2372_HK_2022,2372.HK,伟立控股,2022-06-30,main_board_profitable,0.0,0.4,0.0,0.20186431454533074,SKIP,0.0,-0.0415754923413568,0,0.0476190476190477,-0.19047619047619002,-0.341269841269841,-0.30952380952381,2022
HK_2391_HK_2022,2391.HK,涂鸦智能-W,2022-07-05,main_board_unprofitable,0.0,0.4,0.0,0.27429361876589337,SKIP,0.0,-0.0415754923413568,0,-0.020725388601036402,-0.32331606217616604,-0.5953367875647669,-0.191709844559586,2022
HK_9955_HK_2022,9955.HK,智云健康,2022-07-06,main_board_profitable,0.31087426874972035,0.6573103978467231,0.6412387255988563,0.2624447952857167,SKIP,0.0,-0.0415754923413568,0,-0.024822695035461,-0.38156028368794304,-0.475177304964539,-0.704609929078014,2022
HK_2392_HK_2022,2392.HK,玄武云,2022-07-08,main_board_profitable,0.13767237308919472,0.6328541625614782,0.35,0.3784513705248996,SKIP,0.0,-0.03563923131919325,0,-0.0764331210191083,-0.0461783439490446,-0.159235668789809,-0.504777070063694,2022
HK_2376_HK_2022,2376.HK,鲁商服务,2022-07-08,main_board_profitable,0.0,0.4,0.0,0.20185681492031196,SKIP,0.0,-0.03563923131919325,0,-0.187358916478555,-0.34311512415349904,-0.45372460496614003,-0.521444695259594,2022
HK_2297_HK_2022,2297.HK,润迈德-B,2022-07-08,18a,0.0,0.4,0.0,0.2696319725187885,SKIP,0.0,-0.03563923131919325,0,-0.0321969696969697,-0.240530303030303,-0.498106060606061,-0.793560606060606,2022
HK_2361_HK_2022,2361.HK,中康科技控股,2022-07-12,main_board_profitable,0.11876090967274712,0.4,0.4,0.2577443145453307,SKIP,0.0,-0.03563923131919325,0,0.119402985074627,-0.17910447761194,-0.347014925373134,-0.167910447761194,2022
HK_2385_HK_2022,2385.HK,读书郎,2022-07-12,main_board_profitable,0.15177739915097932,0.5178758841261064,0.4,0.2673080374890537,SKIP,0.0,-0.03563923131919325,0,0.023611111111111097,-0.04722222222222219,-0.048611111111111195,0.0666666666666666,2022
HK_9696_HK_2022,9696.HK,天齐锂业,2022-07-13,a_plus_h,0.37947671417679946,0.6301809188595388,0.7173406310465965,0.2368643069229596,SKIP,0.0,-0.03563923131919325,2,-0.038414634146341504,0.000609756097560941,-0.16280487804878,-0.31036585365853697,2022
HK_9896_HK_2022,9896.HK,名创优品,2022-07-13,main_board_profitable,0.0,0.5675226606192001,0.0,0.2621655833826166,SKIP,0.0,-0.03563923131919325,0,0.070254110612855,-0.155455904334828,-0.124869284478486,1.70215799880327,2022
HK_6686_HK_2022,6686.HK,诺亚控股,2022-07-13,main_board_profitable,0.0,0.6271276005479011,0.0,0.2603279225676442,SKIP,0.0,-0.03563923131919325,0,-0.017921146953405,-0.03584229390681,-0.222939068100358,-0.032258064516129,2022
HK_6661_HK_2022,6661.HK,湖州燃气,2022-07-13,main_board_profitable,0.1281360296727471,0.4,0.4,0.19914981454533073,SKIP,0.0,-0.03563923131919325,2,0.07142857142857151,-0.1375,-0.00714285714285715,-0.0178571428571428,2022
HK_2418_HK_2022,2418.HK,德银天下,2022-07-15,main_board_profitable,0.18994420268926593,0.4,0.5905984378248149,0.19596721509781692,SKIP,0.0,-0.03563923131919325,0,-0.088888888888889,-0.338888888888889,-0.427777777777778,-0.494444444444444,2022
HK_2172_HK_2022,2172.HK,微创脑科学,2022-07-15,main_board_profitable,0.15108506820512294,0.5895192736338221,0.35,0.2677565556383491,SKIP,0.0,-0.03563923131919325,0,-0.00203252032520328,-0.00813008130081312,0.00813008130081298,-0.378048780487805,2022
HK_1204_HK_2022,1204.HK,博维智慧,2022-07-15,main_board_profitable,0.10840566263032035,0.4,0.35,0.22567383835485455,SKIP,0.0,-0.03563923131919325,0,0.0,-0.057377049180327905,-0.18032786885245902,0.09836065573770499,2022
HK_2237_HK_2022,2237.HK,中国石墨,2022-07-18,main_board_profitable,0.0,0.4,0.0,0.20186431454533074,SKIP,0.0,-0.03563923131919325,0,-0.354430379746835,0.7341772151898731,0.16455696202531597,0.848101265822785,2022
HK_9857_HK_2022,9857.HK,柠萌影视,2022-08-10,main_board_profitable,0.08822114623180524,0.4,0.35,0.3698489554871054,SKIP,0.0,-0.025407040704070398,0,0.0277777777777778,-0.05740740740740739,-0.08888888888888881,-0.525925925925926,2022
HK_2562_HK_2022,2562.HK,狮腾控股,2022-08-15,spac,0.0,0.5281066286012124,0.0,0.26488944078920845,SKIP,0.0,-0.19047619047619002,0,-0.12,-0.26,-0.26,-0.053999999999999895,2022
HK_2321_HK_2022,2321.HK,双财庄,2022-08-19,main_board_profitable,0.1830247597461194,0.5654729961260125,0.4,0.19083333333333333,SKIP,0.0,-0.21428571428571402,0,0.151898734177215,0.417721518987342,1.25316455696203,-0.506329113924051,2022
HK_2152_HK_2022,2152.HK,苏新服务,2022-08-24,main_board_profitable,0.1281543948387097,0.4,0.4,0.19903503225806454,SKIP,0.0,-0.18479033404406503,0,0.0,-0.30151338766007,-0.275902211874272,-0.08149010477299189,2022
HK_1880_HK_2022,1880.HK,中国中免,2022-08-25,a_plus_h,0.19214823569406161,0.56937050946026,0.4,0.23301167093761846,SKIP,0.0,-0.1375,2,0.08227848101265821,0.193037974683544,0.10316455696202499,-0.104430379746835,2022
HK_2315_HK_2022,2315.HK,百奥赛图-B,2022-09-01,18a,0.3907899617046259,0.6917114096502738,0.7449269363796835,0.31053520353391917,SKIP,0.0,-0.10152310924369756,0,-0.023076923076923102,0.028846153846153803,0.0,-0.10384615384615399,2022
HK_9886_HK_2022,9886.HK,叮当健康,2022-09-14,main_board_profitable,0.19829749800910174,0.557560085643605,0.5312354818268582,0.3305186486137256,SKIP,0.0,-0.146477952167414,0,0.00333333333333326,-0.00166666666666663,0.048333333333333305,-0.775,2022
HK_1698_HK_2022,1698.HK,腾讯音乐-SW,2022-09-21,secondary,0.1165133810237593,0.5145507691853455,0.4,0.3340085462930788,SKIP,0.0,-0.155455904334828,0,-0.138309549945115,-0.226125137211855,0.602634467618002,0.805708013172338,2022
HK_2350_HK_2022,2350.HK,数科集团,2022-09-26,main_board_profitable,0.18819026205902367,0.4,0.6459858281031791,0.2716935346259436,SKIP,0.0,-0.146477952167414,0,-0.096774193548387,-0.241935483870968,-0.379032258064516,-0.46774193548387105,2022
HK_2602_HK_2022,2602.HK,万物云,2022-09-29,main_board_profitable,0.20970683463062156,0.4991431685381427,0.6786222338253147,0.3809020457092712,SKIP,0.0,-0.155455904334828,2,-0.0521739130434782,-0.153260869565217,0.06304347826086949,-0.411006415756572,2022
HK_9863_HK_2022,9863.HK,零跑汽车,2022-09-29,main_board_profitable,0.2639628800071472,0.6467044129301809,0.5899195698534924,0.30809856695934634,SKIP,0.0,-0.155455904334828,0,-0.22257053291536,-0.36050156739811895,-0.136363636363636,0.30721003134796304,2022
HK_3931_HK_2022,3931.HK,中创新航,2022-10-06,main_board_profitable,0.2905090976746728,0.5687500038192429,0.7270375350004934,0.29744311859992734,SKIP,0.0,-0.167280190973384,0,-0.0263157894736842,-0.392105263157895,-0.473684210526316,-0.48210526315789504,2022
HK_6660_HK_2022,6660.HK,艾美疫苗,2022-10-06,main_board_profitable,0.0,0.6115939557852764,0.0,0.3519562373224077,SKIP,0.0,-0.167280190973384,0,0.00600240096038424,0.518607442977191,0.41656662665066,1.68007202881152,2022
HK_1489_HK_2022,1489.HK,GC CONSTRUCTION,2022-10-10,main_board_profitable,0.09719247715513879,0.34695011954290517,0.4,0.29966534322580335,SKIP,0.0,-0.167280190973384,0,-0.0727272727272728,-0.0181818181818182,-0.0181818181818182,-0.09090909090909101,2022
HK_9877_HK_2022,9877.HK,健世科技-B,2022-10-10,18a,0.09405400252646191,0.4,0.35,0.32818569623955773,SKIP,0.0,-0.167280190973384,0,-0.0106194690265487,0.12212389380531001,0.415929203539823,0.168141592920354,2022
HK_2422_HK_2022,2422.HK,润歌互动,2022-10-17,main_board_profitable,0.10183458304092041,0.4,0.35,0.2726101211362827,SKIP,0.0,-0.155455904334828,0,0.511111111111111,1.17037037037037,0.777777777777778,-0.437037037037037,2022
HK_6610_HK_2022,6610.HK,飞天云动,2022-10-18,main_board_profitable,0.09687360868837024,0.4,0.4,0.3945399456976862,SKIP,0.0,-0.155455904334828,3,0.080188679245283,1.3113207547169798,0.9056603773584909,-0.165094339622642,2022
HK_2367_HK_2022,2367.HK,巨子生物,2022-11-04,main_board_profitable,0.0,0.6220444983280992,0.0,0.3977559288989364,SKIP,0.0,-0.1375,0,0.250936329588015,0.192883895131086,0.666666666666667,0.310861423220974,2022
HK_2291_HK_2022,2291.HK,心泰医疗,2022-11-08,main_board_profitable,0.16256735820760324,0.4,0.7391160038614736,0.4501290820443664,SKIP,0.0,-0.146477952167414,0,-0.0548885077186963,-0.0017152658662091598,-0.0154373927958833,-0.044596912521440706,2022
HK_6696_HK_2022,6696.HK,多想云,2022-11-09,main_board_profitable,0.09458483691400613,0.4,0.35,0.3243940220428133,SKIP,0.0,-0.146477952167414,0,-0.175,-0.685,-0.685,-0.825,2022
HK_2420_HK_2022,2420.HK,子不语,2022-11-11,main_board_profitable,0.22260948856603555,0.5653597008970123,0.6009497323913863,0.3447897584769219,SKIP,0.0,-0.1453804347826085,0,-0.207478890229192,-0.246079613992762,-0.300361881785283,-0.642230162884736,2022
HK_1407_HK_2022,1407.HK,交运燃气,2022-11-16,main_board_profitable,0.0,0.4,0.0,0.28106068870948003,SKIP,0.0,-0.1453804347826085,0,-0.056338028169014,-0.267605633802817,-0.457746478873239,-0.565351291422001,2022
HK_2436_HK_2022,2436.HK,凌雄科技,2022-11-24,main_board_profitable,0.0,0.4,0.0,0.34836681856651475,SKIP,0.0,-0.0377946127946128,0,0.152564102564103,0.57948717948718,0.684615384615385,0.335897435897436,2022
HK_3660_HK_2022,3660.HK,奇富科技-S,2022-11-29,secondary,0.1263147481081738,0.5953216185713283,0.4,0.3759441057833385,SKIP,0.0,-0.0181818181818182,0,0.293719806763285,0.69891275374127,0.6725805813239251,0.23345792048131797,2022
HK_2245_HK_2022,2245.HK,力勤资源,2022-12-01,main_board_profitable,0.18714765605704714,0.4,0.7328328232524565,0.3615608836049096,SKIP,0.0,-0.0181818181818182,0,-0.0367088607594937,-0.0493788911510431,-0.09852664915956061,-0.568017074346188,2022
HK_6963_HK_2022,6963.HK,阳光保险,2022-12-09,main_board_profitable,0.0,0.4,0.0,0.355546133965427,SKIP,0.0,-0.0181818181818182,0,-0.272727272727273,-0.190394511149228,-0.24528301886792397,-0.21952495857196802,2022
HK_2407_HK_2022,2407.HK,高视医疗,2022-12-12,main_board_profitable,0.10256446703036938,0.4,0.4,0.35897208106019146,SKIP,0.0,-0.0181818181818182,2,0.0,0.0019455252918288198,0.024319066147859898,-0.0778210116731517,2022
HK_2440_HK_2022,2440.HK,迷策略,2022-12-12,main_board_profitable,0.13954739824564238,0.4,0.537585978571012,0.35104614048630284,SKIP,0.0,-0.0181818181818182,2,-0.205,-0.165,-0.26,-0.23,2022
HK_1947_HK_2022,1947.HK,美皓集团,2022-12-14,main_board_profitable,0.0,0.4,0.0,0.3330461404863028,SKIP,0.0,-0.0181818181818182,0,-0.291666666666667,-0.291666666666667,-0.319444444444444,-0.333333333333333,2022
HK_9985_HK_2022,9985.HK,卫龙美味,2022-12-15,main_board_profitable,0.14695987397564542,0.6532543298127851,0.4,0.4375855341909391,SKIP,0.0,-0.009924242424242414,0,-0.0738522954091817,0.0918163672654691,0.137724550898204,-0.257282088502299,2022
HK_1244_HK_2022,1244.HK,思路迪医药股份,2022-12-15,18a,0.10556672404785282,0.4,0.47971295914833934,0.44984431817689896,SKIP,0.0,-0.0181818181818182,0,0.319554848966614,1.03815580286169,1.13036565977742,-0.0667726550079491,2022
HK_2457_HK_2022,2457.HK,步阳国际,2022-12-15,main_board_profitable,0.0951235403319176,0.4,0.35,0.3205461404863028,SKIP,0.0,-0.0181818181818182,0,0.25,0.35,0.18333333333333302,0.25,2022
HK_2076_HK_2022,2076.HK,BOSS直聘-W,2022-12-22,main_board_unprofitable,0.0,0.5675558424283494,0.0,0.5214880972886922,SKIP,0.0,-0.00994854202401368,0,0.0127388535031847,0.15031847133758,-0.12101910828025501,-0.26751592356687903,2022
HK_2145_HK_2022,2145.HK,上美股份,2022-12-22,main_board_profitable,0.0,0.4,0.0,0.42049063454541746,SKIP,0.0,-0.00994854202401368,0,0.19047619047619102,0.0813492063492064,0.0119047619047619,0.032987342570262104,2022
HK_0314_HK_2022,0314.HK,思派健康,2022-12-23,main_board_profitable,0.0,0.4,0.0,0.39813817155907527,SKIP,0.0,-0.00994854202401368,0,-0.256,-0.08,0.29,-0.6896,2022
HK_6929_HK_2022,6929.HK,业聚医疗,2022-12-23,main_board_profitable,0.08804065751844631,0.4,0.35,0.3711381605825263,SKIP,0.0,-0.00994854202401368,0,-0.0874316939890711,-0.0655737704918032,0.392349726775956,-0.0896174863387978,2022
HK_6698_HK_2022,6698.HK,星空华文,2022-12-29,main_board_profitable,0.08636263313074412,0.4,0.35,0.3831240490661134,SKIP,0.0,-0.0017152658662091598,0,0.0353982300884954,1.3429203539823,1.40044247787611,-0.43694690265486696,2022
HK_2427_HK_2022,2427.HK,GUANZE MEDICAL,2022-12-29,main_board_profitable,0.10256406544618442,0.4,0.4,0.3589745909613476,SKIP,0.0,-0.0017152658662091598,0,0.154285714285714,-0.16,1.36571428571429,-0.7883008356545961,2022
HK_3896_HK_2022,3896.HK,金山云,2022-12-30,main_board_profitable,0.0,0.5875558424283495,0.0,0.4160329635725011,SKIP,0.0,-0.00994854202401368,0,0.257142857142857,0.1,0.8,0.157142857142857,2022
HK_9658_HK_2022,9658.HK,特海国际,2022-12-30,main_board_profitable,0.0,0.5875558424283495,0.0,0.40593822732498397,SKIP,0.0,-0.0181818181818182,0,0.352112676056338,0.680080482897384,0.8712273641851109,0.46277665995975903,2022
HK_2425_HK_2022,2425.HK,澳亚集团,2022-12-30,main_board_profitable,0.1415434218668295,0.4,0.5699586447065225,0.3791504735413231,SKIP,0.0,-0.00994854202401368,0,-0.0533751962323391,-0.20879120879120902,-0.469387755102041,-0.726844583987441,2022
HK_6955_HK_2022,6955.HK,博安生物,2022-12-30,18a,0.28969261694098253,0.726871920512854,0.641667016401774,0.3788881443835904,SKIP,0.0,-0.0181818181818182,0,-0.17171717171717202,-0.248484848484848,0.00202020202020198,-0.223232323232323,2022
HK_6922_HK_2022,6922.HK,康沣生物-B,2022-12-30,18a,0.0,0.4,0.0,0.3636097149542018,SKIP,0.0,-0.00994854202401368,0,-0.0351075877689695,-0.09626274065685161,0.0770101925254813,-0.038505096262740596,2022
HK_2469_HK_2023,2469.HK,粉笔,2023-01-09,main_board_profitable,0.0,0.6815271450381205,0.0,0.4103113432859242,SKIP,0.0,-0.00994854202401368,0,-0.063063063063063,0.102702702702703,0.0360360360360361,-0.5540540540540541,2023
HK_2402_HK_2023,2402.HK,亿华通,2023-01-12,a_plus_h,0.25155604510445506,0.5528354961997273,0.6285258449292576,0.34185283890535156,SKIP,0.0,-0.0017152658662091598,0,0.0,0.00833333333333333,0.00333333333333338,-0.183343143025309,2023
HK_2147_HK_2023,2147.HK,正味集团,2023-01-13,main_board_profitable,0.0,0.4,0.0,0.338781822135498,SKIP,0.0,-0.0017152658662091598,0,-0.14285714285714302,-0.125,0.14285714285714302,3.21428571428571,2023
HK_2411_HK_2023,2411.HK,百果园集团,2023-01-16,main_board_profitable,0.11959094108805142,0.5723305523066871,0.4,0.4776142012423626,SKIP,0.0,-0.0017152658662091598,0,-0.0566666666666666,0.0166666666666666,-0.0116666666666667,-0.0558713136729222,2023
HK_2373_HK_2023,2373.HK,美丽田园医疗健康,2023-01-16,main_board_profitable,0.2857122380719389,0.6989069313935137,0.6599977687426107,0.38060595128621355,SKIP,0.0,-0.0017152658662091598,0,0.0185497470489039,-0.14502529510961198,0.0,-0.642736792423733,2023
HK_2458_HK_2023,2458.HK,望尘科技控股,2023-01-16,main_board_profitable,0.0,0.46810932835443025,0.0,0.409039886651627,SKIP,0.0,-0.0017152658662091598,0,-0.106086956521739,0.137391304347826,-0.11304347826087,-0.31304347826087,2023
HK_2455_HK_2023,2455.HK,润华服务,2023-01-17,main_board_profitable,0.09257054490103027,0.4,0.35,0.338781822135498,SKIP,0.0,-0.0017152658662091598,0,0.0317460317460318,-0.0238095238095238,0.103174603174603,-0.206349206349206,2023
HK_2459_HK_2023,2459.HK,升能集团,2023-01-17,main_board_profitable,0.0,0.4,0.0,0.46279644579141194,SKIP,0.0,-0.0017152658662091598,0,-0.07303370786516859,0.31460674157303403,0.06741573033707861,1.4382022471910099,2023
HK_2306_HK_2023,2306.HK,乐华娱乐,2023-01-19,main_board_profitable,0.1021189136993382,0.4,0.4,0.36175678937913636,SKIP,0.0,-0.0017152658662091598,0,-0.20729684908789403,-0.27363184079602,-0.25538971807628497,-0.07131011608623561,2023
HK_2450_HK_2023,2450.HK,淮北绿金股份,2023-01-20,main_board_profitable,0.0,0.4,0.0,0.338781822135498,SKIP,0.0,-0.0017152658662091598,0,-0.0566037735849057,-0.25471698113207497,-0.349056603773585,-0.43396226415094297,2023
HK_2482_HK_2023,2482.HK,维天运通,2023-03-09,main_board_profitable,0.0784279207463174,0.4,0.35,0.4398005660977329,SKIP,0.0,-0.012762394837866481,0,0.00704225352112677,-0.0352112676056337,-0.049295774647887196,-0.5774647887323939,2023
HK_9636_HK_2023,9636.HK,九方智投控股,2023-03-10,main_board_profitable,0.3815086897041537,0.7301375309028326,0.7597081997591927,0.3122146077549124,SKIP,0.0,-0.012762394837866481,0,-0.016336056009335,-0.00816802800466748,-0.0198366394399066,-0.207421752929337,2023
HK_2421_HK_2023,2421.HK,嘉创地产,2023-03-23,main_board_profitable,0.0,0.5642221423232082,0.0,0.2877245995109845,SKIP,0.0,-0.012762394837866481,0,-0.13125,-0.18125,-0.29375,-0.433355263157895,2023
HK_1405_HK_2023,1405.HK,达势股份,2023-03-28,main_board_profitable,0.0,0.6011292840682348,0.0,0.34837568944350783,SKIP,0.0,-0.01093199925884749,0,0.229597388465724,0.09902067464635471,0.11316648531012,0.114254624591948,2023
HK_2409_HK_2023,2409.HK,洲际船务,2023-03-29,main_board_profitable,0.12637776539270273,0.4,0.4,0.21013896629560816,SKIP,0.0,-0.01093199925884749,0,0.170542635658915,0.104651162790698,0.19767441860465101,0.294573643410853,2023
HK_2433_HK_2023,2433.HK,中天湖南集团,2023-03-30,main_board_profitable,0.0,0.4,0.0,0.24763896629560816,SKIP,0.0,0.0019455252918288198,0,-0.217228464419476,0.119850187265918,-0.805243445692884,-0.915730337078652,2023
HK_2439_HK_2023,2439.HK,中宝新材,2023-03-31,main_board_profitable,0.1638754604779075,0.6124246396019459,0.35,0.2354722996289415,SKIP,0.0,0.0019455252918288198,0,-0.0147058823529412,0.0735294117647058,-0.14705882352941202,2.05882352941176,2023
HK_2405_HK_2023,2405.HK,力盟科技,2023-03-31,main_board_profitable,0.0,0.4,0.0,0.2274722996289415,SKIP,0.0,0.0019455252918288198,0,0.25,1.58333333333333,3.13095238095238,5.58333333333333,2023
HK_9669_HK_2023,9669.HK,北森控股,2023-04-13,main_board_profitable,0.0,0.6275306870520165,0.0,0.39121446031657087,SKIP,0.0,-0.0238095238095238,0,-0.459770114942529,-0.675095785440613,-0.670498084291188,-0.8134099616858239,2023
HK_6623_HK_2023,6623.HK,陆控,2023-04-14,main_board_profitable,0.0,0.6168426814121711,0.0,0.30368720370733043,SKIP,0.0,-0.00816802800466748,0,-0.153956834532374,-0.37266187050359695,-0.282014388489209,-0.6601222979088671,2023
HK_6979_HK_2023,6979.HK,珍酒李渡,2023-04-27,main_board_profitable,0.0,0.6264506058747891,0.0,0.37775375635732034,SKIP,0.0,-0.0238095238095238,0,0.0247747747747746,-0.20608108108108103,-0.0022522522522524,-0.0608108108108109,2023
HK_2415_HK_2023,2415.HK,梅斯健康,2023-04-27,main_board_profitable,0.10473814722140082,0.4,0.4,0.345386579866245,SKIP,0.0,-0.0238095238095238,4,-0.0652173913043478,0.19565217391304401,-0.026086956521739,-0.668478260869565,2023
HK_2480_HK_2023,2480.HK,绿竹生物-B,2023-05-08,18a,0.09907201694753132,0.4,0.35,0.2923427360890619,SKIP,0.0,-0.02951039570757875,0,0.0295454545454545,0.45454545454545503,0.468181818181818,0.225,2023
HK_2442_HK_2023,2442.HK,怡俊集团控股,2023-05-09,main_board_profitable,0.0,0.4,0.0,0.2542508739926397,SKIP,0.0,-0.02951039570757875,0,0.5714285714285721,0.408163265306122,0.0918367346938776,0.428571428571428,2023
HK_2486_HK_2023,2486.HK,普乐师集团控股,2023-05-11,main_board_profitable,0.0,0.4,0.0,0.27995476685697746,SKIP,0.0,-0.015988775907095642,0,-0.0613266583229037,-0.32540675844806005,-0.331664580725907,-0.549918166939444,2023
HK_9930_HK_2023,9930.HK,宏信建发,2023-05-25,main_board_profitable,0.11337584598692184,0.4,0.4,0.29140096258173864,SKIP,0.0,0.00833333333333333,0,-0.17445482866043602,-0.196261682242991,-0.152647975077882,-0.218068535825545,2023
HK_2416_HK_2023,2416.HK,易点云,2023-05-25,main_board_profitable,0.09132608847324175,0.4,0.35,0.34767079661970174,SKIP,0.0,-0.00816802800466748,0,0.11336032388664,0.0222672064777327,-0.293522267206478,-0.67914979757085,2023
HK_2487_HK_2023,2487.HK,科笛-B,2023-06-12,18a,0.1379261700512678,0.4,0.47239294569946616,0.2700665235006723,SKIP,0.0,0.03268069188001916,0,0.38041002277904296,-0.070615034168565,-0.0523917995444191,-0.674715261958998,2023
HK_9885_HK_2023,9885.HK,药师帮,2023-06-28,main_board_profitable,0.11093726021102858,0.5030760028295517,0.35,0.3699488768691478,SKIP,0.0,0.0735294117647058,0,0.16113744075829398,1.56398104265403,1.52369668246445,-0.557345971563981,2023
HK_2105_HK_2023,2105.HK,来凯医药-B,2023-06-29,18a,0.1255172774440088,0.4,0.44933857167879254,0.3016553365591425,SKIP,0.0,0.0735294117647058,0,0.012,0.166666666666667,-0.13466666666666702,-0.572666666666667,2023
HK_9860_HK_2023,9860.HK,艾迪康控股,2023-06-30,main_board_profitable,0.34263343084150893,0.6933190510355548,0.6775068653631461,0.2705712099423105,RELATIONSHIP,0.0,0.0735294117647058,0,-0.09275362318840591,-0.0405797101449276,0.115942028985507,-0.16376811594202897,2023
HK_2481_HK_2023,2481.HK,慧居科技,2023-07-10,main_board_profitable,0.11011289308255066,0.4,0.35,0.21347933512463804,SKIP,0.0,0.0222672064777327,0,-0.197222222222222,-0.258333333333333,-0.258333333333333,-0.280555555555556,2023
HK_6990_HK_2023,6990.HK,科伦博泰生物,2023-07-11,18a,0.21856226968260287,0.7256812773275475,0.4,0.2470445479608557,SKIP,0.0,0.0222672064777327,0,0.055999999999999994,0.264,0.21600000000000003,1.2128,2023
HK_3650_HK_2023,3650.HK,KEEP,2023-07-12,main_board_profitable,0.16103287236891656,0.4,0.6147476094194996,0.34512607327998235,SKIP,0.0,0.0222672064777327,0,-0.0051724137931034,0.0999999999999999,0.013793103448275801,-0.8496551724137931,2023
HK_6683_HK_2023,6683.HK,巨星传奇,2023-07-13,main_board_profitable,0.09454430765106345,0.4,0.35,0.32468351677811813,SKIP,0.0,0.0222672064777327,0,0.349809885931559,0.134980988593156,0.712927756653992,0.7414448669201521,2023
HK_1284_HK_2023,1284.HK,新传企划,2023-07-17,main_board_profitable,0.0,0.6644507483695311,0.0,0.2131790281417546,SKIP,0.0,0.0222672064777327,0,0.0,-0.46774193548387105,-0.564516129032258,-0.704301075268817,2023
HK_2271_HK_2023,2271.HK,众安智慧生活,2023-07-18,main_board_profitable,0.22828710002341968,0.7052471612097451,0.4,0.1907549842815829,SKIP,0.0,0.0222672064777327,0,-0.12396694214876,-0.297520661157025,-0.43801652892562,-0.528925619834711,2023
HK_1541_HK_2023,1541.HK,宜明昂科-B,2023-09-05,18a,0.17082681719358972,0.4,0.5841304306872186,0.26888410439165467,SKIP,0.0,0.0222672064777327,0,0.280737704918033,0.413934426229508,0.544569672131148,-0.247950819672131,2023
HK_2490_HK_2023,2490.HK,乐舱物流,2023-09-25,main_board_profitable,0.0,0.6404813824452995,0.0,0.23973321229008737,SKIP,0.0,-0.009156251833597452,0,0.043137254901960895,-0.0745098039215686,0.0784313725490197,4.2843137254902,2023
HK_2496_HK_2023,2496.HK,友芝友生物-B,2023-09-25,18a,0.329308561920989,0.650301776030933,0.6885080045542976,0.2645060772717811,SKIP,0.0,-0.009156251833597452,0,-0.0625,-0.405625,-0.451875,-0.476875,2023
HK_9690_HK_2023,9690.HK,途虎-W,2023-09-26,main_board_unprofitable,0.22547444606836697,0.5294911331347352,0.5887632282666547,0.27673415140515856,SKIP,0.0,-0.009156251833597452,0,-0.0271186440677966,0.127118644067797,0.0322033898305085,-0.238983050847458,2023
HK_9890_HK_2023,9890.HK,贪玩,2023-09-28,main_board_profitable,0.1965735095445041,0.7056890889617697,0.4,0.30361148904219026,SKIP,0.0,-0.009156251833597452,0,-0.0385714285714285,-0.0371428571428571,1.99285714285714,0.14857142857142802,2023
HK_6682_HK_2023,6682.HK,范式智能,2023-09-28,main_board_profitable,0.23859571846756253,0.6231268115137116,0.5900658458961692,0.35108811223507996,SKIP,0.0,-0.009156251833597452,0,-0.0769230769230769,-0.14444444444444401,-0.167521367521367,-0.146153846153846,2023
HK_9686_HK_2023,9686.HK,熙康云医院,2023-09-28,main_board_profitable,0.10953432549733588,0.4,0.4,0.3154104656416509,SKIP,0.0,-0.009156251833597452,0,-0.14705882352941202,-0.363970588235294,-0.5036764705882351,-0.6139705882352939,2023
HK_1973_HK_2023,1973.HK,天图投资,2023-10-06,main_board_profitable,0.20693567869150967,0.4,0.6515892473527899,0.20603478521082597,SKIP,0.0,0.029710144927536146,3,-0.18032786885245902,0.114754098360656,0.034836065573770496,-0.30327868852459,2023
HK_2501_HK_2023,2501.HK,迈越科技,2023-10-11,main_board_profitable,0.0,0.4,0.0,0.19163929272452135,SKIP,0.0,0.029710144927536146,0,-0.171779141104294,-0.20858895705521502,-0.263803680981595,-0.435582822085889,2023
HK_2451_HK_2023,2451.HK,绿源集团控股,2023-10-12,main_board_profitable,0.1715828007118934,0.4,0.6328617103718323,0.32219473109266844,SKIP,0.0,0.029710144927536146,0,-0.025537634408602197,-0.0416666666666667,-0.0336021505376344,-0.208333333333333,2023
HK_9676_HK_2023,9676.HK,十月稻田,2023-10-12,main_board_profitable,0.09147048663270267,0.4,0.35,0.3466393811949809,SKIP,0.0,0.029710144927536146,0,0.31104033970276,0.44373673036093403,0.32961783439490394,0.0952171664465035,2023
HK_1519_HK_2023,1519.HK,极兔速递-W,2023-10-27,main_board_profitable,0.1684573575216495,0.708626205304725,0.4,0.4056903475323456,SKIP,0.0,0.11749049429657794,7,0.0333333333333334,0.09333333333333331,0.328333333333333,-0.464166666666667,2023
HK_2517_HK_2023,2517.HK,锅圈,2023-11-02,main_board_profitable,0.15453003110962904,0.4,0.6528451279043271,0.40824391381429204,SKIP,0.0,0.11749049429657794,2,0.0652173913043478,0.533444816053512,0.632107023411371,-0.574349985151263,2023
HK_2429_HK_2023,2429.HK,友宝在线,2023-11-03,main_board_profitable,0.10216272555642661,0.4,0.4,0.3614829652723338,SKIP,0.0,0.11749049429657794,0,-0.142661179698217,0.0329218106995885,0.454046639231824,0.0905349794238683,2023
HK_2473_HK_2023,2473.HK,喜相逢集团,2023-11-09,main_board_profitable,0.0,0.4,0.0,0.24149682268395,SKIP,0.0,-0.0745098039215686,0,-0.0182926829268291,0.33536585365853705,0.8048780487804881,3.0,2023
HK_2499_HK_2023,2499.HK,佛朗斯股份,2023-11-10,main_board_profitable,0.07906767130333382,0.4,0.35,0.43523091926190116,SKIP,0.0,-0.0745098039215686,0,0.00406504065040654,-0.00406504065040654,-0.035230352303523,-0.0501355013550136,2023
HK_1111_HK_2023,1111.HK,华视集团控股,2023-11-10,main_board_profitable,0.0,0.4,0.0,0.23704687083530684,SKIP,0.0,-0.0745098039215686,0,0.185185185185185,-0.419753086419753,-0.737654320987654,-0.845679012345679,2023
HK_2268_HK_2023,2268.HK,药明合联,2023-11-17,main_board_profitable,0.28250122046626414,0.615924935861677,0.6889549171869203,0.3342644674505991,SKIP,0.0,-0.05582633053221285,0,0.0357142857142857,0.135714285714286,-0.48142857142857104,-0.324285714285714,2023
HK_2520_HK_2023,2520.HK,山西安装,2023-11-22,main_board_profitable,0.10120473613973498,0.4,0.35,0.27710902757332156,SKIP,0.0,-0.10947712418300631,0,-0.0550458715596331,0.0,0.00917431192660551,-0.0674751611082675,2023
HK_9663_HK_2023,9663.HK,国鸿氢能,2023-12-05,main_board_profitable,0.0,0.4,0.0,0.31760105176792086,SKIP,0.0,-0.0394047619047619,0,-0.229292929292929,-0.17272727272727298,-0.09595959595959609,-0.19191919191919202,2023
HK_2521_HK_2023,2521.HK,升辉清洁,2023-12-05,main_board_profitable,0.0,0.4,0.0,0.24678241695533557,SKIP,0.0,-0.0394047619047619,0,0.121212121212121,-0.166666666666667,-0.166666666666667,0.257575757575757,2023
HK_2483_HK_2023,2483.HK,K CASH集团,2023-12-05,main_board_profitable,0.0,0.4,0.0,0.22528241695533555,SKIP,0.0,-0.0394047619047619,0,-0.044692737430167606,-0.0837988826815643,-0.050279329608938605,0.0397482822834392,2023
HK_2419_HK_2023,2419.HK,德康农牧,2023-12-06,main_board_profitable,0.1961008762256855,0.4,0.6887958221676392,0.2882474388108352,SKIP,0.0,-0.0394047619047619,0,0.00666666666666667,0.46399999999999997,0.306666666666667,0.16,2023
HK_1497_HK_2023,1497.HK,燕之屋,2023-12-12,main_board_profitable,0.11171692673051953,0.4,0.4,0.3017692079342531,SKIP,0.0,-0.0394047619047619,0,-0.051546391752577296,-0.0206185567010309,0.0288659793814434,0.493806460030104,2023
HK_0666_HK_2023,0666.HK,瑞浦兰钧,2023-12-18,main_board_profitable,0.0,0.4,0.0,0.3255079224736297,SKIP,0.0,-0.0021105232216343008,0,-0.0181043663471778,-0.0798722044728434,-0.224707135250266,-0.211927582534611,2023
HK_2502_HK_2023,2502.HK,金源氢化,2023-12-20,main_board_profitable,0.24461102106092367,0.4,0.7724245864912299,0.20830128487986385,SKIP,0.0,-0.00406504065040654,0,0.0919540229885057,0.0114942528735632,-0.0919540229885057,-0.313459801264679,2023
HK_1274_HK_2023,1274.HK,知行科技,2023-12-20,main_board_profitable,0.1532584530862209,0.4,0.5752829287123195,0.3339866114693083,SKIP,0.0,-0.00406504065040654,0,0.30367504835589904,0.885880077369439,1.83752417794971,0.0038684719535782503,2023
HK_2516_HK_2023,2516.HK,泛远国际,2023-12-22,main_board_profitable,0.10538595473338212,0.4,0.4,0.34133778291636185,SKIP,0.0,-0.00406504065040654,0,-0.04,-0.36,-0.42,0.55,2023
HK_6911_HK_2023,6911.HK,澜沧古茶,2023-12-22,main_board_profitable,0.1266717944192218,0.4,0.4,0.20830128487986385,SKIP,0.0,-0.00406504065040654,0,0.229885057471264,0.0804597701149427,0.172413793103448,-0.127684326884463,2023
HK_2489_HK_2023,2489.HK,集海黄金,2023-12-22,main_board_profitable,0.1124465920466436,0.4,0.35,0.1968100568096884,SKIP,0.0,-0.00406504065040654,0,-0.0178571428571429,0.0178571428571427,0.0892857142857142,0.32030772366007704,2023
HK_2511_HK_2023,2511.HK,君圣泰医药-B,2023-12-22,18a,0.10141536893223159,0.4,0.35,0.2756045076269172,SKIP,0.0,-0.00406504065040654,0,-0.0533117932148627,-0.0403877221324717,-0.510500807754443,-0.931340872374798,2023
HK_2149_HK_2023,2149.HK,贝克微,2023-12-28,main_board_profitable,0.0,0.4,0.0,0.21743921591434662,SKIP,0.0,0.01442838502459098,0,0.10572687224669601,-0.11233480176211501,0.0286343612334803,0.20044052863436101,2023
HK_9880_HK_2023,9880.HK,优必选,2023-12-29,main_board_profitable,0.1312664343338188,0.587554791976132,0.35,0.3616817352844981,SKIP,0.0,0.01442838502459098,0,-0.03137039075399,-0.0165107319757843,1.11777655476059,-0.0280682443588332,2023
HK_2498_HK_2024,2498.HK,速腾聚创,2024-01-05,main_board_profitable,0.09130223491316734,0.4,0.35,0.34784117919166174,SKIP,0.0,0.0,0,0.0,-0.184883720930233,-0.00813953488372096,-0.5920930232558139,2024
HK_2503_HK_2024,2503.HK,中深建业,2024-01-09,main_board_profitable,0.0,0.3895413427946841,0.0,0.29158567891861287,SKIP,0.0,0.0,0,0.458333333333333,0.680555555555556,0.0694444444444445,-0.166666666666667,2024
HK_6959_HK_2024,6959.HK,长久股份,2024-01-09,main_board_profitable,0.0,0.4,0.0,0.19377055286819272,SKIP,0.0,0.0,0,0.0738060781476121,0.26193921852387897,4.49927641099855,-0.09203110130918861,2024
HK_2453_HK_2024,2453.HK,美中嘉和,2024-01-09,main_board_profitable,0.0,0.4,0.0,0.34726151225853763,SKIP,0.0,0.0,0,0.259927797833935,0.5054151624548741,1.08032490974729,0.371841155234657,2024
HK_2477_HK_2024,2477.HK,经纬天地,2024-01-12,main_board_profitable,0.0,0.4,0.0,0.2507313371819182,SKIP,0.0,0.0,0,0.32575757575757597,0.42045454545454497,0.375,-0.0492424242424244,2024
HK_2540_HK_2024,2540.HK,乐思集团,2024-03-08,main_board_profitable,0.0,0.4,0.0,0.21060694928836937,SKIP,0.0,0.0057471264367816,0,0.953333333333333,1.34666666666667,-0.233333333333333,0.153333333333333,2024
HK_2535_HK_2024,2535.HK,泓基集团,2024-03-08,main_board_profitable,0.0,0.4,0.0,0.2436760549794263,SKIP,0.0,0.0057471264367816,0,0.0847457627118645,0.033898305084745804,-0.033898305084745804,0.033898305084745804,2024
HK_2509_HK_2024,2509.HK,荃信生物-B,2024-03-20,18a,0.16895865943278238,0.4,0.6112298330179563,0.3089397379438006,SKIP,0.0,0.0,0,-0.0224489795918368,0.07346938775510209,0.17142857142857099,-0.640408163265306,2024
HK_9879_HK_2024,9879.HK,米高集团,2024-03-21,main_board_profitable,0.21974361619044033,0.4,0.6941788226466447,0.20862028262170268,SKIP,0.0,0.0,0,-0.00244498777506107,0.574572127139364,0.7286063569682151,0.647402599660996,2024
HK_2536_HK_2024,2536.HK,百乐皇宫,2024-03-26,main_board_profitable,0.09366263506259125,0.4,0.35,0.3309811781243482,SKIP,0.0,-0.00825536598789215,0,0.833333333333333,1.0533333333333301,1.0,0.456666666666667,2024
HK_2598_HK_2024,2598.HK,连连数字,2024-03-28,main_board_profitable,0.1505755105295843,0.577121341248214,0.4,0.3477302788529904,SKIP,0.0,-0.00825536598789215,0,0.0307203389830509,-0.0148305084745761,-0.0021186440677965703,0.00211864406779675,2024
HK_2497_HK_2024,2497.HK,富景中国控股,2024-03-28,main_board_profitable,0.0,0.4,0.0,0.20560694928836937,SKIP,0.0,-0.00825536598789215,0,-0.162162162162162,-0.27027027027027,-0.304054054054054,-0.331081081081081,2024
HK_2555_HK_2024,2555.HK,茶百道,2024-04-23,main_board_profitable,0.0,0.4,0.0,0.2808490686082644,SKIP,0.0,0.025877723970944254,0,-0.10625,-0.1875,-0.190772496462166,-0.20950351551155,2024
HK_2515_HK_2024,2515.HK,天津建发,2024-04-23,main_board_profitable,0.0,0.4,0.0,0.21567988821087405,SKIP,0.0,0.025877723970944254,0,0.0,-0.256578947368421,-0.151315789473684,-0.736842105263158,2024
HK_2438_HK_2024,2438.HK,出门问问,2024-04-24,main_board_profitable,0.14867831744287663,0.6481435001071704,0.35,0.3445970026333776,SKIP,0.0,0.025877723970944254,0,0.046195652173913,-0.32880434782608703,-0.614130434782609,-0.8451086956521741,2024
HK_2556_HK_2024,2556.HK,迈富时,2024-05-16,main_board_profitable,0.10213123977710115,0.4,0.4,0.3616797513931179,SKIP,0.0,0.42045454545454497,0,0.18199419167473402,0.5556631171345601,0.904162633107454,0.588576960309777,2024
HK_2529_HK_2024,2529.HK,泓盈城市服务,2024-05-17,main_board_profitable,0.12690551046484247,0.4,0.4,0.2068405595947348,SKIP,0.0,0.42045454545454497,0,-0.196261682242991,-0.146417445482866,-0.127725856697819,0.040826593734482,2024
HK_2898_HK_2024,2898.HK,盛禾生物-B,2024-05-24,18a,0.10685690919336538,0.4,0.35,0.23673636290453293,SKIP,0.0,0.07346938775510209,0,-0.511019283746556,-0.621212121212121,-0.542011019283746,-0.722451790633609,2024
HK_0917_HK_2024,0917.HK,趣致集团,2024-05-27,main_board_profitable,0.08409377150633293,0.4,0.35,0.3993302035261933,SKIP,0.0,0.07346938775510209,0,0.134285714285714,0.554285714285714,0.43142857142857205,1.2,2024
HK_2505_HK_2024,2505.HK,EDA集团控股,2024-05-28,main_board_profitable,0.08930147461909647,0.4,0.3,0.25582104484086265,SKIP,0.0,0.07346938775510209,0,-0.266666666666667,0.304761904761905,-0.07142857142857151,-0.235058262225892,2024
HK_2443_HK_2024,2443.HK,汽车街,2024-05-31,main_board_profitable,0.0,0.4,0.0,0.34461956590263143,SKIP,0.0,0.033898305084745804,0,-0.112828438948995,-0.45054095826893303,-0.5193199381761979,-0.665378670788253,2024
HK_2522_HK_2024,2522.HK,一脉阳光,2024-06-07,main_board_profitable,0.09590015961330751,0.4,0.4,0.4006240024168281,SKIP,0.0,0.009533898305084852,0,0.281333333333333,0.188,0.324,2.06666666666667,2024
HK_2550_HK_2024,2550.HK,宜搜科技,2024-06-07,main_board_profitable,0.0,0.4,0.0,0.3997021866148148,SKIP,0.0,0.009533898305084852,0,0.517985611510791,0.715827338129496,0.742805755395683,-0.613309352517986,2024
HK_2228_HK_2024,2228.HK,晶泰控股,2024-06-13,18c_precommercial,0.11432050858986485,0.5834340845674141,0.4,0.3001993858812471,SKIP,0.0,0.009533898305084852,0,-0.08620689655172409,0.0017241379310344502,1.2,0.15862068965517198,2024
HK_2512_HK_2024,2512.HK,云工场,2024-06-14,main_board_profitable,0.0,0.4,0.0,0.3741803150312416,SKIP,0.0,0.009533898305084852,0,0.0,-0.0710526315789474,-0.0526315789473684,-0.486842105263158,2024
HK_2881_HK_2024,2881.HK,武汉有机,2024-06-18,main_board_profitable,0.0,0.4,0.0,0.26074912066058126,SKIP,0.0,0.009533898305084852,0,-0.116809116809117,-0.356125356125356,-0.401709401709402,-0.168965396836482,2024
HK_6181_HK_2024,6181.HK,老铺黄金,2024-06-28,main_board_profitable,0.23516891519582886,0.7805632640888126,0.4,0.24679738973383436,SKIP,0.0,0.009533898305084852,0,0.217142857142857,0.17714285714285702,0.85,8.91428571428571,2024
HK_2559_HK_2024,2559.HK,嘀嗒出行,2024-06-28,main_board_profitable,0.0,0.4,0.0,0.3408080001491015,SKIP,0.0,0.009533898305084852,0,-0.37204301075268803,-0.617204301075269,-0.552688172043011,-0.737634408602151,2024
HK_2479_HK_2024,2479.HK,天聚地合,2024-06-28,main_board_profitable,0.14398000784849047,0.4,0.5827728337790531,0.38234934993950975,SKIP,0.0,0.009533898305084852,0,0.08063175394846221,0.0640066500415628,-0.0074812967581046694,0.304239401496259,2024
HK_1354_HK_2024,1354.HK,经发物业,2024-07-03,main_board_profitable,0.12358101740835122,0.4,0.4,0.2276186411978051,SKIP,0.0,-0.0148305084745761,0,-0.141566265060241,0.5481927710843371,1.93674698795181,2.6445783132530103,2024
HK_2545_HK_2024,2545.HK,中赣通信,2024-07-03,main_board_profitable,0.0,0.7101498515464749,0.0,0.2051189411972051,SKIP,0.0,0.009533898305084852,0,-0.32089552238806,-0.48507462686567204,-0.477611940298507,-0.544776119402985,2024
HK_6086_HK_2024,6086.HK,方舟健客,2024-07-09,main_board_profitable,0.0,0.5713641582265762,0.0,0.34116631315715384,SKIP,0.0,0.033898305084745804,0,0.0154525386313464,-0.0706401766004416,0.5452538631346581,-0.119205298013245,2024
HK_6657_HK_2024,6657.HK,百望股份,2024-07-09,main_board_profitable,0.09103900780076915,0.4,0.35,0.3497213728516488,SKIP,0.0,0.033898305084745804,0,-0.119537275064267,-0.0154241645244216,-0.0874035989717223,-0.089974293059126,2024
HK_9680_HK_2024,9680.HK,如祺出行,2024-07-10,main_board_profitable,0.17215356343979363,0.4,0.6285002734085204,0.3152208092680689,SKIP,0.0,0.033898305084745804,0,-0.179941002949852,-0.210914454277286,-0.256637168141593,-0.688495575221239,2024
HK_2495_HK_2024,2495.HK,声通科技,2024-07-10,main_board_profitable,0.09498878543417923,0.4,0.35,0.3215086754701483,SKIP,0.0,0.033898305084745804,0,0.0511111111111112,0.644444444444444,0.386666666666667,0.807407407407407,2024
HK_1334_HK_2024,1334.HK,瑞昌国际控股,2024-07-10,main_board_profitable,0.2053956894055304,0.4,0.6453471323219026,0.20432090297459504,SKIP,0.0,0.033898305084745804,0,-0.0416666666666667,-0.125,-0.258333333333333,-0.18333333333333302,2024
HK_2507_HK_2024,2507.HK,西锐,2024-07-12,main_board_profitable,0.3199929518671293,0.678656954734695,0.6250273659632424,0.24561841930028055,RELATIONSHIP,0.0,0.033898305084745804,0,-0.10363636363636401,-0.305454545454545,-0.17272727272727298,-0.0836363636363637,2024
HK_2531_HK_2024,2531.HK,广联科技控股,2024-07-15,main_board_profitable,0.09705498290876315,0.4,0.35,0.3067501220802632,SKIP,0.0,0.033898305084745804,0,0.527083333333333,1.29166666666667,2.27083333333333,2.89583333333333,2024
HK_1471_HK_2024,1471.HK,众淼控股,2024-08-06,main_board_profitable,0.10394475088239599,0.4,0.35,0.2575374936971714,SKIP,0.0,-0.0710526315789474,0,-0.23265306122449,-0.0748299319727891,-0.08299319727891151,1.02721088435374,2024
HK_2533_HK_2024,2533.HK,黑芝麻智能,2024-08-08,18c_commercial,0.07113657111856857,0.4,0.35,0.27411662123909614,SKIP,0.0,-0.0710526315789474,0,-0.0146699266503668,0.097799511002445,0.19070904645476802,-0.06797066014669931,2024
HK_2410_HK_2024,2410.HK,同源康医药-B,2024-08-20,18a,0.1022378062834827,0.4,0.35,0.2697299551179807,SKIP,0.0,-0.0710526315789474,0,0.678832116788321,1.32116788321168,0.8065693430656939,0.602189781021898,2024
HK_0300_HK_2024,0300.HK,美的集团,2024-09-17,a_plus_h,0.32665128975805174,0.6234336647093045,0.6089098336557316,0.21774480793784318,SKIP,0.0,-0.0154241645244216,2,0.19627749576988202,0.203891708967851,0.266497461928934,0.336499593178588,2024
HK_2549_HK_2024,2549.HK,卡罗特,2024-10-02,main_board_profitable,0.24384025743455479,0.7587667645375114,0.4,0.1965902144409886,SKIP,0.0,0.0017241379310344502,0,-0.256830601092896,-0.36065573770491804,-0.450273224043716,-0.429508196721312,2024
HK_2576_HK_2024,2576.HK,太美医疗科技,2024-10-08,main_board_profitable,0.0,0.6180641989651529,0.0,0.3408906089107484,SKIP,0.0,-0.0154241645244216,0,-0.36195652173912995,-0.423913043478261,-0.547826086956522,-0.6326086956521739,2024
HK_9639_HK_2024,9639.HK,荣利营造,2024-10-09,main_board_profitable,0.1950912963604426,0.4,0.6083871197585362,0.19832582732079912,SKIP,0.0,-0.0154241645244216,0,-0.290322580645161,-0.241935483870968,-0.32258064516129,0.580645161290322,2024
HK_2567_HK_2024,2567.HK,七牛智能,2024-10-16,main_board_profitable,0.09389477210963032,0.4,0.35,0.32932305635978326,SKIP,0.0,-0.006850013296693575,0,0.0,-0.19327731092436998,-0.45378151260504196,-0.126050420168067,2024
HK_2460_HK_2024,2460.HK,华润饮料,2024-10-23,main_board_profitable,0.39628467360261443,0.7844592094109748,0.7419510795883358,0.3191340131631461,SKIP,0.0,-0.043032170562431596,0,-0.0731414868105515,-0.258992805755396,-0.311750599520384,-0.196700859307782,2024
HK_9660_HK_2024,9660.HK,地平线机器人-W,2024-10-24,main_board_unprofitable,0.18472013339499593,0.724756666415844,0.4,0.3628201644957035,SKIP,0.0,-0.043032170562431596,0,0.163414634146341,0.0170731707317074,-0.0195121951219512,0.702439024390244,2024
HK_2465_HK_2024,2465.HK,龙蟠科技,2024-10-30,a_plus_h,0.14756222615618164,0.5667663221175165,0.35,0.3237450876322455,SKIP,0.0,0.024291242758570596,0,-0.0442105263157895,0.0357894736842105,-0.021052631578947302,0.465263157894737,2024
HK_2563_HK_2024,2563.HK,华昊中天医药-B,2024-10-31,18a,0.16882548986638207,0.4,0.6320874710856417,0.33227006708258316,SKIP,0.0,0.024291242758570596,0,0.346153846153846,0.475961538461538,-0.213461538461539,-0.617307692307692,2024
HK_2510_HK_2024,2510.HK,德翔海运,2024-11-01,main_board_profitable,0.14634052191977462,0.6069116097650931,0.4,0.3971917839221426,SKIP,0.0,0.024291242758570596,0,0.0195121951219512,0.0365853658536586,0.0487804878048781,1.53038797075628,2024
HK_2519_HK_2024,2519.HK,傲基股份,2024-11-08,main_board_profitable,0.1886269162128415,0.6760533654448664,0.4,0.30247031575414735,SKIP,0.0,-0.0154241645244216,0,-0.128798842257598,-0.125904486251809,-0.13169319826338602,-0.399610524163702,2024
HK_2551_HK_2024,2551.HK,晶科电子股份,2024-11-08,main_board_profitable,0.0,0.705323751011847,0.0,0.3834177984834308,SKIP,0.0,-0.0154241645244216,0,-0.15196998123827402,-0.38086303939962496,-0.114446529080675,-0.34982665428671,2024
HK_2582_HK_2024,2582.HK,国富氢能,2024-11-15,main_board_profitable,0.09891021431635584,0.4,0.4,0.38181116052277614,SKIP,0.0,-0.0748299319727891,0,0.23782051282051297,0.320512820512821,0.766666666666667,-0.185897435897436,2024
HK_6936_HK_2024,6936.HK,顺丰控股,2024-11-27,a_plus_h,0.29743407777846065,0.6096445506451306,0.6499317361808165,0.3175770876726892,SKIP,0.0,-0.13405362144857955,0,-0.0495626822157433,-0.00437317784256556,0.151603498542274,0.35687772688792896,2024
HK_2566_HK_2024,2566.HK,九源基因,2024-11-28,main_board_profitable,0.1089082068235796,0.4,0.4,0.31932370735262766,SKIP,0.0,-0.13405362144857955,0,0.049673202614379,-0.279738562091503,-0.156862745098039,0.918043032743153,2024
HK_2585_HK_2024,2585.HK,梦金园,2024-11-29,main_board_profitable,0.10910816910982227,0.4,0.4,0.3180739430636109,SKIP,0.0,-0.13405362144857955,0,-0.10077519379845,0.08992248062015509,0.37209302325581395,0.239226778460051,2024
HK_2586_HK_2024,2586.HK,多点数智,2024-12-06,main_board_profitable,0.08460684027684374,0.4,0.35,0.39566542659397325,SKIP,0.0,-0.13405362144857955,0,-0.544202898550725,-0.597101449275362,-0.335507246376812,-0.22536231884058,2024
HK_2570_HK_2024,2570.HK,重塑能源,2024-12-06,main_board_profitable,0.08663046835918657,0.4,0.35,0.3812109402915244,SKIP,0.0,-0.13405362144857955,0,0.109449354180829,0.5418082936777701,0.408565601631543,-0.0129163834126445,2024
HK_1318_HK_2024,1318.HK,毛戈平,2024-12-10,main_board_profitable,0.32533391873604656,0.8331857025525903,0.5298092669360666,0.2629991559250693,RELATIONSHIP,0.0,0.0170731707317074,0,0.11216730038022799,0.377376425855513,0.950570342205323,0.940932224077596,2024
HK_2593_HK_2024,2593.HK,草姬集团,2024-12-19,main_board_profitable,0.17558992787999328,0.5564587781164496,0.4,0.21112787332448316,SKIP,0.0,-0.125904486251809,0,-0.314009661835749,-0.507246376811594,-0.570048309178744,-0.664766867502578,2024
HK_0999_HK_2024,0999.HK,小菜园,2024-12-20,main_board_profitable,0.0,0.4,0.0,0.28878770395665443,SKIP,0.0,-0.125904486251809,0,-0.0548654244306418,0.0372670807453416,0.140786749482402,0.246150004795885,2024
HK_2432_HK_2024,2432.HK,越疆,2024-12-23,18c_commercial,0.13666700624415593,0.6012487256501307,0.45,0.27839595598797745,SKIP,0.0,-0.125904486251809,0,0.00844772967265048,0.375395987328405,2.72756071805702,2.05702217529039,2024
HK_2431_HK_2024,2431.HK,佑驾创新,2024-12-27,main_board_profitable,0.09192925065239109,0.4,0.35,0.3433624953400636,SKIP,0.0,-0.0544156577600508,0,-0.09793814432989681,0.288659793814433,0.685567010309279,0.330927835051546,2024
HK_2587_HK_2024,2587.HK,健康之路,2024-12-30,main_board_profitable,0.08801897179721374,0.4,0.35,0.3712930585913303,SKIP,0.0,-0.0544156577600508,0,0.448405253283302,0.849906191369606,1.62664165103189,-0.167917448405253,2024
HK_2577_HK_2024,2577.HK,英诺赛科,2024-12-30,main_board_profitable,0.1669122983263409,0.4,0.6492976706773161,0.35733521825118353,SKIP,0.0,-0.0544156577600508,0,-0.00483870967741931,0.551612903225806,0.511290322580645,2.10967741935484,2024
HK_2506_HK_2024,2506.HK,讯飞医疗科技,2024-12-30,main_board_profitable,0.10305247954010825,0.4,0.4,0.3559220028743235,SKIP,0.0,-0.0544156577600508,0,-0.0275862068965518,0.304597701149425,0.436781609195402,0.203448275862069,2024
HK_6681_HK_2025,6681.HK,脑动极光-B,2025-01-08,18a,0.11296555266361642,0.4,0.4,0.2939652958523975,SKIP,0.0,-0.06513883204718728,0,0.111111111111111,0.9459459459459459,0.7357357357357359,1.57657657657658,2025
HK_2560_HK_2025,2560.HK,海螺材料科技,2025-01-09,main_board_profitable,0.19103612577089557,0.4,0.6476003748263135,0.26252310376545307,SKIP,0.0,-0.06513883204718728,0,-0.0764331210191083,-0.0891719745222931,0.0955414012738853,0.311745579261503,2025
HK_2613_HK_2025,2613.HK,汇舸环保,2025-01-09,main_board_profitable,0.11139329305463123,0.4,0.35,0.2043336210383483,SKIP,0.0,-0.06513883204718728,0,-0.112426035502959,-0.177514792899408,-0.142011834319527,-0.134963646004655,2025
HK_0325_HK_2025,0325.HK,布鲁可,2025-01-10,main_board_profitable,0.26987601588693233,0.7123523692192572,0.5699488742072026,0.3352880033720882,SKIP,0.0,-0.06513883204718728,0,0.0623529411764706,0.05,0.351764705882353,0.045882352941176506,2025
HK_2530_HK_2025,2530.HK,纽曼思,2025-01-10,main_board_profitable,0.0,0.4,0.0,0.20388746967260593,SKIP,0.0,-0.06513883204718728,0,-0.014492753623188298,-0.0579710144927535,-0.0289855072463767,-0.0492672658084365,2025
HK_2596_HK_2025,2596.HK,宜宾银行,2025-01-13,main_board_profitable,0.0,0.4,0.0,0.3277379564748487,SKIP,0.0,-0.06513883204718728,0,-0.00383141762452099,0.0,0.0,0.0212765957446807,2025
HK_0805_HK_2025,0805.HK,新吉奥房车,2025-01-13,main_board_profitable,0.0,0.4,0.0,0.24117270149811842,SKIP,0.0,-0.06513883204718728,0,0.47959183673469397,-0.0306122448979592,0.214285714285714,0.122448979591837,2025
HK_2571_HK_2025,2571.HK,赛目科技,2025-01-15,main_board_profitable,0.09645728822895547,0.4,0.35,0.31101936979317507,SKIP,0.0,-0.06513883204718728,0,-0.0106221547799697,-0.00303490136570555,-0.0318664643399089,-0.0174506828528073,2025
HK_1364_HK_2025,1364.HK,古茗,2025-02-12,main_board_profitable,0.36495533436845295,0.8711725852631618,0.5770844780140807,0.2740676967232053,TRIAL,0.4,0.03618741976893455,0,0.046236559139784895,0.765591397849462,1.6451612903225799,1.31397849462366,2025
HK_2097_HK_2025,2097.HK,蜜雪集团,2025-03-03,main_board_profitable,0.4323756552090441,0.8768046571063721,0.6950515430282745,0.2905180133472903,TRIAL,0.4,0.03618741976893455,0,0.356551724137931,0.543448275862069,1.01551724137931,0.37172413793103504,2025
HK_6693_HK_2025,6693.HK,赤峰黄金,2025-03-10,a_plus_h,0.2532591422472589,0.7646908140299411,0.4,0.24729191315965765,RELATIONSHIP,0.1,0.0369262232995001,0,0.0204081632653061,1.06632653061224,1.04810495626822,1.2417041596179899,2025
HK_6676_HK_2025,6676.HK,找钢网-W,2025-03-10,spac,0.0,0.5638522952786752,0.0,0.32134636830262525,SKIP,0.0,0.0369262232995001,0,-0.300399201596806,-0.570858283433134,-0.650698602794411,-0.801397205588822,2025
HK_2561_HK_2025,2561.HK,维昇药业-B,2025-03-21,18a,0.35246707945987876,0.724069596534363,0.6758455209025616,0.2797374933563585,TRIAL,0.4,0.0436335403726708,0,-0.16787790697674398,-0.35465116279069797,-0.292151162790698,-0.451453488372093,2025
HK_2610_HK_2025,2610.HK,南山铝业国际,2025-03-25,main_board_profitable,0.5010594585682154,0.847794272214993,0.7448683317831889,0.20655052682049116,LARGE,0.7,0.0436335403726708,0,-0.0396039603960396,0.0336633663366337,0.215841584158416,0.7383832897328609,2025
HK_2569_HK_2025,2569.HK,舒宝国际,2025-03-27,main_board_profitable,0.0,0.4,0.0,0.22445849451641148,SKIP,0.0,0.0436335403726708,0,-0.253731343283582,0.31343283582089504,1.22388059701493,0.43283582089552197,2025
HK_2625_HK_2025,2625.HK,江苏宏信,2025-03-31,main_board_profitable,0.1083463381840968,0.4,0.35,0.22609758439930852,SKIP,0.0,0.0436335403726708,0,-0.14400000000000002,0.312,0.11199999999999999,0.684,2025
HK_3677_HK_2025,3677.HK,正力新能,2025-04-14,main_board_profitable,0.12590476795242467,0.4,0.48374721953706157,0.3493256246882745,SKIP,0.0,0.1693298969072165,0,-0.00715137067938027,0.0965435041716327,0.213349225268176,0.0190703218116806,2025
HK_9606_HK_2025,9606.HK,映恩生物-B,2025-04-15,18a,0.3513989190235341,0.7722080126799956,0.7093682693720303,0.3585033994692696,TRIAL,0.4,0.1693298969072165,4,0.0975609756097561,-0.048780487804878,0.464390243902439,0.7004878048780491,2025
HK_1333_HK_2025,1333.HK,博雷顿,2025-05-07,main_board_profitable,0.08348450917043017,0.4,0.35,0.4036820773540702,SKIP,0.0,0.041831683168316855,0,-0.052208835341365306,0.36947791164658705,0.12048192771084301,-0.18473895582329297,2025
HK_2865_HK_2025,2865.HK,钧达股份,2025-05-08,a_plus_h,0.10592054689322412,0.4,0.35,0.31220424095309013,SKIP,0.0,0.041831683168316855,0,-0.13721804511278202,-0.174812030075188,-0.16541353383458698,0.369924812030075,2025
HK_2589_HK_2025,2589.HK,沪上阿姨,2025-05-08,main_board_profitable,0.12378978806654381,0.6062955380578321,0.35,0.4166457007179604,SKIP,0.0,0.041831683168316855,0,-0.193813131313131,-0.119949494949495,-0.143308080808081,-0.43677590021249996,2025
HK_6831_HK_2025,6831.HK,绿茶集团,2025-05-16,main_board_profitable,0.253717180815723,0.8505837428640308,0.4,0.2542851219992084,RELATIONSHIP,0.0,0.01683168316831685,0,-0.0810810810810811,0.14944356120826702,0.238016370403432,0.132372306795673,2025
HK_3750_HK_2025,3750.HK,宁德时代,2025-05-20,a_plus_h,0.4843003039645991,0.8074381249294271,0.7458569182152565,0.2689328285399361,LARGE,0.7,0.0336633663366337,0,0.00914435009797522,0.0927498367080341,0.383812594876181,0.613683972444349,2025
HK_1276_HK_2025,1276.HK,恒瑞医药,2025-05-23,a_plus_h,0.4011982814800368,0.8319180829568654,0.6924250481046293,0.3668406207736765,TRIAL,0.4,0.0965435041716327,0,0.05167724388032639,0.0770625566636446,0.514052583862194,0.255666364460562,2025
HK_2629_HK_2025,2629.HK,MIRXES-B,2025-05-23,18a,0.09345935334084779,0.4,0.35,0.33243319042251573,SKIP,0.0,0.0965435041716327,0,-0.0266666666666667,0.0333333333333333,0.5326666666666671,-0.209333333333333,2025
HK_2603_HK_2025,2603.HK,吉宏股份,2025-05-27,a_plus_h,0.23819115600706112,0.7189533881526708,0.4,0.2470394530434717,SKIP,0.0,0.20427175208581635,0,-0.0636704119850187,0.301498127340824,0.601123595505618,0.355446604511906,2025
HK_2565_HK_2025,2565.HK,派格生物医药-B,2025-05-27,18a,0.0924658732271869,0.4,0.35,0.339529476948665,SKIP,0.0,0.20427175208581635,0,-0.160899653979239,-0.11591695501730101,1.66089965397924,4.7742214532872,2025
HK_2621_HK_2025,2621.HK,手回集团,2025-05-30,main_board_profitable,0.09211305708397356,0.4,0.35,0.3420495922573317,SKIP,0.0,0.20427175208581635,0,-0.181543116490166,-0.245083207261725,-0.252647503782148,-0.47806354009077195,2025
HK_2573_HK_2025,2573.HK,新琪安,2025-06-10,main_board_profitable,0.08436581403805536,0.4,0.35,0.3973870425853188,SKIP,0.0,0.20427175208581635,0,-0.315032679738562,-0.437037037037037,-0.46492374727668806,-0.7093681917211331,2025
HK_9881_HK_2025,9881.HK,容大科技,2025-06-10,main_board_profitable,0.11054778043316175,0.4,0.4,0.30907637229273927,SKIP,0.0,0.20427175208581635,0,-0.0845070422535211,-0.296478873239437,-0.249295774647887,0.609859154929578,2025
HK_2605_HK_2025,2605.HK,METALIGHT,2025-06-10,main_board_profitable,0.0,0.696606233044855,0.0,0.341700045068955,SKIP,0.0,0.20427175208581635,0,0.00441176470588239,-0.126470588235294,-0.263235294117647,-0.75,2025
HK_3288_HK_2025,3288.HK,海天味业,2025-06-19,a_plus_h,0.4050819417886246,0.8153010044444851,0.6570220158896325,0.31253229981016384,TRIAL,0.4,0.0965435041716327,0,-0.0397260273972604,-0.0684931506849315,-0.048767123287671306,-0.0806654050250442,2025
HK_2050_HK_2025,2050.HK,三花智控,2025-06-23,a_plus_h,0.47679245181106505,0.842177856354415,0.6842557144869474,0.24783272396816217,LARGE,0.7,0.0651034352541332,0,0.117777777777778,0.191111111111111,0.649777777777778,0.355595754944525,2025
HK_2609_HK_2025,2609.HK,佰泽医疗,2025-06-23,main_board_profitable,0.09298045609336332,0.4,0.35,0.33585388504740477,SKIP,0.0,0.0651034352541332,0,0.0283333333333333,0.09666666666666669,1.185,-0.425,2025
HK_2617_HK_2025,2617.HK,药捷安康-B,2025-06-23,18a,0.17074952714039968,0.4,0.6458719356296769,0.3390735929177214,SKIP,0.0,0.0651034352541332,0,0.282978723404255,0.848510638297872,7.17021276595745,2.2617021276595697,2025
HK_2643_HK_2025,2643.HK,曹操出行,2025-06-25,main_board_profitable,0.31771091049637595,0.7238927561566626,0.6667917855728998,0.34178517842382056,RELATIONSHIP,0.0,0.0965435041716327,0,-0.0236111111111112,0.619444444444444,0.519444444444444,-0.147222222222222,2025
HK_2619_HK_2025,2619.HK,香江电器,2025-06-25,main_board_profitable,0.12261755344657525,0.4,0.4,0.2336402909589048,SKIP,0.0,0.0965435041716327,0,-0.0753968253968254,-0.0595238095238095,-0.226190476190476,-0.313492063492063,2025
HK_6168_HK_2025,6168.HK,周六福,2025-06-26,main_board_profitable,0.3400552816959234,0.7536696264489197,0.6253738225728132,0.2785124966070507,RELATIONSHIP,0.0,0.0965435041716327,0,0.243333333333333,0.301333333333333,0.568666666666667,-0.279247152055473,2025
HK_6883_HK_2025,6883.HK,颖通控股,2025-06-26,main_board_profitable,0.0,0.7112050240945983,0.0,0.2626573151132646,SKIP,0.0,0.0965435041716327,0,-0.0833333333333332,-0.108333333333333,-0.1375,-0.121318770226537,2025
HK_2508_HK_2025,2508.HK,圣贝拉集团,2025-06-26,main_board_profitable,0.19713863299414747,0.7401048249551789,0.4,0.3340854351068233,SKIP,0.0,0.0965435041716327,0,-0.248863636363636,-0.15,-0.263636363636364,-0.422727272727273,2025
HK_9678_HK_2025,9678.HK,云知声,2025-06-30,main_board_profitable,0.16245229837274244,0.664151367868795,0.4,0.3884967108701516,SKIP,0.0,0.09464667043983341,0,0.420377867746289,1.4055330634277998,0.7881241565452091,-0.109986504723347,2025
HK_6603_HK_2025,6603.HK,IFBH,2025-06-30,main_board_profitable,0.28042185722578494,0.6190081463234871,0.6721379933867007,0.3260044149970356,RELATIONSHIP,0.0,0.09464667043983341,0,0.025316455696202497,-0.0212658227848102,-0.21417721518987298,-0.7144303797468351,2025
HK_3880_HK_2025,3880.HK,泰德医药,2025-06-30,main_board_profitable,0.19158834990372656,0.7702572930208607,0.4,0.37816768617555363,SKIP,0.0,0.09464667043983341,0,0.00974025974025976,0.09740259740259731,-0.0064935064935064705,-0.29025974025974,2025
HK_2592_HK_2025,2592.HK,拨康视云-B,2025-07-03,18a,0.09442870127458174,0.4,0.35,0.32550927661013046,SKIP,0.0,0.08490619668583935,0,-0.06451612903225809,-0.16935483870967702,-0.23709677419354802,-0.717741935483871,2025
HK_2648_HK_2025,2648.HK,安井食品,2025-07-04,a_plus_h,0.27407680092646797,0.7962813556448454,0.4,0.21773652507160854,RELATIONSHIP,0.1,0.08490619668583935,0,0.0535087719298245,0.0640350877192982,0.0700979509801881,0.297088425430531,2025
HK_1828_HK_2025,1828.HK,富卫集团,2025-07-07,main_board_profitable,0.16271836750494112,0.6190899100069347,0.4,0.34291302089256126,SKIP,0.0,0.08490619668583935,0,-0.00390624999999996,-0.0104166666666666,0.20729166666666698,-0.197916666666667,2025
HK_6613_HK_2025,6613.HK,蓝思科技,2025-07-09,a_plus_h,0.4115449730046216,0.7922565633330312,0.6482178567386541,0.2714862052826167,TRIAL,0.4,0.0770625566636446,0,-0.0252016129032258,0.195564516129032,0.696623080244248,0.0224279898846602,2025
HK_2590_HK_2025,2590.HK,极智嘉-W,2025-07-09,main_board_unprofitable,0.30774634127785544,0.7346359057148714,0.604244884524629,0.30672144720460076,RELATIONSHIP,0.0,0.0770625566636446,0,0.0689265536723165,0.0790960451977402,0.677966101694915,-0.0451977401129944,2025
HK_2597_HK_2025,2597.HK,讯众通信,2025-07-09,main_board_profitable,0.09161686724971786,0.4,0.35,0.3455938053591581,SKIP,0.0,0.0770625566636446,0,-0.00589101620029456,-0.027982326951399197,0.531664212076583,1.20913107511046,2025
HK_2651_HK_2025,2651.HK,大众口腔,2025-07-09,main_board_profitable,0.0,0.4,0.0,0.2794359200692857,SKIP,0.0,0.0770625566636446,0,-0.135265700483092,-0.230917874396135,-0.35797101449275404,-0.396135265700483,2025
HK_1304_HK_2025,1304.HK,峰岹科技,2025-07-09,a_plus_h,0.3955538945123236,0.7462641814616885,0.7016702239540166,0.313267920469459,TRIAL,0.4,0.0770625566636446,0,0.08440629470672381,0.299713876967096,0.413447782546495,-0.333333333333333,2025
HK_9887_HK_2025,9887.HK,维立志博-B,2025-07-25,18a,0.4037247961936704,0.7902364339056176,0.6804448593893818,0.24918068302878324,TRIAL,0.4,0.0333333333333333,9,0.043219076005961296,-0.019374068554396398,-0.026080476900149,0.274962742175857,2025
HK_6887_HK_2025,6887.HK,东阳光药,2025-08-07,main_board_profitable,0.0,0.5445001450747676,0.0,0.40176281650171675,SKIP,0.0,0.0770625566636446,0,-0.0759599332220367,-0.16110183639399,-0.197662771285476,-0.23839732888146903,2025
HK_2627_HK_2025,2627.HK,中慧生物-B,2025-08-11,18a,0.10044612614352916,0.4,0.35,0.28252767040336313,SKIP,0.0,0.0333333333333333,0,0.607572115384615,0.472956730769231,0.201923076923077,0.48484848484848486,2025
HK_2591_HK_2025,2591.HK,银诺医药-B,2025-08-15,18a,0.221144706099396,0.7721754416356316,0.4,0.28402052766996666,SKIP,0.0,0.011458333333333348,0,-0.074235807860262,-0.269170305676856,-0.424628820960699,-0.6158333333333333,2025
HK_2631_HK_2025,2631.HK,天岳先进,2025-08-20,a_plus_h,0.36709934319416965,0.7507312318690924,0.6705188061010122,0.337027559196239,TRIAL,0.4,0.0333333333333333,0,-0.0382081686429513,0.339481774264383,0.185770750988142,0.4035087719298245,2025
HK_6960_HK_2025,6960.HK,双登股份,2025-08-26,main_board_profitable,0.20928595393971633,0.8123302661163696,0.35,0.2638956181480879,SKIP,0.0,0.0333333333333333,0,-0.0855643044619422,0.22729658792650898,-0.116535433070866,-0.4328888888888889,2025
HK_3858_HK_2025,3858.HK,佳鑫国际资源,2025-08-28,main_board_profitable,0.3517270789599703,0.7099527017619808,0.6454967664285133,0.2324930479114434,TRIAL,0.4,0.0333333333333333,0,0.0566908371786421,0.259063941990771,0.0711931443638761,4.469298245614035,2025
HK_2580_HK_2025,2580.HK,奥克斯电气,2025-09-02,main_board_profitable,0.3722476782545857,0.7339549323875089,0.6460848285888483,0.21499384621345727,TRIAL,0.4,0.011458333333333348,2,-0.0230582524271844,-0.158373786407767,-0.0315533980582524,-0.3335403726708075,2025
HK_2543_HK_2025,2543.HK,大行科工,2025-09-09,main_board_profitable,0.3461007895678126,0.8188136450034894,0.581912358665714,0.27362658978223253,RELATIONSHIP,0.0,0.011458333333333348,0,0.130931458699473,-0.189455184534271,-0.274165202108963,-0.5822222222222222,2025
HK_2525_HK_2025,2525.HK,禾赛-W,2025-09-16,main_board_unprofitable,0.32463283401602383,0.6414126096548435,0.6922181538101122,0.2688407733005971,RELATIONSHIP,0.0,0.011458333333333348,0,-0.0170940170940171,-0.228205128205128,-0.311538461538462,-0.24694589877835948,2025
HK_2656_HK_2025,2656.HK,健康160,2025-09-17,main_board_profitable,0.0,0.5532029255207337,0.0,0.3193838662576895,SKIP,0.0,0.011458333333333348,0,0.00992204110559891,0.443656980864635,0.7788802267895111,2.018679119412942,2025
HK_2595_HK_2025,2595.HK,劲方医药-B,2025-09-19,18a,0.37220086101122035,0.7400058002118226,0.6858836094272811,0.2666828784859854,TRIAL,0.4,0.0333333333333333,12,-0.0926365795724465,-0.38242280285035596,-0.350118764845606,-0.28954545454545455,2025
HK_6090_HK_2025,6090.HK,不同集团,2025-09-23,main_board_profitable,0.21509304432090717,0.6288190527953769,0.5575437701225074,0.38648991396308546,SKIP,0.0,-0.0104166666666666,0,0.014634146341463402,-0.030243902439024303,0.021463414634146402,-0.502191235059761,2025
HK_9973_HK_2025,9973.HK,奇瑞汽车,2025-09-25,main_board_profitable,0.42872919465115683,0.8487866570364659,0.6874310338118949,0.2652232936003801,SKIP,0.0,-0.0104166666666666,2,-0.00125313283208029,-0.0050125313283208095,-0.0444862155388472,-0.18771929824561406,2025
HK_2259_HK_2025,2259.HK,紫金黄金国际,2025-09-30,main_board_profitable,0.3760362175201522,0.7131999255063132,0.7623430802403479,0.3083793943959804,SKIP,0.0,-0.0104166666666666,0,0.171641791044776,0.174129353233831,0.19402985074626902,0.6591928251121075,2025
HK_2889_HK_2025,2889.HK,博泰车联,2025-09-30,main_board_profitable,0.25236686200005004,0.6908647795093144,0.543813489960782,0.32827842404017205,SKIP,0.0,-0.019374068554396398,0,0.295541401273885,0.11082802547770701,0.286624203821656,-0.1777777777777778,2025
HK_2583_HK_2025,2583.HK,西普尼,2025-09-30,main_board_profitable,0.0,0.5806132265530046,0.0,0.327671118807561,SKIP,0.0,-0.0104166666666666,0,0.556603773584906,0.575471698113208,0.5905660377358489,0.23928571428571432,2025
HK_2652_HK_2025,2652.HK,长风药业,2025-10-08,main_board_profitable,0.0,0.6303768000715257,0.0,0.2737300239971019,SKIP,0.0,-0.0148953676105315,0,-0.254545454545455,-0.12987012987013,-0.16883116883116903,-0.49829787234042555,2025
HK_2650_HK_2025,2650.HK,挚达科技,2025-10-10,main_board_profitable,0.0,0.5708816835003896,0.0,0.3188307713275331,SKIP,0.0,0.026809210526315796,0,-0.0716112531969309,-0.06342710997442459,0.129411764705882,-0.7615789473684211,2025
HK_2575_HK_2025,2575.HK,轩竹生物-B,2025-10-15,18a,0.1893608607308577,0.7700531607237308,0.35,0.2974108045331468,SKIP,0.0,-0.0104166666666666,0,1.28136882129278,1.42015209125475,1.5285171102661599,-0.11269517990495592,2025
HK_2670_HK_2025,2670.HK,云迹,2025-10-16,18c_commercial,0.16201613873171233,0.687775967297018,0.45,0.2521737123557785,SKIP,0.0,-0.0104166666666666,0,0.024896265560166,0.0746887966804979,-0.033195020746888,0.7366946778711483,2025
HK_2637_HK_2025,2637.HK,海西新药,2025-10-20,main_board_profitable,0.21232597372494555,0.8728192257713726,0.35,0.30495843663618416,SKIP,0.0,0.0640350877192982,0,0.0834932821497121,0.245681381957774,0.549904030710173,1.7529411764705882,2025
HK_6687_HK_2025,6687.HK,聚水潭,2025-10-21,main_board_profitable,0.3921570447714642,0.7080988308842948,0.7399379640389775,0.2515361425583969,TRIAL,0.4,0.0640350877192982,0,-0.12401055408971001,-0.28759894459102897,-0.237994722955145,-0.5439473684210527,2025
HK_0638_HK_2025,0638.HK,广和通,2025-10-22,a_plus_h,0.45572751399925987,0.7524643100759447,0.6666551864623272,0.17410393640907984,LARGE,0.7,0.0640350877192982,4,0.0168598524762908,-0.112750263435195,-0.16491043203372002,-0.44325581395348834,2025
HK_6031_HK_2025,6031.HK,三一重工,2025-10-28,a_plus_h,0.3816879407626142,0.6302141868077694,0.7366724616249961,0.2525999148509563,TRIAL,0.4,0.0640350877192982,0,0.0374429223744292,0.0136986301369863,0.142465753424658,0.07417840375586837,2025
HK_6166_HK_2025,6166.HK,剑桥科技,2025-10-28,a_plus_h,0.3416938294271949,0.6459209801643201,0.6922953262431032,0.30533781163755863,RELATIONSHIP,0.1,0.0640350877192982,0,-0.15184381778741898,-0.0667028199566161,-0.126898047722343,0.4148936170212767,2025
HK_6980_HK_2025,6980.HK,八马茶业,2025-10-28,main_board_profitable,0.0,0.8246705868929982,0.0,0.25928171592321725,SKIP,0.0,0.0640350877192982,0,-0.217996786288163,-0.578146759507231,-0.6811997857525439,-0.6764044943820224,2025
HK_1384_HK_2025,1384.HK,滴普科技,2025-10-28,18c_commercial,0.15939445703132107,0.685267621456112,0.45,0.26158170404934433,SKIP,0.0,0.0640350877192982,0,0.5119760479041919,0.08757485029940129,0.130988023952096,-0.23292035398230082,2025
HK_2718_HK_2025,2718.HK,明略科技-W,2025-11-03,main_board_profitable,0.3297734280776226,0.7049179049569229,0.6614160816374219,0.2927021027718206,SKIP,0.0,-0.019374068554396398,0,-0.237439779766001,-0.29525120440468,-0.116311080523056,,2025
HK_9927_HK_2025,9927.HK,赛力斯,2025-11-05,a_plus_h,0.36537138176468864,0.5903683298235927,0.783465814414994,0.28187716066613394,SKIP,0.0,-0.0104166666666666,2,-0.12167300380228101,-0.177946768060837,-0.272243346007605,,2025
HK_0699_HK_2025,0699.HK,均胜电子,2025-11-06,a_plus_h,0.2871876739620043,0.6235273227194148,0.5830697474376341,0.2818798490695868,SKIP,0.0,-0.0104166666666666,0,-0.135375494071146,-0.16156126482213398,-0.16403162055336,,2025
HK_2026_HK_2025,2026.HK,小马智行-W,2025-11-06,main_board_unprofitable,0.26643131122509983,0.6316223252206189,0.5830802401524267,0.2765650835940232,SKIP,0.0,-0.0104166666666666,0,-0.14353687549563798,-0.118953211736717,-0.133227597145123,,2025
HK_0800_HK_2025,0800.HK,文远知行-W,2025-11-06,18c_commercial,0.1719534712176734,0.7379340780384216,0.45,0.26025365698961606,SKIP,0.0,-0.0104166666666666,0,-0.151639344262295,-0.0762295081967213,-0.16393442622950802,,2025
HK_2630_HK_2025,2630.HK,旺山旺水-B,2025-11-06,18a,0.0,0.7733906383950717,0.0,0.2784521392121595,SKIP,0.0,-0.0104166666666666,0,-0.32865853658536603,0.0121951219512195,0.195121951219512,,2025
HK_2698_HK_2025,2698.HK,乐舒适,2025-11-10,main_board_profitable,0.372151949434433,0.7174010084860309,0.6875085000914871,0.2454635169536167,SKIP,0.0,-0.0050125313283208095,4,-0.0654545454545455,-0.0375757575757575,-0.048484848484848506,,2025
HK_2579_HK_2025,2579.HK,中伟新材,2025-11-17,a_plus_h,0.39990327432392714,0.6409974281513214,0.7149409282216596,0.20670297054541764,SKIP,0.0,-0.012193299941358603,0,-0.107773851590106,-0.030624263839811497,0.100706713780919,,2025
HK_2788_HK_2025,2788.HK,创新实业,2025-11-24,main_board_profitable,0.4604185834430065,0.680708574279657,0.8156260663939158,0.17072126992745845,SKIP,0.0,-0.012193299941358603,0,0.200822481151474,0.528444139821796,0.661411925976696,,2025
HK_2685_HK_2025,2685.HK,量化派,2025-11-27,main_board_profitable,0.0,0.6371539181133534,0.0,0.39510132222197625,SKIP,0.0,0.03483813267608854,0,0.535135135135135,0.8594594594594589,0.7621621621621619,,2025
HK_9609_HK_2025,9609.HK,海伟股份,2025-11-28,main_board_profitable,0.20040299653820473,0.7789383006350177,0.35,0.26492253668567944,SKIP,0.0,-0.0050125313283208095,0,0.0190909090909092,-0.204545454545455,-0.152727272727273,,2025
HK_2539_HK_2025,2539.HK,乐摩科技,2025-12-03,main_board_profitable,0.0,0.6311021543560562,0.0,0.3000392357458131,SKIP,0.0,-0.0050125313283208095,0,0.223853211009174,-0.30018348623853197,-0.655229357798165,,2025
HK_2693_HK_2025,2693.HK,金岩高岭新材,2025-12-03,main_board_profitable,0.23577951784476103,0.7355907322286663,0.4,0.19867289134270102,SKIP,0.0,-0.0050125313283208095,0,-0.134048257372654,-0.297587131367292,-0.390080428954424,,2025
HK_2658_HK_2025,2658.HK,天域半导体,2025-12-05,main_board_profitable,0.1596285610217523,0.6761973452624704,0.35,0.32551997413970735,SKIP,0.0,-0.0050125313283208095,0,0.12148148148148201,0.316049382716049,0.154074074074074,,2025
HK_2408_HK_2025,2408.HK,遇见小面,2025-12-05,main_board_profitable,0.22898574764500892,0.5858965235631305,0.607487411697384,0.35664564061735154,SKIP,0.0,-0.0050125313283208095,0,-0.011811023622047301,-0.114173228346457,-0.0984251968503937,,2025
HK_2676_HK_2025,2676.HK,纳芯微,2025-12-08,a_plus_h,0.15895795099506785,0.6489114824479215,0.3,0.257694194631896,SKIP,0.0,-0.0050125313283208095,0,0.018918918918918903,0.226126126126126,0.23603603603603598,,2025
HK_2687_HK_2025,2687.HK,卓越睿新,2025-12-08,main_board_profitable,0.0,0.7055316156417527,0.0,0.3286968418867909,SKIP,0.0,-0.0050125313283208095,0,0.281645569620253,0.272151898734177,0.132120253164557,,2025
HK_2665_HK_2025,2665.HK,图达通,2025-12-10,spac,0.0,0.5710822886064698,0.0,0.34629428918541794,SKIP,0.0,-0.019374068554396398,0,0.278195488721804,-0.161654135338346,-0.232330827067669,,2025
HK_2659_HK_2025,2659.HK,宝济药业-B,2025-12-10,18a,0.27706016734234623,0.7025409370163177,0.5412026390945233,0.27131043417519884,SKIP,0.0,-0.0050125313283208095,0,0.14603174603174598,0.5634920634920629,0.806349206349206,,2025
HK_7618_HK_2025,7618.HK,京东工业,2025-12-11,main_board_profitable,0.27889186689941414,0.6222403320263706,0.7012717923543275,0.36086688266399947,SKIP,0.0,-0.017628216883672557,0,-0.0127659574468085,-0.10709219858156001,-0.051063829787234,,2025
HK_2655_HK_2025,2655.HK,果下科技,2025-12-16,main_board_profitable,0.14940594573205657,0.6156476752207771,0.3944947698030515,0.3848310775330849,SKIP,0.0,-0.04683550620672445,0,-0.0465753424657534,0.341324200913242,0.0602739726027397,,2025
HK_3887_HK_2025,3887.HK,HASHKEY HLDGS,2025-12-17,main_board_profitable,0.2764648160545586,0.6030767019279529,0.6776942999021159,0.32355345130972746,SKIP,0.0,-0.04683550620672445,0,-0.140929535232384,0.00749625187406294,-0.274362818590705,,2025
HK_2546_HK_2025,2546.HK,智汇矿业,2025-12-19,main_board_profitable,0.2599833862744928,0.5761110849919711,0.6549611386891384,0.31099268597794416,SKIP,0.0,-0.050501433775091045,2,0.0976744186046511,0.852325581395349,0.565116279069768,,2025
HK_3881_HK_2025,3881.HK,希迪智驾,2025-12-19,18c_commercial,0.19844836292809956,0.7049152264290208,0.5351546306001409,0.24849253085164943,SKIP,0.0,-0.050501433775091045,0,-0.0176211453744493,-0.0308370044052863,-0.014977973568282,,2025
HK_2581_HK_2025,2581.HK,明基医院,2025-12-22,main_board_profitable,0.1759969785788783,0.4,0.6248832481431592,0.2958805540800886,SKIP,0.0,-0.050501433775091045,0,-0.12923728813559301,-0.203389830508475,-0.269067796610169,,2025
HK_2691_HK_2025,2691.HK,南华期货股份,2025-12-22,a_plus_h,0.0,0.4,0.0,0.15999992586295875,SKIP,0.0,-0.050501433775091045,0,0.0890109890109891,0.268131868131868,0.268131868131868,,2025
HK_2695_HK_2025,2695.HK,印象大红袍,2025-12-22,main_board_profitable,0.0,0.7373799446205181,0.0,0.17967046892977562,SKIP,0.0,-0.050501433775091045,0,-0.0901287553648068,-0.158798283261803,-0.210300429184549,,2025
HK_2396_HK_2025,2396.HK,华芢生物-B,2025-12-22,18a,0.0,0.7478389451855202,0.0,0.2612001934985758,SKIP,0.0,-0.050501433775091045,0,-0.401111111111111,-0.657037037037037,-0.735185185185185,,2025
HK_2661_HK_2025,2661.HK,轻松健康,2025-12-23,main_board_profitable,0.17326675480345483,0.6746082316309753,0.35,0.26616983360823365,SKIP,0.0,-0.0375757575757575,0,0.272572402044293,0.621805792163543,1.66439522998296,,2025
HK_2635_HK_2025,2635.HK,诺比侃,2025-12-23,main_board_profitable,0.0,0.833426446010662,0.0,0.28260063907445787,SKIP,0.0,-0.0375757575757575,0,-0.06900269541778979,0.38274932614555296,0.497304582210243,,2025
HK_3378_HK_2025,3378.HK,翰思艾泰-B,2025-12-23,18a,0.31917663999806006,0.6871134004567088,0.6327304390006698,0.2658514381714187,SKIP,0.0,-0.0375757575757575,0,-0.00813953488372096,-0.0639534883720929,0.6441860465116279,,2025
HK_2671_HK_2025,2671.HK,美联股份,2025-12-30,main_board_profitable,0.1944084818524354,0.4,0.6282893457352821,0.22643729687584999,SKIP,0.0,-0.0341000107077845,0,-0.0314136125654449,-0.451570680628272,-0.467277486910995,,2025
HK_2657_HK_2025,2657.HK,林清轩,2025-12-30,main_board_profitable,0.31965931212291554,0.699015053352884,0.6732023212249518,0.3207099904671652,SKIP,0.0,-0.0341000107077845,0,-0.0235294117647059,0.00352941176470585,-0.258823529411765,,2025
HK_3317_HK_2025,3317.HK,迅策,2025-12-30,main_board_profitable,0.2393836022049838,0.5781060283533336,0.616780874152119,0.32863916610413857,SKIP,0.0,-0.0341000107077845,0,0.0049484536082474604,0.422680412371134,3.21030927835052,,2025
HK_6600_HK_2025,6600.HK,卧安机器人,2025-12-30,main_board_profitable,0.3083549706827221,0.6481327927719555,0.6729449383392472,0.2930195128523335,SKIP,0.0,-0.0341000107077845,4,0.401489505754909,1.64319566689235,0.31279620853080603,,2025
HK_3696_HK_2025,3696.HK,英矽智能,2025-12-30,18a,0.3780215516853841,0.7044559877357826,0.7618900680053662,0.2956794120650509,SKIP,0.0,-0.0341000107077845,0,0.350900600400267,1.4416277518345602,0.957971981320881,,2025
HK_6651_HK_2025,6651.HK,五一视界,2025-12-30,18c_commercial,0.16178849910258492,0.7012664980912447,0.45,0.2675904463376769,SKIP,0.0,-0.0341000107077845,0,0.166077738515901,0.39071176173649697,0.0752145381120647,,2025
HK_6082_HK_2026,6082.HK,壁仞科技,2026-01-02,18c_commercial,0.28846576942982305,0.7357476544024493,0.7401500387524733,0.2432584279052542,RELATIONSHIP,0.1,-0.0375757575757575,2,-0.0116076610562971,0.044689495066743995,-0.0829947765525247,,2026
HK_9903_HK_2026,9903.HK,天数智芯,2026-01-08,main_board_profitable,0.37757746538424297,0.6993266719234071,0.7919904546441306,0.3182800128406206,SKIP,0.0,-0.050501433775091045,2,0.122448979591837,0.641581632653061,1.00765306122449,,2026
HK_2513_HK_2026,2513.HK,智谱,2026-01-08,18c_commercial,0.2536847124055404,0.7379847232018919,0.6712760027589656,0.2684436864690042,RELATIONSHIP,0.1,-0.050501433775091045,0,0.832699619771863,3.77566539923954,6.11787072243346,,2026
HK_2675_HK_2026,2675.HK,精锋医疗-B,2026-01-08,18a,0.4234797963399097,0.7771781031107825,0.7552096100706427,0.2784862168218106,SKIP,0.0,-0.050501433775091045,2,0.188162544169611,0.180212014134276,-0.0282685512367491,,2026
HK_3636_HK_2026,3636.HK,金浔资源,2026-01-09,main_board_profitable,0.45085409724087727,0.7661782327369175,0.7579664519929759,0.22365237742146066,SKIP,0.0,-0.050501433775091045,0,0.041798941798941905,0.097883597883598,-0.32804232804232797,,2026
HK_0100_HK_2026,0100.HK,MINIMAX-W,2026-01-09,18c_commercial,0.29196466409227656,0.7357476544024493,0.7832388258300601,0.27621569908874843,RELATIONSHIP,0.1,-0.050501433775091045,0,0.269565217391304,1.18405797101449,1.78260869565217,,2026
HK_6938_HK_2026,6938.HK,瑞博生物-B,2026-01-09,18a,0.40493442402377544,0.7769291215116609,0.6917227815878512,0.24652088545687012,SKIP,0.0,-0.050501433775091045,0,-0.07673568818514,-0.12911084043849,-0.182095006090134,,2026
HK_0501_HK_2026,0501.HK,豪威集团,2026-01-12,a_plus_h,0.39727889964186325,0.7805356974732917,0.6373626809123268,0.2740220784572811,SKIP,0.0,-0.050501433775091045,0,-0.0435139573070607,-0.09852216748768469,-0.339080459770115,,2026
HK_3986_HK_2026,3986.HK,兆易创新,2026-01-13,a_plus_h,0.3111606012923071,0.6045843177697536,0.6822757992883097,0.3142353848643286,SKIP,0.0,-0.050501433775091045,2,0.37342908438061,0.759425493716337,0.829443447037702,,2026
HK_1641_HK_2026,1641.HK,红星冷链,2026-01-13,main_board_profitable,0.17342304676448744,0.6265126894278195,0.35,0.209123090899194,SKIP,0.0,-0.050501433775091045,0,-0.190243902439024,-0.359349593495935,-0.416260162601626,,2026
HK_9611_HK_2026,9611.HK,龙旗科技,2026-01-22,a_plus_h,0.43467390799529176,0.7795182293953231,0.664595619462787,0.23724135887369882,SKIP,0.0,-0.0375757575757575,0,-0.0498442367601247,-0.214953271028037,-0.35264797507788204,,2026
HK_1768_HK_2026,1768.HK,鸣鸣很忙,2026-01-28,main_board_profitable,0.3078997242559609,0.697232144559054,0.6968828709741379,0.36631692340262806,SKIP,0.0,-0.0304340831394179,0,-0.0015000000000000599,0.0509999999999999,0.0875,,2026
HK_9980_HK_2026,9980.HK,东鹏饮料,2026-02-03,a_plus_h,0.41085404560645916,0.7266809839836766,0.6757596997979829,0.23939566069872945,SKIP,0.0,-0.0308370044052863,2,-0.0071485305798253,-0.166004765687053,,,2026
HK_2768_HK_2026,2768.HK,国恩科技,2026-02-04,a_plus_h,0.2208316278942075,0.6255052051269864,0.4,0.19762448132780086,SKIP,0.0,-0.0308370044052863,0,0.140438247011952,0.21215139442231098,,,2026
HK_2714_HK_2026,2714.HK,牧原股份,2026-02-06,a_plus_h,0.522305042446242,0.7338772046839168,0.7975682787840461,0.188776986370357,SKIP,0.0,-0.030730634122548898,0,-0.0325765054294176,0.048864758144126295,,,2026
HK_3200_HK_2026,3200.HK,大族数控,2026-02-06,a_plus_h,0.394928878954524,0.6810682217062339,0.7513886582037046,0.2984300882732918,SKIP,0.0,-0.030730634122548898,0,0.0236363636363636,-0.0036363636363636897,,,2026
HK_2677_HK_2026,2677.HK,卓正医疗,2026-02-06,main_board_profitable,0.13303691414474766,0.5340586376134817,0.4,0.3772363895318577,SKIP,0.0,-0.030730634122548898,0,-0.14580265095729,-0.209867452135493,,,2026
HK_6809_HK_2026,6809.HK,澜起科技,2026-02-09,a_plus_h,0.4217755751077421,0.6851484067144032,0.7583459627422031,0.2620333938079351,SKIP,0.0,-0.030730634122548898,2,0.20571428571428602,0.0342857142857143,,,2026
HK_2720_HK_2026,2720.HK,乐欣户外,2026-02-10,main_board_profitable,0.18619410861402308,0.7771120229656922,0.35,0.31543567497716696,SKIP,0.0,-0.030730634122548898,0,0.109765940274415,0.10088781275222,,,2026
HK_0600_HK_2026,0600.HK,爱芯元智,2026-02-10,main_board_profitable,0.3911738812537974,0.7136030240206097,0.7793948116545415,0.29667564438356664,SKIP,0.0,-0.030730634122548898,0,0.202127659574468,-0.285815602836879,,,2026
HK_0470_HK_2026,0470.HK,先导智能,2026-02-11,a_plus_h,0.4327943779104656,0.6857456519697145,0.7045397458949618,0.18563262941822264,SKIP,0.0,-0.030624263839811497,0,0.00611353711790396,-0.0262008733624453,,,2026
HK_9981_HK_2026,9981.HK,沃尔核材,2026-02-13,a_plus_h,0.47290839878328944,0.7815813819965566,0.6881895570487067,0.20071427204175712,SKIP,0.0,-0.030624263839811497,0,0.000967117988394564,-0.09574468085106391,,,2026
HK_2706_HK_2026,2706.HK,海致科技集团,2026-02-13,main_board_profitable,0.22113435476054832,0.5825573971835221,0.5637586163003581,0.3266756744590072,SKIP,0.0,-0.030624263839811497,0,0.165226781857452,-0.456263498920086,,,2026
HK_2715_HK_2026,2715.HK,埃斯顿,2026-03-09,a_plus_h,0.41704168510408657,0.6988714409318488,0.6954963555532981,0.2199999520458006,TRIAL,0.4,0.00749625187406294,0,-0.00465116279069771,-0.0418604651162791,,,2026
HK_2692_HK_2026,2692.HK,兆威机电,2026-03-09,a_plus_h,0.4483109746364455,0.7422876335361522,0.7646389081627981,0.2819444107974086,TRIAL,0.4,0.00749625187406294,0,0.0876712328767124,-0.14931506849315102,,,2026
HK_2649_HK_2026,2649.HK,优乐赛共享,2026-03-09,main_board_profitable,0.0,0.6401439297611832,0.0,0.27155945345016186,SKIP,0.0,0.00749625187406294,0,-0.167741935483871,-0.370967741935484,,,2026
HK_3268_HK_2026,3268.HK,美格智能,2026-03-10,a_plus_h,0.1943827165877298,0.6068073826247665,0.4,0.2719618877660661,SKIP,0.0,0.00749625187406294,0,-0.113993174061433,-0.204778156996587,,,2026
HK_7489_HK_2026,7489.HK,岚图汽车,2026-03-19,main_board_profitable,0.0,0.6048539937729158,0.0,0.31767571371673836,SKIP,0.0,0.00984568691264122,0,-0.187403993855607,-0.13210445468510001,,,2026
HK_1989_HK_2026,1989.HK,广合科技,2026-03-20,a_plus_h,0.5748647303024078,0.8337507561432921,0.7632302422777242,0.17873906029272127,FULL,1.0,0.04677712660543515,0,0.0182291666666667,0.5654918463966334,,,2026
HK_3355_HK_2026,3355.HK,飞速创新,2026-03-23,main_board_profitable,0.4038354838911038,0.8459809146519583,0.6615118502493758,0.2783837863985624,TRIAL,0.4,0.044689495066743995,0,-0.0838983050847458,-0.16785714285714282,,,2026
HK_2701_HK_2026,2701.HK,国民技术,2026-03-23,a_plus_h,0.28417935609315176,0.5675943877560369,0.6092915185310649,0.2529724555897887,RELATIONSHIP,0.1,0.044689495066743995,0,0.16266666666666701,-0.09790209790209792,,,2026
HK_2729_HK_2026,2729.HK,凯乐士科技,2026-03-24,main_board_profitable,0.0,0.6101323186242954,0.0,0.3217994096217687,SKIP,0.0,0.0342857142857143,0,-0.0221498371335505,0.1875,,,2026
HK_2632_HK_2026,2632.HK,泽景股份,2026-03-24,main_board_profitable,0.11069610329890052,0.4,0.4,0.3081493543818718,SKIP,0.0,0.0342857142857143,0,0.614060258249641,0.9555808656036446,,,2026
HK_2726_HK_2026,2726.HK,瀚天天成,2026-03-30,main_board_profitable,0.17300239465455458,0.6933557360547289,0.35,0.28710107892313713,SKIP,0.0,0.03948760467622915,0,0.11941747572815499,-0.05818181818181822,,,2026
HK_1021_HK_2026,1021.HK,华沿机器人,2026-03-30,18c_commercial,0.2875628116964959,0.7352703821938058,0.7234815190739009,0.22774599858766237,RELATIONSHIP,0.1,0.03948760467622915,0,-0.026086956521739,0.1672619047619046,,,2026
HK_6636_HK_2026,6636.HK,极视角,2026-03-30,18c_commercial,0.1184454620053524,0.6435066831357389,0.35,0.24872440644724159,SKIP,0.0,0.03948760467622915,0,0.0559999999999999,0.6930775646371976,,,2026
HK_2526_HK_2026,2526.HK,德适-B,2026-03-30,18a,0.0,0.6535795954587914,0.0,0.2777703454523583,SKIP,0.0,0.03948760467622915,0,0.426526717557252,0.31506849315068486,,,2026
HK_0664_HK_2026,0664.HK,铜师傅,2026-03-31,main_board_profitable,0.08940296891907834,0.4,0.35,0.36140736486372604,SKIP,0.0,0.03948760467622915,0,-0.0786885245901639,-0.3579898362507059,,,2026
HK_3625_HK_2026,3625.HK,傅里叶,2026-03-31,18c_commercial,0.15155120293276508,0.6414434318156833,0.45,0.24994955738586022,SKIP,0.0,0.03948760467622915,0,0.63125,0.5437977660199884,,,2026
HK_6656_HK_2026,6656.HK,思格新能,2026-04-16,main_board_profitable,0.39429309474517343,0.7431148312338891,0.7497155594549824,0.29227144597759425,TRIAL,0.4,0.005512831819384395,0,-0.146322971948446,,,,2026
HK_0068_HK_2026,0068.HK,MANYCORE TECH,2026-04-17,main_board_profitable,0.3335511614063152,0.6721568931039651,0.7242662559581245,0.3148375576346297,RELATIONSHIP,0.0,0.00352941176470585,0,0.531182795698925,,,,2026
HK_3277_HK_2026,3277.HK,长光辰芯,2026-04-17,main_board_profitable,0.28569040249619165,0.5713330634920608,0.7158038583532851,0.30142625670343587,RELATIONSHIP,0.0,0.00352941176470585,6,0.21,,,,2026
HK_2476_HK_2026,2476.HK,胜宏科技,2026-04-21,a_plus_h,0.42025746550525134,0.6594967082511086,0.7452663606422274,0.22268222132588664,TRIAL,0.4,0.005512831819384395,4,-0.0476190476190476,,,,2026
HK_3296_HK_2026,3296.HK,华勤技术,2026-04-23,a_plus_h,0.49927861194940454,0.7627761799253967,0.776472371246033,0.23365002503480134,LARGE,0.7,0.005512831819384395,2,0.0340909090909091,,,,2026
HK_2493_HK_2026,2493.HK,迈威生物-B,2026-04-28,18a,0.20828307239171814,0.6635497345578126,0.4,0.28660868293837954,SKIP,0.0,-5.3475935828919876e-05,0,-0.0258992805755397,,,,2026
HK_1879_HK_2026,1879.HK,曦智科技-P,2026-04-28,18c_precommercial,0.23837716214273222,0.5989419145672226,0.7676603872742075,0.2593504421097276,SKIP,0.0,-5.3475935828919876e-05,0,0.00282167042889391,,,,2026
HK_6810_HK_2026,6810.HK,商米科技-W,2026-04-29,main_board_profitable,0.12025620105524668,0.5741832284085814,0.35,0.4016036538990655,SKIP,0.0,-5.3475935828919876e-05,0,-0.13025641025641033,,,,2026
HK_1609_HK_2026,1609.HK,天星医疗,2026-05-05,main_board_profitable,0.3517914993533889,0.7792708337539466,0.6332393903466642,0.2870993725281267,TRIAL,0.4,0.00352941176470585,2,-0.2534722222222222,,,,2026
HK_1187_HK_2026,1187.HK,可孚医疗,2026-05-06,a_plus_h,0.49689248853533385,0.7184433707080439,0.7792761559393204,0.19316298002941962,LARGE,0.7,0.00352941176470585,0,-0.023594377510040232,,,,2026
