thscode,total_oi,gross_selling_rate,net_profit_margin_on_sales,ths_roe_hks,ni_attr_to_cs,report_year
1187.HK,2976958000.0,37.842,10.1452,6.0092,301683000.0,2022
1609.HK,146596000.0,70.9017,27.5192,14.2898,40342000.0,2022
6810.HK,3404380000.0,28.1173,4.6856,9.597,159516000.0,2022
2493.HK,,,,,,2022
1879.HK,,,,,,2022
3296.HK,92645702000.0,9.5767,2.7135,20.8765,2585146000.0,2022
2476.HK,7885155000.0,18.1476,10.027,11.3977,790646000.0,2022
0068.HK,600616000.0,72.6761,-117.169,,-703736000.0,2022
3277.HK,604407000.0,76.1611,-13.9143,-11.4524,-83148000.0,2022
6656.HK,,,,,,2022
0664.HK,503185000.0,32.2402,11.3155,19.9064,56938000.0,2022
3625.HK,130327000.0,7.2732,-50.5667,-22.0896,-65902000.0,2022
1021.HK,109442000.0,13.7114,-76.1737,-19.644,-79528000.0,2022
2726.HK,440691000.0,44.6882,28.9416,21.8582,127543000.0,2022
2526.HK,,,,,,2022
6636.HK,101572000.0,30.601,-59.7822,-23.7022,-60855000.0,2022
2729.HK,656924000.0,15.7443,-31.9014,,-209338000.0,2022
2632.HK,214092000.0,22.5992,-119.642,,-252372000.0,2022
3355.HK,1988244000.0,45.4098,18.3331,23.7864,364507000.0,2022
2701.HK,1195411000.0,35.638,-1.5836,-1.9699,-32485000.0,2022
1989.HK,2412387000.0,26.06,11.5923,19.8464,279651000.0,2022
7489.HK,6051754000.0,8.3055,-25.416,-32.287,-1538115000.0,2022
3268.HK,2305932000.0,17.5797,5.4908,15.6008,127836000.0,2022
2715.HK,3880779000.0,32.8856,4.73,6.0123,166780000.0,2022
2649.HK,647587000.0,19.6804,4.818,8.6929,23703000.0,2022
2692.HK,1152459000.0,29.0778,13.0587,5.1066,150496000.0,2022
2706.HK,312992000.0,30.9478,-56.1612,-385.2037,-175780000.0,2022
9981.HK,5336649000.0,30.2055,12.3719,14.1533,614623000.0,2022
0470.HK,13836131000.0,36.6075,16.7542,20.8367,2318133000.0,2022
0600.HK,50230000.0,25.869,-1217.5473,,-1068590000.0,2022
2720.HK,818412000.0,23.2319,13.9112,71.5989,106938000.0,2022
6809.HK,3672258000.0,46.4431,35.3835,13.1089,1299378000.0,2022
2714.HK,124640908141.26,17.373,11.9811,18.4808,13266156512.39,2022
3200.HK,2786150000.0,34.0189,15.5057,7.589,434687000.0,2022
2677.HK,473184000.0,9.2945,-46.8152,,-215496000.0,2022
2768.HK,13406440000.0,11.7851,5.4031,16.2962,663412000.0,2022
9980.HK,8500023000.0,41.5523,16.9473,28.4429,1440521000.0,2022
1768.HK,4285745000.0,7.4515,1.6718,12.1013,71651000.0,2022
9611.HK,29343152000.0,8.0602,1.9136,17.7847,561301000.0,2022
3986.HK,8129992000.0,45.4763,25.2507,13.5054,2051080000.0,2022
1641.HK,236736000.0,50.0684,33.4178,9.4607,79112000.0,2022
8610.HK,,,,,,2022
0501.HK,20040249000.0,23.6589,4.7454,5.4538,982730000.0,2022
6938.HK,,,,,,2022
3636.HK,637303000.0,26.7523,13.1027,23.1651,83504000.0,2022
0100.HK,,,,,-73728000.0,2022
2675.HK,,,,,,2022
2513.HK,57409000.0,54.6256,-250.2221,,-143374000.0,2022
9903.HK,189369000.0,59.3614,-292.3488,-79.252,-523839000.0,2022
6082.HK,499000.0,100.0,-295453.3066,,-1474312000.0,2022
3317.HK,287899000.0,78.0183,-33.5229,-6.4623,-75141000.0,2022
2657.HK,691150000.0,77.9971,-0.8581,-1.5383,-5871000.0,2022
6600.HK,274597000.0,34.2826,-31.6766,-41.7133,-86983000.0,2022
6651.HK,169977000.0,64.9535,-111.6533,,-79204000.0,2022
3696.HK,30147000.0,63.3894,-735.8211,,-221828000.0,2022
2671.HK,1902842000.0,12.7494,4.6092,30.0047,88907000.0,2022
3378.HK,,,,-27.3732,-28400000.0,2022
2635.HK,252620000.0,55.5629,25.0024,37.9349,63161000.0,2022
2661.HK,393607000.0,82.6111,-0.532,,-2061000.0,2022
2396.HK,,,,,-85926000.0,2022
2691.HK,852643000.0,,28.8411,7.4191,246060000.0,2022
2695.HK,63039000.0,27.2498,-4.1228,-1.3971,-2599000.0,2022
2581.HK,2336435000.0,16.3968,3.8328,7.0078,89550000.0,2022
3881.HK,31056000.0,-19.3038,-846.8476,,-262997000.0,2022
2546.HK,482354000.0,36.2068,24.4406,13.8215,117890000.0,2022
3887.HK,129064000.0,97.2332,-453.4138,-8983.0389,-584706000.0,2022
2655.HK,141831000.0,25.1144,17.1169,84.3641,24280000.0,2022
7618.HK,14134695000.0,17.9764,-8.9788,,-1334128000.0,2022
2659.HK,,,,,,2022
2665.HK,66302000.0,-62.3224,-283.7999,,-188165000.0,2022
2676.HK,1670393000.0,48.508,14.9738,3.8565,250574000.0,2022
2687.HK,400111000.0,44.124,-14.7734,-17.8843,-59110000.0,2022
2408.HK,418096000.0,61.6983,-8.604,-138.5069,-35973000.0,2022
2658.HK,436855000.0,20.0263,0.6441,0.9259,6910000.0,2022
2693.HK,190366000.0,30.2344,12.8295,6.9066,24423000.0,2022
2539.HK,330154000.0,25.847,1.963,8.3879,6481000.0,2022
9609.HK,327076000.0,44.8972,31.1876,43.231,102007000.0,2022
2685.HK,475285000.0,65.8041,-0.0595,,-195000.0,2022
2788.HK,13489726000.0,15.1311,6.7674,52.1482,881286000.0,2022
2579.HK,30343742000.0,11.141,5.0733,9.3727,1548644000.0,2022
2698.HK,319898000.0,22.9864,5.7487,80.8352,18390000.0,2022
0699.HK,49793352000.0,11.13,0.4685,3.1959,391591000.0,2022
0800.HK,527543000.0,44.0808,-246.1403,,-1298496000.0,2022
2630.HK,,,,,,2022
2026.HK,68386000.0,46.8868,-216.7841,-20.9654,-148018000.0,2022
9927.HK,34056074000.0,8.0092,-15.3293,-33.5551,-3831866000.0,2022
2718.HK,1269265000.0,53.2386,129.023,,1659924000.0,2022
6031.HK,80838530000.0,22.6331,5.4836,6.6129,4301041000.0,2022
6166.HK,3783739000.0,18.1999,4.5221,8.8862,171106000.0,2022
6980.HK,1817540000.0,53.3422,9.1249,21.9305,166095000.0,2022
1384.HK,100468000.0,29.4213,-652.1738,,-655226000.0,2022
0638.HK,5202736000.0,20.485,7.0123,15.0245,364833000.0,2022
6687.HK,523078000.0,52.2891,-96.9414,,-505335000.0,2022
2637.HK,212465000.0,80.9884,32.467,23.97,68981000.0,2022
2670.HK,161280000.0,24.3496,-226.5749,,-365420000.0,2022
2575.HK,,,,-38.2703,-512265000.0,2022
2650.HK,697060000.0,20.3819,-3.6076,-108.5276,-26306000.0,2022
8549.HK,,,,,,2022
2652.HK,349127000.0,76.6068,-14.1493,-5.6241,-49399000.0,2022
2259.HK,1817981000.0,34.1287,15.9691,10.1723,183680000.0,2022
2889.HK,1217757000.0,14.0522,-37.13,-127.222,-452095000.0,2022
2583.HK,323704000.0,19.8104,7.5813,5.1011,24541000.0,2022
9973.HK,92618000000.0,13.8256,6.2688,67.961,6266000000.0,2022
6090.HK,507202000.0,47.6696,-4.1855,,-21229000.0,2022
2595.HK,105061000.0,90.0382,-261.9849,,-275244000.0,2022
2656.HK,525646000.0,22.5032,-22.8414,,-111305000.0,2022
2525.HK,1202670000.0,39.2449,-25.0081,-26.2933,-747184000.0,2022
2543.HK,254188000.0,30.6592,12.3664,57.3561,31434000.0,2022
2580.HK,19527585000.0,21.2515,7.3831,83.4483,1441738000.0,2022
3858.HK,,,,-120.8404,-93661000.0,2022
6960.HK,4072480000.0,16.9331,6.9006,20.2229,281019000.0,2022
2631.HK,417035000.0,-7.9015,-42.1264,-3.346,-175682000.0,2022
2591.HK,,,,-55.5588,-300644000.0,2022
2627.HK,,,,,,2022
6887.HK,3813566000.0,76.6262,-37.1284,,-1084623000.0,2022
9887.HK,,,,,-280789000.0,2022
2651.HK,409444000.0,36.2623,13.787,38.3612,43342000.0,2022
2590.HK,1452163000.0,17.6666,-107.9154,,-1567108000.0,2022
2597.HK,809743000.0,24.1293,9.2202,12.162,75972000.0,2022
6613.HK,46698546000.0,18.3023,5.3959,5.5421,2448037000.0,2022
1304.HK,322973000.0,57.3419,43.9668,6.297,142001000.0,2022
1828.HK,2429000000.0,,-13.1741,-4.6266,-302000000.0,2022
2648.HK,12105618000.0,21.1516,9.2313,9.4272,1101030000.0,2022
2592.HK,,,,,-66838000.0,2022
9678.HK,600619000.0,39.94,-62.5007,,-366012000.0,2022
6603.HK,,,,,,2022
3880.HK,350840000.0,57.3107,15.3859,35.097,53980000.0,2022
2508.HK,471522000.0,29.9307,-87.2867,,-407496000.0,2022
6883.HK,1674654000.0,51.4395,10.2043,33.3396,170887000.0,2022
6168.HK,3101690000.0,38.6914,18.5461,35.6465,575241000.0,2022
2643.HK,7630961000.0,-4.4423,-26.3021,,-1972065000.0,2022
2619.HK,1096965000.0,20.4081,7.3166,12.8977,80261000.0,2022
2050.HK,21347550000.0,25.5843,12.2171,19.8847,2573344000.0,2022
2609.HK,802652000.0,9.9118,-9.4082,-5.7722,-58018000.0,2022
2617.HK,124000.0,100.0,-203180.6452,-23.0803,-251944000.0,2022
3288.HK,25609652000.0,34.8721,24.222,23.4783,6197717000.0,2022
9881.HK,393273000.0,22.8495,9.5219,23.0726,37447000.0,2022
2605.HK,135379000.0,72.9818,-14.8007,,-20037000.0,2022
2573.HK,761499000.0,25.5889,16.0238,35.5539,122021000.0,2022
2621.HK,806258000.0,34.7802,16.2463,,130881000.0,2022
2565.HK,,,,-102.1502,-306416000.0,2022
2603.HK,5375884000.0,40.5301,3.1916,9.2872,183980000.0,2022
1276.HK,21275271000.0,83.6118,17.9323,10.3279,3906374000.0,2022
2629.HK,17758971.0,52.5164,-316.4752,,-56641613.0,2022
3750.HK,328593988000.0,17.6401,10.1819,18.6825,30729164000.0,2022
6831.HK,2375453000.0,63.6989,0.6979,3.6053,16579000.0,2022
2865.HK,11085713000.0,10.9631,7.4058,69.8553,716945000.0,2022
2589.HK,2199005000.0,26.6611,6.7972,52.0043,149470000.0,2022
1333.HK,360106324.0,2.2695,-49.4578,-173.7745,-148323255.0,2022
9606.HK,1600000.0,100.0,-24193.125,,-387090000.0,2022
3677.HK,3290253000.0,-8.8224,-52.275,-77.2484,-1719981000.0,2022
2625.HK,1328685000.0,22.7396,3.8433,12.2369,50029000.0,2022
2569.HK,408066000.0,27.2569,10.2579,1012.3337,41860000.0,2022
2610.HK,466777000.0,24.0091,20.5863,9.3304,67692000.0,2022
2561.HK,,,,-38.5135,-288967000.0,2022
6693.HK,6266787000.0,28.6418,7.8809,9.1961,450976000.0,2022
6676.HK,905363000.0,25.4454,-40.4416,,-358903000.0,2022
2097.HK,13575577000.0,28.3365,14.8288,30.7384,1996715000.0,2022
1364.HK,5559222000.0,28.1142,6.692,,366619000.0,2022
2571.HK,145385000.0,65.6024,33.4876,14.357,50330000.0,2022
0805.HK,498780000.0,16.489,6.6073,78.5377,32956000.0,2022
2596.HK,1780468000.0,,24.2932,5.3892,437710000.0,2022
0325.HK,325574000.0,37.9081,-129.8338,,-419886000.0,2022
2530.HK,367297000.0,74.3785,23.8287,38.9191,87522000.0,2022
2560.HK,1839589000.0,19.7677,5.0219,13.5228,75881000.0,2022
2613.HK,267233000.0,37.4512,13.7621,29.8487,36735000.0,2022
6681.HK,11291000.0,29.2002,-4450.1019,,-502452000.0,2022
2506.HK,471860000.0,48.8851,-44.207,-49.336,-189400000.0,2022
2577.HK,136174000.0,-289.4135,-1619.6014,,-2205476000.0,2022
2587.HK,569068000.0,43.1926,-44.9224,,-258131000.0,2022
2431.HK,279358000.0,12.0168,-79.0491,-44.9419,-214864000.0,2022
2432.HK,241013000.0,40.7517,-21.7735,-13.6183,-52477000.0,2022
0999.HK,3213420000.0,66.1445,7.3932,111.1728,237574000.0,2022
2593.HK,208028000.0,71.9067,13.4463,45.968,27972000.0,2022
1318.HK,1829112000.0,83.8264,19.2495,36.7632,352082000.0,2022
2570.HK,604648000.0,8.24,-90.3168,-35.6619,-505966000.0,2022
2586.HK,1500959000.0,44.5798,-55.9993,,-807406000.0,2022
2585.HK,15724215000.0,4.8285,1.1495,11.2452,180825000.0,2022
2566.HK,1125405000.0,75.9071,5.3196,8.0666,59867000.0,2022
6936.HK,267490414000.0,12.3415,2.6382,7.3626,6227058000.0,2022
2582.HK,359492000.0,10.8548,-26.765,-14.3688,-93857000.0,2022
2519.HK,7100230000.0,34.9151,3.1431,13.4014,219054000.0,2022
2551.HK,1410632000.0,16.6723,2.7698,4.6938,40791000.0,2022
2510.HK,2443470000.0,44.6635,43.9746,59.7367,1074541000.0,2022
2563.HK,32820000.0,72.7605,-489.0646,-18.4936,-160511000.0,2022
2465.HK,14071643000.0,17.2923,7.3193,22.4184,752897000.0,2022
2562.HK,,,,,,2022
9660.HK,905676000.0,69.3088,-962.864,,-8719410000.0,2022
2460.HK,12622776000.0,41.6636,7.8328,19.4888,989808000.0,2022
2567.HK,1147290000.0,19.9288,-18.5439,,-212752000.0,2022
9639.HK,520351000.0,17.9904,11.3491,75.0331,58456000.0,2022
2576.HK,549215000.0,33.7575,-76.9427,-30.3501,-412907000.0,2022
2549.HK,768482000.0,35.8226,14.1172,104.5137,108770000.0,2022
0300.HK,345708706000.0,24.1206,8.6235,22.0714,29553342000.0,2022
8629.HK,19966000.0,57.5679,14.5848,4.2723,2912000.0,2022
2410.HK,44242000.0,45.3031,-704.7647,,-310993000.0,2022
2533.HK,165442000.0,29.3946,-1664.593,,-2753936000.0,2022
1471.HK,148398000.0,45.3234,24.4943,13.7492,37776000.0,2022
2531.HK,413860000.0,41.8472,11.4573,15.225,44145000.0,2022
2507.HK,894082000.0,33.3448,9.851,25.5519,88076000.0,2022
1334.HK,419073000.0,31.7405,8.7176,16.3687,36533000.0,2022
2495.HK,514992000.0,39.1202,-16.6626,-90.3024,-57342000.0,2022
9680.HK,1368359000.0,-10.6631,-45.8055,,-626783000.0,2022
6086.HK,2204303000.0,17.2655,-17.3888,,-383302000.0,2022
6657.HK,525765000.0,40.7578,-29.7137,,-153501000.0,2022
2545.HK,413091000.0,25.0884,8.4667,22.2556,34473000.0,2022
1354.HK,706816000.0,14.289,5.2969,45.5142,37501000.0,2022
8637.HK,39182000.0,40.9882,6.9037,18.7322,3192000.0,2022
2559.HK,569078000.0,75.1326,-32.9711,,-187631000.0,2022
6181.HK,1294220000.0,41.8892,7.3039,11.5288,94529000.0,2022
2479.HK,328936000.0,32.6975,12.5508,6.7465,41249000.0,2022
2881.HK,3133836000.0,22.3138,10.8643,30.3122,340470000.0,2022
2512.HK,548753000.0,12.5636,1.464,19.2847,8034000.0,2022
2228.HK,133353000.0,100.0,-1078.8036,,-1438507000.0,2022
2522.HK,784444000.0,30.2061,-1.9196,0.0286,364000.0,2022
2550.HK,456411000.0,52.2928,9.7386,14.6624,44388000.0,2022
8529.HK,257565000.0,39.5543,8.4631,50.0293,21798000.0,2022
2443.HK,467631000.0,60.9072,14.7509,43.0341,45237000.0,2022
2505.HK,708665000.0,15.0274,5.1212,20.2065,36292000.0,2022
0917.HK,553617000.0,60.4461,-20.9634,,-116025000.0,2022
2898.HK,,,,,-51988000.0,2022
2529.HK,528523000.0,22.9975,10.1407,32.3762,53095000.0,2022
2556.HK,1142776000.0,49.0068,-18.9412,,-216455000.0,2022
2438.HK,500725000.0,67.1029,-133.767,,-669805000.0,2022
2515.HK,287960000.0,25.2101,12.1857,25.1805,35090000.0,2022
2555.HK,4231670000.0,34.4117,22.7985,201.5634,954316000.0,2022
2598.HK,742748000.0,62.7358,-123.4424,-61.5979,-916540000.0,2022
2497.HK,126694000.0,41.4692,25.1093,11.5882,31812000.0,2022
2536.HK,256231000.0,94.8913,15.6433,12.2308,40083000.0,2022
9879.HK,3841400000.0,16.4894,10.3238,47.9254,396337000.0,2022
2509.HK,,,,-45.4537,-298191000.0,2022
2540.HK,492570000.0,20.9215,13.8675,20.576,67290000.0,2022
2535.HK,336384000.0,19.8996,11.6727,34.3783,39265000.0,2022
2477.HK,226513000.0,20.5993,10.7098,31.9559,24259000.0,2022
2503.HK,1378055000.0,5.7273,1.8377,10.9241,25325000.0,2022
6959.HK,547867000.0,41.0755,17.5064,676.6674,95877000.0,2022
2453.HK,472170000.0,-30.2037,-134.9561,-846.3471,-541404000.0,2022
2498.HK,530322000.0,-7.4096,-393.3672,,-2088652000.0,2022
9880.HK,1008272000.0,29.1633,-97.9267,-113.7649,-974809000.0,2022
2149.HK,352510000.0,56.5442,27.0239,27.3581,95262000.0,2022
6911.HK,462869000.0,65.8927,15.2294,9.3633,72205000.0,2022
2516.HK,1251983000.0,8.3599,2.0605,4.8651,25766000.0,2022
2489.HK,418413000.0,52.2426,28.9164,15.9642,83214000.0,2022
2511.HK,,,,,-190237000.0,2022
2502.HK,2254533000.0,12.76,8.6085,26.563,138229000.0,2022
1274.HK,1325882000.0,8.3396,-25.8225,-633.2498,-342376000.0,2022
0666.HK,14647778000.0,7.4297,-3.0778,-5.5427,-354121000.0,2022
1497.HK,1729945000.0,50.7676,11.9008,47.5661,188207000.0,2022
2419.HK,15037027000.0,13.7539,6.0501,22.2055,992866000.0,2022
2483.HK,220901000.0,,30.7219,9.8841,67865000.0,2022
9663.HK,748475000.0,21.2169,-37.4397,-14.3135,-273416000.0,2022
2521.HK,594204000.0,15.8883,5.7874,21.515,34389000.0,2022
2520.HK,12844822000.0,14.3408,1.5604,8.6593,150882000.0,2022
2268.HK,990423000.0,26.3608,15.7237,20.7412,155731000.0,2022
2499.HK,1194209000.0,30.2848,2.9644,4.0148,35401000.0,2022
1111.HK,207167000.0,49.8559,22.0397,64.0392,45659000.0,2022
2473.HK,1141526000.0,32.8023,6.7525,16.87,78913000.0,2022
2429.HK,2519224000.0,42.7408,-11.2364,-25.3422,-284529000.0,2022
2517.HK,7173457000.0,17.4109,3.3594,9.8174,229907000.0,2022
1519.HK,7267428000.0,-3.7185,21.6386,,1656168000.0,2022
2451.HK,4783023000.0,11.7359,2.4677,19.038,118030000.0,2022
9676.HK,4532920000.0,17.1975,-12.4471,-725.9945,-407341000.0,2022
2501.HK,243255000.0,43.0129,20.1665,31.7632,48774000.0,2022
1973.HK,186311000.0,,286.0341,8.091,559285000.0,2022
6682.HK,3082637000.0,48.2264,-53.6366,,-1644897000.0,2022
9890.HK,8817221000.0,72.6951,5.5746,35.3375,514067000.0,2022
9686.HK,687415000.0,24.5048,-35.3876,,-241967000.0,2022
9690.HK,11546851000.0,19.6606,-18.5186,,-2136173000.0,2022
2496.HK,,,,-126.3123,-188866000.0,2022
2490.HK,4607929000.0,11.8339,8.3835,56.2328,380944000.0,2022
1541.HK,538000.0,100.0,-74887.3606,,-402894000.0,2022
2271.HK,319735000.0,36.3858,15.9304,76.8923,50817000.0,2022
1284.HK,240678000.0,74.03,16.3833,68.2593,39431000.0,2022
6683.HK,344157000.0,64.746,18.8571,29.9874,60389000.0,2022
3650.HK,2211551000.0,40.7126,-4.7275,,-104551000.0,2022
6990.HK,803933000.0,65.5658,-76.6356,,-548099000.0,2022
2481.HK,1443732000.0,20.5634,9.7231,14.2028,96431000.0,2022
9860.HK,4860613000.0,39.0108,14.0905,103.5375,680793000.0,2022
2105.HK,,,,,-781594000.0,2022
9885.HK,14274810000.0,10.0507,-10.5083,,-1488688000.0,2022
2487.HK,11366000.0,69.8399,-4890.3396,,-555836000.0,2022
9930.HK,7877646000.0,39.7708,8.4614,10.5085,666562000.0,2022
2416.HK,1371889000.0,45.6701,-44.5814,,-611607000.0,2022
2486.HK,618110000.0,28.0803,8.5263,15.6962,52702000.0,2022
2442.HK,240465000.0,25.7314,11.9918,33.9893,28766000.0,2022
2480.HK,,,,-410.9355,-725180000.0,2022
6979.HK,5855917000.0,55.3104,17.5868,,1029866000.0,2022
2415.HK,348950000.0,59.1262,-28.6233,,-99881000.0,2022
6623.HK,58115728000.0,100.0,15.0992,9.3419,8699369000.0,2022
9669.HK,679627000.0,58.931,-280.8558,,-1908772000.0,2022
2439.HK,299789000.0,40.1095,19.009,33.5573,56508000.0,2022
2405.HK,16429000.0,84.3326,33.4409,73.3903,5494000.0,2022
2433.HK,1890660000.0,10.9252,3.4638,20.3036,64471000.0,2022
2409.HK,359101000.0,17.3667,16.4101,75.4525,57316000.0,2022
1405.HK,2020789000.0,72.7967,-11.0171,-26.0236,-222632000.0,2022
2421.HK,775555000.0,75.6879,31.4175,41.3347,243660000.0,2022
9636.HK,1850141000.0,87.2833,24.8929,153.8655,460554000.0,2022
2482.HK,6204473000.0,5.5084,0.0225,0.2556,1393000.0,2022
2450.HK,407709000.0,47.7831,25.7679,19.9539,67410000.0,2022
2306.HK,980254000.0,37.04,175.9937,1801.9729,1724470000.0,2022
2455.HK,691999000.0,17.6518,5.8354,22.4042,40167000.0,2022
2459.HK,115521000.0,22.531,6.4889,5.596,7496000.0,2022
2411.HK,11311995000.0,11.6185,2.7063,11.5658,323297000.0,2022
2373.HK,1635414000.0,43.8936,6.7587,46.2258,103109000.0,2022
2458.HK,637886000.0,52.2137,2.1115,11.6255,13525000.0,2022
2147.HK,356847000.0,33.4194,13.086,19.8676,46697000.0,2022
2402.HK,733928619.84,38.0488,-26.532,-6.8708,-166454260.66,2022
2469.HK,2810429000.0,48.5942,-74.2715,,-2087347000.0,2022
2425.HK,691368000.0,18.9006,3.3837,2.9491,23394000.0,2022
6955.HK,515960000.0,68.6545,-64.2974,-22.3395,-331749000.0,2022
6922.HK,27149000.0,71.3175,-435.8024,-54.7714,-112222000.0,2022
3896.HK,8180107000.0,5.251,-32.8649,-27.3969,-2658184000.0,2022
9658.HK,558225000.0,64.773,-7.3918,-156.765,-41248000.0,2022
2427.HK,177112000.0,45.7202,10.3245,8.4935,17944000.0,2022
6698.HK,873425000.0,32.1806,9.6811,2.0577,86918000.0,2022
6929.HK,136824000.0,67.5744,13.5144,7.3133,18491000.0,2022
0314.HK,4119478000.0,8.1892,-33.2995,,-1370572000.0,2022
7855.HK,,,,,,2022
2145.HK,2675331000.0,63.5298,5.1239,11.081,147104000.0,2022
2076.HK,4511062000.0,83.2664,2.3774,0.9612,107245000.0,2022
2457.HK,440329000.0,19.7062,12.2599,18.5549,53984000.0,2022
1244.HK,567392000.0,92.5598,-185.415,,-1024350000.0,2022
9985.HK,4632221000.0,42.3038,3.2662,3.2911,151297000.0,2022
1947.HK,127408000.0,61.4153,22.424,24.9998,28456000.0,2022
2407.HK,1253785000.0,49.876,-28.1318,-85.9939,-349619000.0,2022
3611.HK,5097508000.0,25.4634,4.5463,8.8024,231788000.0,2022
2440.HK,323964000.0,29.494,8.7985,13.9344,28504000.0,2022
6963.HK,127714000000.0,,3.9267,8.2207,4881000000.0,2022
2245.HK,18289596000.0,24.5704,16.5565,29.8798,1735238000.0,2022
3660.HK,16553930000.0,85.6623,24.1971,23.6361,4024173000.0,2022
2436.HK,1664049000.0,11.9753,6.0063,112.8795,99948000.0,2022
1407.HK,475531000.0,21.1692,10.9301,27.5687,50801000.0,2022
2420.HK,3066331000.0,76.5656,3.61,19.0803,110694000.0,2022
6696.HK,498329000.0,36.0465,13.5854,19.48,67724000.0,2022
2291.HK,247670000.0,88.7011,-7.9998,-1.8606,-19813000.0,2022
2367.HK,2364445000.0,84.3851,42.3603,36.1531,695998000.0,2022
6610.HK,1066157000.0,35.0788,22.1912,28.4148,236746000.0,2022
2422.HK,256591000.0,52.012,26.6974,33.9658,68503000.0,2022
9877.HK,,,,-32.9809,-439311000.0,2022
1489.HK,456432000.0,12.6389,6.8562,24.6781,31294000.0,2022
6660.HK,1264073000.0,81.2974,-18.245,-6.4875,-319601000.0,2022
3931.HK,20374942000.0,10.3241,3.4039,2.3629,691626000.0,2022
2602.HK,30105803000.0,14.0529,5.2684,11.4634,1510490000.0,2022
9863.HK,12384630000.0,-15.433,-41.2518,-65.9676,-5108886000.0,2022
2350.HK,631512000.0,18.3789,7.4833,87.7073,47258000.0,2022
1698.HK,28339000000.0,30.9573,13.5467,7.4724,3677000000.0,2022
7801.HK,,,,,,2022
9886.HK,4329075000.0,33.4868,-65.6555,,-2833395000.0,2022
6689.HK,15080546000.0,17.0808,9.6452,26.9449,1452214000.0,2022
2315.HK,533881000.0,73.3778,-112.7886,-50.2989,-601945000.0,2022
1880.HK,54432851000.0,27.3003,11.5221,13.1835,5113962000.0,2022
2152.HK,521965000.0,23.2481,12.5913,9.917,64763000.0,2022
2321.HK,835906000.0,13.3533,3.2045,16.5805,26787000.0,2022
7841.HK,,,,,,2022
9857.HK,951469000.0,39.3061,-76.9372,-137.0863,-732034000.0,2022
2237.HK,273595000.0,49.6709,28.8682,24.2086,78982000.0,2022
2418.HK,2728298000.0,18.1081,8.0649,7.8305,226412000.0,2022
2172.HK,547350000.0,71.8005,-4.5086,-3.354,-21765000.0,2022
1204.HK,580833000.0,17.2773,0.5592,1.301,3252000.0,2022
9896.HK,10085649000.0,30.4369,6.3431,9.2997,636594000.0,2022
6686.HK,3100372000.0,,31.3378,11.1951,976571000.0,2022
9696.HK,40168923000.0,85.0267,76.9574,74.232,23944590000.0,2022
6661.HK,2579459000.0,4.4372,5.0106,10.0332,104091000.0,2022
2361.HK,356668000.0,44.6096,15.1998,10.0294,55758000.0,2022
2385.HK,605210000.0,22.1769,0.8024,1.0889,5209000.0,2022
2376.HK,627734000.0,23.0512,12.473,19.2099,76742000.0,2022
2297.HK,83604000.0,83.5175,-1609.9266,,-1345963000.0,2022
2392.HK,1043378000.0,21.6266,-3.3514,-10.1104,-35676000.0,2022
9955.HK,2988056000.0,26.5089,-56.6328,,-1688937000.0,2022
2391.HK,208172000.0,42.9563,-70.2184,-14.0835,-146175000.0,2022
6638.HK,4464002000.0,36.6267,-20.7891,-24.6173,-872274000.0,2022
2372.HK,288962000.0,20.9162,8.635,15.4136,24952000.0,2022
2167.HK,383244000.0,48.2572,-1.9241,-2.1278,-7374000.0,2022
2246.HK,773248000.0,33.8325,-156.3717,,-1205408000.0,2022
6667.HK,145727000.0,56.0795,-12.0897,-2.6847,-17618000.0,2022
2347.HK,790054000.0,15.5367,-0.0285,-0.2853,-225000.0,2022
7827.HK,,,,,,2022
2325.HK,3756201000.0,34.8152,9.9555,18.9414,377309000.0,2022
2423.HK,60668779000.0,22.7147,-2.3031,-2.0399,-1386074000.0,2022
2352.HK,1342459000.0,20.5314,7.0141,25.412,90722000.0,2022
2390.HK,3604919000.0,50.1551,-43.7847,-25.5348,-1581157000.0,2022
2370.HK,437113000.0,32.6858,2.277,1.4812,3189000.0,2022
9638.HK,1072449000.0,52.0287,5.6456,9.4452,60274000.0,2022
2179.HK,,,,-43.3382,-722703000.0,2022
0587.HK,1729598000.0,52.6215,20.8409,12.7646,328656000.0,2022
6655.HK,29884590372.0,24.7709,10.1174,9.9633,2698868510.0,2022
6639.HK,1623553000.0,20.7297,-42.8936,,-701032000.0,2022
7836.HK,,,,,-134211000.0,2022
0816.HK,2436035000.0,30.1256,14.0154,43.6772,336002000.0,2022
9866.HK,49268561000.0,10.4407,-29.3029,-49.7095,-14559445000.0,2022
2157.HK,15572000.0,87.1243,-4491.6581,-79.3164,-689052000.0,2022
9878.HK,80354775000.0,3.1073,0.6347,12.4595,303972000.0,2022
1406.HK,225237000.0,82.9104,5.9897,8.0317,13491000.0,2022
2121.HK,1557643000.0,32.5542,-23.1863,-17.9082,-363042000.0,2022
2250.HK,192608000.0,77.1536,39.2273,30.1266,75555000.0,2022
6680.HK,7165187000.0,16.1758,9.8334,14.4137,702687000.0,2022
2260.HK,217756000.0,53.6458,24.3392,17.9915,52437000.0,2022
1187.HK,2853695000.0,41.0889,8.8612,5.1269,254280000.0,2023
1609.HK,238542000.0,74.3299,23.9421,17.3835,57112000.0,2023
6810.HK,3070569000.0,26.7429,3.2967,5.8893,101227000.0,2023
2493.HK,127685000.0,98.0029,-829.2368,-40.7722,-1053432000.0,2023
1879.HK,38235000.0,60.6852,-1081.4777,,-413503000.0,2023
3296.HK,85338484000.0,10.941,3.1135,16.2918,2708451000.0,2023
2476.HK,7931248000.0,20.7193,8.4646,9.2201,671346000.0,2023
0068.HK,663540000.0,76.756,-97.3712,,-646097000.0,2023
3277.HK,604835000.0,63.4808,28.0815,20.7707,174199000.0,2023
6656.HK,58302000.0,31.3008,-640.5475,-141.5637,-373452000.0,2023
0664.HK,506383000.0,32.4278,8.7149,14.3239,44131000.0,2023
3625.HK,150291000.0,-0.0825,-62.6318,-36.9287,-94130000.0,2023
1021.HK,175380000.0,28.6407,1.0805,0.7817,3451000.0,2023
2726.HK,1142502000.0,38.9845,9.4096,10.5002,107505000.0,2023
2526.HK,52844000.0,70.9541,-106.1918,,-56116000.0,2023
6636.HK,127681000.0,25.9052,-44.052,-23.9736,-56232000.0,2023
2729.HK,550790000.0,16.6428,-43.8668,,-241715000.0,2023
2632.HK,549362000.0,25.5624,-31.7856,,-181918000.0,2023
3355.HK,2212851000.0,49.3694,20.6407,25.8751,456747000.0,2023
2701.HK,1036753000.0,1.7373,-57.2933,-40.5302,-571524000.0,2023
1989.HK,2678270000.0,33.2992,15.4834,25.6027,414686000.0,2023
7489.HK,12749380000.0,14.2229,-11.7302,-37.0591,-1495531000.0,2023
3268.HK,2147336000.0,18.4479,2.9157,5.6088,64509000.0,2023
2715.HK,4651949000.0,31.2793,2.8725,4.9583,135672000.0,2023
2649.HK,794019000.0,21.3939,8.079,15.1682,50823000.0,2023
2692.HK,1205945000.0,28.9475,14.9197,5.9629,179923000.0,2023
2706.HK,375573000.0,35.2155,-70.7319,,-265650000.0,2023
9981.HK,5718841000.0,31.2763,13.2497,15.1453,700483000.0,2023
0470.HK,16483341000.0,32.7212,10.7428,15.4488,1774566000.0,2023
0600.HK,230127000.0,25.744,-322.8961,,-1303629000.0,2023
2720.HK,463251000.0,26.5998,10.5776,32.5969,45973000.0,2023
6809.HK,2285738000.0,58.9097,19.7375,4.4859,450910000.0,2023
2714.HK,110671164324.3,2.9424,-3.766,-6.3342,-4263280820.31,2023
3200.HK,1634311000.0,29.1796,8.3012,2.6053,135546000.0,2023
2677.HK,690435000.0,19.3359,-51.1627,,-350669000.0,2023
2768.HK,17438779000.0,9.1793,3.0943,11.0378,471478000.0,2023
9980.HK,11257135000.0,42.2912,18.1198,35.8221,2039772000.0,2023
1768.HK,10295318000.0,7.5018,2.1129,8.3955,217428000.0,2023
9611.HK,27185064000.0,9.5279,2.2171,17.341,605316000.0,2023
3986.HK,5760823000.0,30.3135,2.7972,1.0606,161141000.0,2023
1641.HK,201760000.0,57.7488,37.3275,8.7687,75312000.0,2023
8610.HK,76757000.0,14.3179,-18.8387,-22.7319,-14460000.0,2023
0501.HK,20984259000.0,19.9364,2.5922,2.8161,555751000.0,2023
6938.HK,44000.0,45.4545,-993854.5455,-407.5555,-428349000.0,2023
3636.HK,675701000.0,19.2604,4.3134,7.7749,29146000.0,2023
0100.HK,3460000.0,-24.6821,-7781.6763,,-269246000.0,2023
2675.HK,48042000.0,59.2523,-443.0894,-14.7996,-212869000.0,2023
2513.HK,124538000.0,64.6245,-632.7041,,-787960000.0,2023
9903.HK,289041000.0,49.5262,-282.8056,-99.9304,-791307000.0,2023
6082.HK,62030000.0,76.4195,-2811.4703,,-1743955000.0,2023
3317.HK,530458000.0,79.0219,-11.9502,-3.4869,-55267000.0,2023
2657.HK,805004000.0,81.2248,10.4991,19.8452,84518000.0,2023
6600.HK,457264000.0,50.4168,-3.5813,-8.0884,-16376000.0,2023
6651.HK,256302000.0,54.2415,-33.9744,,-60175000.0,2023
3696.HK,51180000.0,75.3595,-413.5209,,-211640000.0,2023
2671.HK,1453178000.0,14.7711,4.2756,19.5993,64181000.0,2023
3378.HK,,,,-40.9036,-76056000.0,2023
2635.HK,363699000.0,58.1107,24.3515,25.0198,88566000.0,2023
2661.HK,489961000.0,79.8992,15.0249,,73645000.0,2023
2396.HK,472000.0,45.9746,-22285.5932,,-105188000.0,2023
2691.HK,1197980000.0,,33.6251,11.449,401855000.0,2023
2695.HK,143887000.0,57.7689,33.0148,22.6448,47504000.0,2023
2581.HK,2687613000.0,18.8887,6.2304,11.8269,167450000.0,2023
3881.HK,132604000.0,20.2279,-192.3615,,-255079000.0,2023
2546.HK,546128000.0,39.8672,28.3313,17.0908,154725000.0,2023
3887.HK,207792000.0,94.0176,-279.1022,,-580412000.0,2023
2655.HK,314307000.0,26.7248,8.9556,45.5879,28133000.0,2023
7618.HK,17335883000.0,16.1438,0.0277,,4799000.0,2023
2659.HK,6930000.0,97.8499,-2314.5022,-21.411,-160395000.0,2023
2665.HK,121108000.0,-34.9762,-180.8056,,-218970000.0,2023
2676.HK,1310927000.0,33.8739,-23.2915,-4.8069,-305335000.0,2023
2687.HK,652964000.0,60.6991,12.4694,23.4856,81421000.0,2023
2408.HK,800514000.0,63.7395,5.7356,115.1232,45914000.0,2023
2658.HK,1171214000.0,18.4952,8.1865,6.2426,101436000.0,2023
2693.HK,204687000.0,34.8224,21.3091,11.4584,43617000.0,2023
2539.HK,586836000.0,41.7911,14.8832,76.2292,87340000.0,2023
9609.HK,329545000.0,31.2218,21.1886,17.094,70902000.0,2023
2685.HK,529669000.0,69.4122,0.6878,,1727000.0,2023
2788.HK,13814657000.0,16.9117,7.8224,43.2544,1003572000.0,2023
2579.HK,34273223000.0,13.3529,6.1287,10.7155,1947559000.0,2023
2698.HK,411369000.0,34.9438,15.7231,119.6139,64680000.0,2023
0699.HK,55728476000.0,14.4575,2.2252,8.3321,1076167000.0,2023
0800.HK,401844000.0,45.6585,-485.0392,,-1981868000.0,2023
2630.HK,199651000.0,96.9877,3.2191,6.072,12089000.0,2023
2026.HK,71899000.0,23.4829,-174.3112,-17.9581,-124812000.0,2023
9927.HK,35788885000.0,7.1841,-11.6145,-21.4645,-2449687000.0,2023
2718.HK,1461973000.0,50.1132,21.7796,,314559000.0,2023
6031.HK,74018936000.0,26.4476,6.2229,6.8047,4527451000.0,2023
6166.HK,3085362000.0,21.5241,3.0779,4.6766,95018000.0,2023
6980.HK,2122305000.0,52.2961,9.6936,24.3563,205832000.0,2023
1384.HK,129040000.0,40.1217,-389.7202,,-502895000.0,2023
0638.HK,5651814000.0,20.9999,9.9966,20.2669,563554000.0,2023
6687.HK,697191000.0,62.3367,-70.2853,,-486555000.0,2023
2637.HK,316633000.0,83.2633,37.0947,33.8959,117454000.0,2023
2670.HK,145153000.0,26.9764,-182.2374,,-264523000.0,2023
2575.HK,29000.0,68.9655,-1036420.6897,-24.5478,-300562000.0,2023
2650.HK,670733000.0,20.505,-8.6646,-20.8553,-58538000.0,2023
8549.HK,,,,,,2023
2652.HK,556421000.0,82.2234,5.7018,3.5809,31726000.0,2023
2259.HK,2262365000.0,26.1972,14.24,12.0667,230383000.0,2023
2889.HK,1495817000.0,15.4489,-18.9703,-40.1381,-283891000.0,2023
2583.HK,445477000.0,24.3121,11.6951,9.3744,52099000.0,2023
9973.HK,163205000000.0,15.986,6.3993,96.8992,11953000000.0,2023
6090.HK,852103000.0,50.1511,3.1949,,27224000.0,2023
2595.HK,73734000.0,99.0723,-689.4024,,-508324000.0,2023
2656.HK,628606000.0,21.8463,-16.8944,,-108816000.0,2023
2525.HK,1876989000.0,35.2361,-25.3581,-14.1994,-475968000.0,2023
2543.HK,300156000.0,33.8138,11.6106,48.2487,34850000.0,2023
2580.HK,24831833000.0,21.8356,10.0145,83.3099,2486794000.0,2023
3858.HK,,,,-86.7515,-78920000.0,2023
6960.HK,4259777000.0,20.3477,9.0428,20.2032,385203000.0,2023
2631.HK,1250696000.0,14.5548,-3.6556,-0.8728,-45720000.0,2023
2591.HK,,,,-117.693,-733376000.0,2023
2627.HK,52168000.0,-38.9952,-814.1792,-116.9216,-424741000.0,2023
6887.HK,6385616000.0,79.5076,15.8775,,184924000.0,2023
9887.HK,8865000.0,64.0722,-4086.2831,,-362249000.0,2023
2651.HK,441841000.0,38.0739,15.1724,40.4645,50069000.0,2023
2590.HK,2142927000.0,30.7651,-52.5768,,-1126683000.0,2023
2597.HK,915630000.0,21.3671,8.3641,10.3486,77621000.0,2023
6613.HK,54490734000.0,15.5841,5.5823,6.6762,3021342000.0,2023
1304.HK,411359000.0,53.1606,42.5047,7.5265,174847000.0,2023
1828.HK,3179000000.0,,-22.5543,-10.3678,-826000000.0,2023
2648.HK,13964878000.0,22.6078,10.7495,12.1615,1478067000.0,2023
2592.HK,,,,,-129418000.0,2023
9678.HK,727316000.0,40.4924,-51.7305,,-375461000.0,2023
6603.HK,,,,,,2023
3880.HK,336774000.0,53.4991,14.5216,21.4331,48905000.0,2023
2508.HK,559909000.0,36.5436,-42.6666,,-238965000.0,2023
6883.HK,1699144000.0,50.3778,10.1878,33.0367,173106000.0,2023
6168.HK,5149601000.0,26.233,12.8106,31.6501,659694000.0,2023
2643.HK,10667894000.0,5.7687,-18.5703,,-1916483000.0,2023
2619.HK,1188321000.0,24.0693,10.2213,16.7753,121462000.0,2023
2050.HK,24557802000.0,27.4271,11.9462,18.9455,2920993000.0,2023
2609.HK,1072173000.0,16.6171,-2.2763,-2.5472,-26389000.0,2023
2617.HK,1181000.0,100.0,-29076.5453,-36.6331,-343394000.0,2023
3288.HK,24559312000.0,33.9454,22.9737,20.4872,5626625000.0,2023
9881.HK,348749000.0,24.5059,7.9149,15.4289,27603000.0,2023
2605.HK,174536000.0,76.3418,-11.6469,,-20328000.0,2023
2573.HK,446938000.0,17.877,9.9929,10.7023,44662000.0,2023
2621.HK,1634395000.0,33.7617,-21.7945,,-356164000.0,2023
2565.HK,,,,-113.9129,-278999000.0,2023
2603.HK,6694681000.0,46.3697,4.961,15.7737,345099000.0,2023
1276.HK,22819785000.0,84.5518,18.7461,10.9911,4302436000.0,2023
2629.HK,24185013.0,56.1587,-287.6545,,-69225034.0,2023
3750.HK,400917045000.0,19.1897,11.8084,24.6845,44702249000.0,2023
6831.HK,3589178000.0,66.4208,8.2343,66.9746,295543000.0,2023
2865.HK,18610794000.0,9.1136,4.3826,28.3206,815642000.0,2023
2589.HK,3348201000.0,30.385,11.5854,64.46,387902000.0,2023
1333.HK,463738031.0,2.0009,-49.4705,-31.0809,-229413531.0,2023
9606.HK,1786540000.0,76.0624,-20.0114,,-357512000.0,2023
3677.HK,4161670000.0,5.0097,-14.1738,-16.3403,-589867000.0,2023
2625.HK,1401972000.0,21.4966,3.6807,11.0085,50088000.0,2023
2569.HK,654560000.0,30.1373,8.8134,109.559,58900000.0,2023
2610.HK,677785000.0,29.1638,25.6018,14.9622,122665000.0,2023
2561.HK,,,,-47.8342,-249570000.0,2023
6693.HK,7220952000.0,32.584,12.0702,14.1888,804471000.0,2023
6676.HK,1168451000.0,32.5365,-40.139,,-468272000.0,2023
2097.HK,20302465000.0,29.548,15.6957,34.9345,3137341000.0,2023
1364.HK,7675665000.0,31.311,14.2835,,1079628000.0,2023
2571.HK,175703000.0,70.8946,30.4098,11.7915,55479000.0,2023
0805.HK,720303000.0,25.1354,10.9354,194.4963,79973000.0,2023
2596.HK,2159122000.0,,22.1116,5.4025,468472000.0,2023
0325.HK,876686000.0,47.3285,-23.6665,,-206100000.0,2023
2530.HK,426545000.0,75.2247,37.3569,48.4832,159344000.0,2023
2560.HK,2395471000.0,19.1663,6.0086,16.0661,116953000.0,2023
2613.HK,510255000.0,47.3757,23.6223,62.4237,120556000.0,2023
6681.HK,67200000.0,47.7143,-534.3988,,-359083000.0,2023
2506.HK,556125000.0,56.5797,-27.7319,-34.4855,-144842000.0,2023
2577.HK,592717000.0,-61.0862,-185.9144,-44.7578,-1101946000.0,2023
2587.HK,1244458000.0,32.0008,-25.2224,,-310079000.0,2023
2431.HK,476206000.0,14.2842,-43.5011,-31.2312,-197238000.0,2023
2432.HK,286749000.0,43.5377,-36.0179,-24.937,-103281000.0,2023
0999.HK,4549415000.0,68.4931,11.6951,112.2509,532059000.0,2023
2593.HK,251224000.0,73.8162,15.7238,49.156,39502000.0,2023
1318.HK,2885964000.0,84.8328,22.9895,49.4085,661928000.0,2023
2570.HK,895278000.0,20.0626,-64.5086,-25.8535,-529472000.0,2023
2586.HK,1749691000.0,40.7205,-37.4603,,-592361000.0,2023
2585.HK,20208599000.0,5.3317,1.1553,12.8045,230375000.0,2023
2566.HK,1287408000.0,76.9507,9.3036,14.3954,119775000.0,2023
6936.HK,258409403000.0,12.6287,3.0617,9.1978,8234493000.0,2023
2582.HK,522442000.0,17.8709,-14.3639,-12.4532,-73303000.0,2023
2519.HK,8682977000.0,34.4777,5.9899,26.4372,532010000.0,2023
2551.HK,1858032000.0,18.2457,3.8774,6.9256,66378000.0,2023
2510.HK,874602000.0,-3.8634,2.3304,1.0561,20709000.0,2023
2563.HK,66635000.0,70.2709,-284.6012,-23.8383,-189644000.0,2023
2465.HK,8729479000.0,-0.6585,-17.3458,-30.1722,-1233291000.0,2023
2562.HK,,,,,-46264094.0,2023
9660.HK,1551607000.0,70.5275,-434.3273,,-6739021000.0,2023
2460.HK,13514728000.0,44.6566,9.8513,21.309,1329341000.0,2023
2567.HK,1333991000.0,21.008,-24.2961,,-324108000.0,2023
9639.HK,361207000.0,20.9113,11.2304,41.1636,40526000.0,2023
2576.HK,573137000.0,31.232,-62.1804,-30.3093,-346778000.0,2023
2549.HK,1583082000.0,35.6988,14.9376,131.6358,237132000.0,2023
0300.HK,373709804000.0,26.3278,9.0303,22.054,33721536000.0,2023
8629.HK,41500000.0,71.7614,31.9373,15.4192,13254000.0,2023
2410.HK,,,,,-382427000.0,2023
2533.HK,312391000.0,24.6944,-1554.1799,,-4855118000.0,2023
1471.HK,174011000.0,42.8209,22.4084,12.2553,40372000.0,2023
2531.HK,560569000.0,44.9147,9.1946,15.2137,51129000.0,2023
2507.HK,1067708000.0,34.1565,8.5363,21.1442,91143000.0,2023
1334.HK,544129000.0,35.2027,10.1467,20.6148,55211000.0,2023
2495.HK,813017000.0,40.0259,-3.5917,-472.5842,-19513000.0,2023
9680.HK,2161063000.0,-6.9616,-32.058,,-692490000.0,2023
6086.HK,2434308000.0,20.0224,-8.0839,,-196788000.0,2023
6657.HK,712996000.0,39.5558,-50.3916,,-357980000.0,2023
2545.HK,609301000.0,24.5066,11.2705,43.7619,68592000.0,2023
1354.HK,862247000.0,13.6893,5.9169,54.0027,49726000.0,2023
8637.HK,38769000.0,37.1818,11.4189,19.0794,4607000.0,2023
2559.HK,815085000.0,74.2709,36.8531,,300384000.0,2023
6181.HK,3179564000.0,41.8912,13.0931,34.9102,416302000.0,2023
2479.HK,441083000.0,28.2604,7.9488,5.5346,34751000.0,2023
2881.HK,2677103000.0,12.318,2.7232,11.6112,72902000.0,2023
2512.HK,695949000.0,12.593,2.0438,27.8976,13923000.0,2023
2228.HK,174420000.0,100.0,-1092.9498,,-1914384000.0,2023
2522.HK,928914000.0,35.8049,3.9373,3.4628,44415000.0,2023
2550.HK,559045000.0,46.4592,4.4739,7.8801,25011000.0,2023
8529.HK,188969000.0,38.0909,2.666,8.5996,5038000.0,2023
2443.HK,491968000.0,63.5167,1.8841,-5.8795,-15509000.0,2023
2505.HK,1209304000.0,16.299,5.7391,24.9455,69403000.0,2023
0917.HK,1006697000.0,53.1706,13.5793,,130942000.0,2023
2898.HK,,,,,-132701000.0,2023
2529.HK,651875000.0,23.2914,10.7656,31.7886,70178000.0,2023
2556.HK,1232120000.0,57.3144,-13.755,,-169478000.0,2023
2438.HK,507060000.0,64.3078,-158.2854,,-802602000.0,2023
2515.HK,319437000.0,25.1399,12.8492,21.4847,41045000.0,2023
2555.HK,5704307000.0,34.4263,20.1739,154.6065,1139211000.0,2023
2598.HK,1028256000.0,56.1487,-63.6237,-79.6343,-656064000.0,2023
2497.HK,157860000.0,43.4144,31.1859,15.6266,49230000.0,2023
2536.HK,395924000.0,93.6665,11.1521,12.6655,44154000.0,2023
9879.HK,4722749000.0,16.2518,8.9252,33.0942,405089000.0,2023
2509.HK,,,,-108.4377,-507748000.0,2023
2540.HK,628026000.0,16.5595,10.4943,16.6346,65231000.0,2023
2535.HK,370226000.0,19.2039,6.808,18.8928,25205000.0,2023
2477.HK,255959000.0,17.379,7.9689,24.5907,20397000.0,2023
2503.HK,1530919000.0,5.823,2.0781,9.0964,31814000.0,2023
6959.HK,641770000.0,44.048,15.9439,131.6857,101423000.0,2023
2453.HK,538650000.0,-12.0837,-79.1598,-22.7192,-373090000.0,2023
2498.HK,1120149000.0,8.3596,-386.642,,-4336629000.0,2023
9880.HK,1047105000.0,30.9639,-120.7701,-84.4749,-1234048000.0,2023
2149.HK,463881000.0,55.4261,23.5315,17.6908,109158000.0,2023
6911.HK,527345000.0,66.9615,14.8891,8.8848,80080000.0,2023
2516.HK,2045883000.0,7.6721,1.3173,4.7123,27349000.0,2023
2489.HK,383463000.0,47.789,24.7583,9.4126,65025000.0,2023
2511.HK,,,,-808.8889,-939306000.0,2023
2502.HK,2330228000.0,6.3856,3.5327,6.8494,54925000.0,2023
1274.HK,1216287000.0,9.9444,-16.0413,-21.7976,-195108000.0,2023
0666.HK,13748914000.0,2.1336,-14.1342,-13.3435,-1471802000.0,2023
1497.HK,1964237000.0,50.6515,10.772,32.267,197485000.0,2023
2419.HK,16155412000.0,0.7408,-12.3311,-39.7955,-1775126000.0,2023
2483.HK,228595000.0,,22.5578,6.44,51566000.0,2023
9663.HK,700616000.0,25.0851,-58.1805,-14.2473,-404447000.0,2023
2521.HK,630172000.0,14.8285,4.4256,11.7218,27889000.0,2023
2520.HK,11150176000.0,14.1549,1.8435,7.0118,154942000.0,2023
2268.HK,2123839000.0,26.3465,13.3503,8.1769,283538000.0,2023
2499.HK,1371805000.0,30.427,2.2758,3.1595,31220000.0,2023
1111.HK,234747000.0,63.8394,27.6821,36.4319,64983000.0,2023
2473.HK,1304341000.0,32.1244,8.4207,17.2848,110254000.0,2023
2429.HK,2672020000.0,40.7433,-11.9562,-33.9395,-327295000.0,2023
2517.HK,6094104000.0,22.168,4.3222,8.1834,239636000.0,2023
1519.HK,8849251000.0,5.3428,-13.0675,,-1100988000.0,2023
2451.HK,5082982000.0,13.4023,2.8646,13.1926,145607000.0,2023
9676.HK,4867026000.0,12.7124,-1.3327,-4.1088,-67325000.0,2023
2501.HK,259085000.0,32.9776,8.7411,9.2551,22881000.0,2023
1973.HK,78005000.0,,-1122.6037,-11.9598,-872962000.0,2023
6682.HK,4204142000.0,47.0857,-21.8967,-48.1515,-908717000.0,2023
9890.HK,6514585000.0,70.2012,4.195,11.7208,235487000.0,2023
9686.HK,537715000.0,30.6127,-28.8056,,-154652000.0,2023
9690.HK,13601085000.0,24.6992,49.2659,,6702935000.0,2023
2496.HK,,,,-135.2223,-191702000.0,2023
2490.HK,1238471000.0,18.2982,9.656,11.8062,118877000.0,2023
1541.HK,386000.0,100.0,-98305.4404,-49.6834,-379459000.0,2023
2271.HK,351133000.0,33.8373,14.0756,27.083,49346000.0,2023
1284.HK,220885000.0,73.8606,6.5758,10.6712,14525000.0,2023
6683.HK,430213000.0,64.2317,9.6257,7.5216,34515000.0,2023
3650.HK,2137834000.0,44.9822,51.7303,,1105908000.0,2023
6990.HK,1540493000.0,49.282,-37.2695,,-522209000.0,2023
2481.HK,1534035000.0,25.6947,14.7868,16.7119,148980000.0,2023
9860.HK,3297828000.0,43.4864,7.9544,21.1713,234885000.0,2023
2105.HK,,,,,-368814000.0,2023
9885.HK,16972276000.0,10.2575,-18.8926,,-3189212000.0,2023
2487.HK,137623000.0,51.596,-1426.9112,-3823.4047,-1963758000.0,2023
9930.HK,9610581000.0,39.1381,10.014,11.0305,962407000.0,2023
2416.HK,1270741000.0,43.4666,-70.8749,,-900637000.0,2023
2486.HK,725948000.0,13.0673,1.5844,2.6915,11502000.0,2023
2442.HK,336503000.0,23.6146,13.0293,24.6828,43844000.0,2023
2480.HK,,,,-25.4686,-249350000.0,2023
6979.HK,7030467000.0,58.0324,33.1,52.5269,2327083000.0,2023
2415.HK,349194000.0,62.0306,15.7626,11.2547,55042000.0,2023
6623.HK,34255366000.0,100.0,3.0199,0.9629,886865000.0,2023
9669.HK,750914000.0,55.3411,-346.1105,,-2598992000.0,2023
2439.HK,365811000.0,39.7621,23.1286,26.1931,83970000.0,2023
2405.HK,21504000.0,89.295,33.4124,40.1049,7185000.0,2023
2433.HK,1952122000.0,11.0727,2.3559,10.633,45277000.0,2023
2409.HK,259034000.0,15.4818,8.5,15.3182,21211000.0,2023
1405.HK,3050715000.0,72.5705,-0.872,-1.8654,-26603000.0,2023
2421.HK,700751000.0,73.7683,25.8075,22.9321,180846000.0,2023
9636.HK,1965387000.0,83.6102,9.7039,18.6593,190719000.0,2023
2482.HK,5616216000.0,5.5778,-0.5275,-4.8981,-29564000.0,2023
2450.HK,290622000.0,42.7745,19.931,8.8369,37490000.0,2023
2306.HK,755681000.0,23.1626,-18.8688,-23.4933,-140837000.0,2023
2455.HK,768408000.0,17.3365,5.4306,15.333,41459000.0,2023
2459.HK,72292000.0,1.1633,-21.4076,-10.9989,-15476000.0,2023
2411.HK,11390555000.0,11.5432,2.9849,11.7067,361717000.0,2023
2373.HK,2145068000.0,45.5511,10.7288,43.5388,215657000.0,2023
2458.HK,633633000.0,54.3936,11.7158,32.5513,74203000.0,2023
2147.HK,445214000.0,33.0762,15.1651,19.4187,67517000.0,2023
2402.HK,797068172.02,32.2247,-37.6476,-9.0294,-243203674.62,2023
2469.HK,3021318000.0,51.9582,6.2412,,188566000.0,2023
2425.HK,4614780000.0,15.352,-10.5919,-9.1796,-488791000.0,2023
6955.HK,618129000.0,66.1622,-19.3126,-8.7192,-119377000.0,2023
6922.HK,40950000.0,75.8291,-258.232,-48.6701,-97486000.0,2023
3896.HK,7047461000.0,12.0635,-30.9849,-27.7397,-2176340000.0,2023
9658.HK,686362000.0,65.803,3.6798,10.0621,25653000.0,2023
2427.HK,156072000.0,54.7215,17.8905,10.4117,27567000.0,2023
6698.HK,426567000.0,-13.9136,-383.1112,-43.7278,-1604634000.0,2023
6929.HK,153865000.0,69.2152,29.2939,13.0464,45073000.0,2023
0314.HK,4712107000.0,8.8007,-5.2356,-14.8024,-255768000.0,2023
7855.HK,,,,,-99849000.0,2023
2145.HK,4190727000.0,72.0508,11.0163,24.8298,461104000.0,2023
2076.HK,5952028000.0,82.1933,18.468,8.7693,1099227000.0,2023
2457.HK,367053000.0,19.9124,11.2556,11.0413,41314000.0,2023
1244.HK,634949000.0,92.2685,-88.5931,-55.8266,-524697000.0,2023
9985.HK,4871666000.0,47.6774,18.0709,15.6782,880354000.0,2023
1947.HK,73513000.0,44.4207,-18.5083,-7.9369,-13594000.0,2023
2407.HK,1406238000.0,49.1809,12.2962,11.0172,173523000.0,2023
3611.HK,2570085000.0,24.813,-31.015,-32.78,-796880000.0,2023
2440.HK,440550000.0,19.0278,5.7866,9.7216,25493000.0,2023
6963.HK,78440000000.0,,4.9286,6.3077,3738000000.0,2023
2245.HK,21059316000.0,16.0592,8.1745,11.9054,1051365000.0,2023
3660.HK,16290027000.0,83.6715,26.2036,21.0145,4285336000.0,2023
2436.HK,1793093000.0,8.2333,-7.3076,-17.0049,-131268000.0,2023
1407.HK,403488000.0,16.0875,6.2502,8.8404,24538000.0,2023
2420.HK,3000292000.0,65.1694,-8.8587,-41.8212,-265786000.0,2023
6696.HK,1192040000.0,9.8861,2.773,5.9055,33067000.0,2023
2291.HK,325896000.0,88.6206,46.497,8.2552,151532000.0,2023
2367.HK,3524143000.0,83.6271,41.0937,40.3511,1451753000.0,2023
6610.HK,1244723000.0,33.8001,21.2043,19.7546,263938000.0,2023
2422.HK,191062000.0,53.2115,6.5727,3.6394,12558000.0,2023
9877.HK,,,,-28.5275,-371736000.0,2023
1489.HK,541648000.0,12.0966,9.107,21.9623,49328000.0,2023
6660.HK,1187468000.0,75.8771,-164.2352,-30.2454,-1301005000.0,2023
3931.HK,27005885000.0,13.0028,1.6188,0.853,294377000.0,2023
2602.HK,33183458000.0,14.5005,6.1351,11.4761,1954696000.0,2023
9863.HK,16746689000.0,0.4805,-25.1768,-40.625,-4216274000.0,2023
2350.HK,752547000.0,16.8385,5.8119,30.5728,43737000.0,2023
1698.HK,27752000000.0,35.2948,18.8095,9.461,4920000000.0,2023
7801.HK,,,,,-58174577.0,2023
9886.HK,4856806000.0,31.1042,-4.7535,-10.694,-225809000.0,2023
6689.HK,,,,,,2023
2315.HK,716912000.0,70.5852,-53.4169,-39.6399,-382951000.0,2023
1880.HK,67540105000.0,30.8747,10.8794,13.3195,6790027000.0,2023
2152.HK,725104000.0,20.2692,11.0497,9.6471,74430000.0,2023
2321.HK,931920000.0,11.8403,2.9097,12.3128,27116000.0,2023
7841.HK,,,,,-46264094.0,2023
9857.HK,1221752000.0,39.4186,17.4854,8.6053,213628000.0,2023
2237.HK,201994000.0,36.4664,10.5538,4.7409,21318000.0,2023
2418.HK,3119437000.0,16.5226,4.8486,4.4831,149257000.0,2023
2172.HK,665624000.0,76.8889,20.2188,9.3651,145548000.0,2023
1204.HK,717595000.0,16.1159,0.6274,1.3498,4502000.0,2023
9896.HK,13838797000.0,41.1772,16.432,27.8181,2253241000.0,2023
6686.HK,3294696000.0,,30.3826,10.2403,1009494000.0,2023
9696.HK,40448303000.0,84.9178,63.3998,14.0828,7278343000.0,2023
6661.HK,2435567000.0,10.9597,6.7458,9.5873,110837000.0,2023
2361.HK,396194000.0,56.4047,25.4774,14.5929,102032000.0,2023
2385.HK,359372000.0,25.7174,-20.1847,-11.978,-71447000.0,2023
2376.HK,615981877.22,18.1865,6.5359,7.7318,39431509.26,2023
2297.HK,73219000.0,66.312,-159.8847,-20.4342,-115830000.0,2023
2392.HK,1281276000.0,15.9723,-5.6014,-19.1365,-72364000.0,2023
9955.HK,3690536000.0,24.6409,-8.8698,-17.5833,-323065000.0,2023
2391.HK,229990000.0,46.3738,-26.2251,-6.2414,-60315000.0,2023
6638.HK,3667508000.0,36.7935,-10.1288,-11.5893,-362715000.0,2023
2372.HK,190944000.0,9.2158,-1.3407,-1.1558,-2560000.0,2023
2167.HK,446846000.0,48.0649,-1.9315,-1.8326,-8631000.0,2023
2246.HK,752818000.0,34.2573,-146.1968,-111.8488,-1099615000.0,2023
6667.HK,151300000.0,58.3582,19.8533,4.7573,30038000.0,2023
2347.HK,855076000.0,15.3437,0.7371,3.6687,6303000.0,2023
7827.HK,,,,,-73321000.0,2023
2325.HK,891500000.0,36.5436,-11.4289,-4.4035,-102259000.0,2023
2423.HK,77776932000.0,27.9235,7.5724,8.3438,5883224000.0,2023
2352.HK,1483834000.0,14.2723,1.4774,4.0579,18967000.0,2023
2390.HK,4198889000.0,54.6775,-19.9941,-16.4557,-843641000.0,2023
2370.HK,449273000.0,27.9723,0.0594,-3.3732,-9983000.0,2023
9638.HK,1196352000.0,48.55,6.9798,10.2728,83048000.0,2023
2179.HK,,,,-41.8508,-571957000.0,2023
0587.HK,1881556000.0,47.491,16.1575,9.2322,264130000.0,2023
6655.HK,33012158301.0,25.0536,9.7482,9.7983,2762116715.0,2023
6639.HK,1473741000.0,16.7658,-15.1552,-13.8508,-219909000.0,2023
7836.HK,,,,,-44541000.0,2023
0816.HK,2704412000.0,27.6046,12.681,23.3843,337315000.0,2023
9866.HK,55617933000.0,5.4871,-37.2537,-85.5903,-21146967000.0,2023
2157.HK,225352000.0,87.4521,-13.4461,-2.4583,-22096000.0,2023
9878.HK,82432520000.0,3.3236,0.8459,5.648,448275000.0,2023
1406.HK,213847000.0,82.4604,-1.4922,-1.2399,-3191000.0,2023
2121.HK,1751045000.0,33.6076,-32.5675,-27.0681,-582337000.0,2023
2250.HK,129542000.0,69.4941,-36.0431,-15.4351,-46206000.0,2023
6680.HK,6687864000.0,16.0727,8.4762,8.1657,563693000.0,2023
2260.HK,237370000.0,53.2877,22.6157,13.6915,53124000.0,2023
1187.HK,2982931000.0,50.5779,10.471,6.4306,311751000.0,2024
1609.HK,327119000.0,69.5756,29.1603,22.5504,95389000.0,2024
6810.HK,3456377000.0,28.8548,5.2379,10.0155,181043000.0,2024
2493.HK,199622000.0,84.7772,-524.2729,-50.2781,-1043919000.0,2024
1879.HK,60191000.0,53.518,-1221.578,,-735280000.0,2024
3296.HK,109877987000.0,8.995,2.6542,13.4944,2928940000.0,2024
2476.HK,10731469000.0,22.7244,10.7574,13.9477,1154431000.0,2024
0068.HK,754830000.0,80.9138,-68.0249,,-513472000.0,2024
3277.HK,673048000.0,58.9649,29.2672,18.4616,198675000.0,2024
6656.HK,1329838000.0,46.8952,6.3049,19.8253,83845000.0,2024
0664.HK,571188000.0,35.3798,13.8277,21.3667,78982000.0,2024
3625.HK,355195000.0,13.1072,-16.0036,-30.4527,-56844000.0,2024
1021.HK,310441000.0,34.2845,5.756,3.668,17869000.0,2024
2726.HK,974316000.0,34.1069,16.9418,7.7176,165067000.0,2024
2526.HK,70352000.0,65.4722,-61.6543,-97.9518,-43375000.0,2024
6636.HK,257296000.0,40.2179,3.3844,3.815,8683000.0,2024
2729.HK,721417000.0,15.7415,-24.6817,,-168958000.0,2024
2632.HK,577620000.0,27.3313,-23.8653,,-143274000.0,2024
3355.HK,2611793000.0,50.0158,15.2101,18.0624,397257000.0,2024
2701.HK,1167550000.0,15.6218,-21.9026,-21.7862,-235342000.0,2024
1989.HK,3734285000.0,33.3788,18.1052,27.5725,676100000.0,2024
7489.HK,19360642000.0,20.9988,-0.4672,-2.7454,-90459000.0,2024
3268.HK,2941374000.0,16.4774,4.5684,8.8959,135572000.0,2024
2715.HK,4008772000.0,28.2887,-20.3974,-36.1445,-810929000.0,2024
2649.HK,837620000.0,21.9838,6.0578,10.7526,40114000.0,2024
2692.HK,1524599000.0,31.193,14.7855,7.1316,225140000.0,2024
2706.HK,503129000.0,36.2517,-18.63,,-93733000.0,2024
9981.HK,6920102000.0,30.4961,13.3019,16.233,847551000.0,2024
0470.HK,11773350000.0,30.0471,2.2766,2.4405,286100000.0,2024
0600.HK,472892000.0,21.0202,-191.2058,,-228611000.0,2024
2720.HK,573463000.0,26.6242,10.359,127.5421,55741000.0,2024
6809.HK,3638911000.0,58.1299,36.8444,13.0751,1411778000.0,2024
2714.HK,137723699963.09,18.9199,13.7413,26.5183,17881260485.27,2024
3200.HK,3343091000.0,27.1506,8.9612,6.1438,301180000.0,2024
2677.HK,958578000.0,23.5769,8.3694,,83805000.0,2024
2768.HK,19187511000.0,8.298,3.7555,14.5235,685232000.0,2024
9980.HK,15830336000.0,44.1135,21.013,47.4852,3326710000.0,2024
1768.HK,39343511000.0,7.6227,2.1075,16.1643,833701000.0,2024
9611.HK,46382472000.0,5.8349,1.0637,10.6329,501132000.0,2024
3986.HK,7355978000.0,35.661,14.9658,6.9542,1102179000.0,2024
1641.HK,233576000.0,52.8218,35.4831,9.7166,82880000.0,2024
8610.HK,133002000.0,19.296,19.6907,44.6108,26189000.0,2024
0501.HK,25706819000.0,28.1606,12.754,14.5342,3317582000.0,2024
6938.HK,142627000.0,91.6545,-197.3624,,-270151000.0,2024
3636.HK,1769833000.0,20.7741,11.4383,43.8057,202438000.0,2024
0100.HK,30523000.0,12.2465,-1524.2211,,-465238000.0,2024
2675.HK,159994000.0,61.3004,-136.5732,-16.196,-218509000.0,2024
2513.HK,312414000.0,56.3,-946.8228,,-2956491000.0,2024
9903.HK,539511000.0,49.1341,-165.4152,-110.7645,-892433000.0,2024
6082.HK,336803000.0,53.2053,-456.6765,,-1538100000.0,2024
3317.HK,631978000.0,76.6842,-15.4823,-5.2102,-84011000.0,2024
2657.HK,1209641000.0,82.4754,15.4453,34.5287,186833000.0,2024
6600.HK,609924000.0,51.7437,-0.504,-1.5608,-3074000.0,2024
6651.HK,287362000.0,51.1146,-27.4817,-46.189,-79127000.0,2024
3696.HK,85834000.0,90.3803,-19.9175,,-17096000.0,2024
2671.HK,1523033000.0,12.5052,4.6475,18.8315,74639000.0,2024
3378.HK,,,,-53.3328,-115830000.0,2024
2635.HK,402640000.0,58.9194,28.6529,22.2292,115368000.0,2024
2661.HK,945006000.0,38.267,1.1003,,10398000.0,2024
2396.HK,261000.0,92.3372,-81321.8391,-2274.7977,-212250000.0,2024
2691.HK,1284507000.0,,35.6586,11.7149,457972000.0,2024
2695.HK,137200000.0,54.5867,31.2019,17.9514,42859000.0,2024
2581.HK,2658973000.0,18.1289,4.0964,6.9865,108922000.0,2024
3881.HK,410035000.0,24.7394,-141.6572,,-580709000.0,2024
2546.HK,301434000.0,34.665,18.5294,5.6085,55854000.0,2024
3887.HK,720731000.0,73.8851,-165.0556,,-1188993000.0,2024
2655.HK,1025613000.0,15.1136,4.7892,34.311,49119000.0,2024
7618.HK,20397741000.0,16.2439,3.7338,1054.1214,761608000.0,2024
2659.HK,6160000.0,81.4935,-5916.1201,-41.7688,-364433000.0,2024
2665.HK,159575000.0,-8.7144,-249.5347,,-398195000.0,2024
2676.HK,1960274000.0,28.0239,-20.5521,-6.6324,-402878000.0,2024
2687.HK,848198000.0,61.9146,12.3876,23.627,105071000.0,2024
2408.HK,1154434000.0,65.7234,5.258,70.7583,60700000.0,2024
2658.HK,519622000.0,-72.0447,-96.2723,-33.9722,-492455000.0,2024
2693.HK,267142000.0,36.7482,19.6907,12.1205,52602000.0,2024
2539.HK,797991000.0,36.0654,10.7529,43.7894,85807000.0,2024
9609.HK,421695000.0,29.6594,20.493,14.1066,89884000.0,2024
2685.HK,993029000.0,96.8643,14.8161,,69766000.0,2024
2788.HK,15163182000.0,28.2029,17.3415,97.7975,2056227000.0,2024
2579.HK,40222890000.0,12.0382,4.4446,7.342,1467224000.0,2024
2698.HK,454389000.0,35.2454,20.9316,84.4365,95111000.0,2024
0699.HK,55863577000.0,16.2248,2.3741,7.033,954278000.0,2024
0800.HK,361134000.0,30.6576,-696.918,-125.3983,-2516808000.0,2024
2630.HK,11832000.0,29.4709,-1839.4439,-121.2895,-211404000.0,2024
2026.HK,75025000.0,15.1989,-366.5525,-33.5285,-274121000.0,2024
9927.HK,145113623000.0,23.8093,3.2665,50.2402,5945945000.0,2024
2718.HK,1381382000.0,51.5928,0.5754,,4735000.0,2024
6031.HK,78383379000.0,26.6676,7.7727,8.5374,5975451000.0,2024
6166.HK,3649889000.0,20.8841,4.5766,7.4935,166681000.0,2024
6980.HK,2143259000.0,54.9888,10.4608,21.8018,224344000.0,2024
1384.HK,242926000.0,51.9405,-516.6141,,-1254990000.0,2024
0638.HK,6971189000.0,18.1736,9.7091,19.8285,667964000.0,2024
6687.HK,909750000.0,68.464,1.1633,,12152000.0,2024
2637.HK,466683000.0,82.9672,29.1588,28.7519,136079000.0,2024
2670.HK,244775000.0,43.4758,-75.5645,,-184963000.0,2024
2575.HK,30094000.0,54.8016,-1848.9732,-53.8404,-556430000.0,2024
2650.HK,593408000.0,14.9265,-39.7529,-160.6616,-238842000.0,2024
8549.HK,123010000.0,19.344,8.4326,21.6854,10373000.0,2024
2652.HK,607752000.0,80.8507,3.4698,2.2806,21088000.0,2024
2259.HK,2989935000.0,37.9381,20.7548,22.1923,481371000.0,2024
2889.HK,2557003000.0,11.7717,-21.1505,-50.5164,-541238000.0,2024
2583.HK,456556000.0,27.1943,10.8088,7.6524,49348000.0,2024
9973.HK,269897000000.0,13.4525,5.3109,67.4074,14135000000.0,2024
6090.HK,1248875000.0,50.3697,4.6855,,58516000.0,2024
2595.HK,104703000.0,80.8076,-647.203,,-677641000.0,2024
2656.HK,620682000.0,25.8082,-17.4398,,-107687000.0,2024
2525.HK,2077157000.0,42.5863,-4.9287,-2.627,-102376000.0,2024
2543.HK,450720000.0,33.0023,11.6034,48.5579,52299000.0,2024
2580.HK,29759319000.0,20.9693,9.779,72.0519,2910171000.0,2024
3858.HK,,,,-243.7485,-172970000.0,2024
6960.HK,4498522000.0,16.6918,7.8544,15.7997,353331000.0,2024
2631.HK,1768141000.0,24.6277,10.125,3.3972,179025000.0,2024
2591.HK,,,,-23.2672,-174690000.0,2024
2627.HK,259612000.0,58.339,-99.6549,-101.4857,-258716000.0,2024
6887.HK,4018905000.0,76.1061,0.6172,-61.7299,-207434000.0,2024
9887.HK,,,,,-301216000.0,2024
2651.HK,407083000.0,37.4223,15.3531,29.5834,36534000.0,2024
2590.HK,2409011000.0,34.7515,-34.5163,,-831501000.0,2024
2597.HK,917606000.0,22.122,5.5189,6.5733,53545000.0,2024
6613.HK,69896776000.0,14.5693,5.2604,7.6296,3623901000.0,2024
1304.HK,600325000.0,52.6418,37.0403,8.9951,222362000.0,2024
1828.HK,4022000000.0,,0.2486,-1.021,-78000000.0,2024
2648.HK,15029588000.0,22.6771,10.0709,11.6091,1484831000.0,2024
2592.HK,10000000.0,100.0,-991.3,,-99130000.0,2024
9678.HK,939017000.0,38.8151,-48.3709,,-452364000.0,2024
6603.HK,157648000.0,36.7014,21.1332,69.3029,33316000.0,2024
3880.HK,442226000.0,56.4811,13.3807,20.667,59173000.0,2024
2508.HK,798666000.0,33.8557,-68.0233,,-546577000.0,2024
6883.HK,1863761000.0,50.3386,11.0783,41.5462,206473000.0,2024
6168.HK,5718195000.0,25.862,12.352,29.179,706312000.0,2024
2643.HK,14657499000.0,8.0913,-8.5034,,-1250769000.0,2024
2619.HK,1501510000.0,21.8796,9.3523,16.413,140425000.0,2024
2050.HK,27947165000.0,27.2687,11.1343,16.6657,3099165000.0,2024
2609.HK,1188846000.0,17.5125,-0.2992,-1.2499,-13457000.0,2024
2617.HK,,,,-41.9825,-274610000.0,2024
3288.HK,26900978000.0,36.1514,23.6269,21.3513,6344126000.0,2024
9881.HK,350062000.0,28.385,11.8113,24.1253,41347000.0,2024
2605.HK,206137000.0,76.3798,-12.6799,,-26138000.0,2024
2573.HK,568867000.0,17.9128,7.6303,9.4975,43406000.0,2024
2621.HK,1387086000.0,38.1289,-9.7765,,-136116000.0,2024
2565.HK,,,,-233.9472,-283158000.0,2024
2603.HK,5529259000.0,43.7548,3.3359,8.1175,181931000.0,2024
1276.HK,27984605000.0,86.249,22.6446,14.7386,6336527000.0,2024
2629.HK,20282675.0,43.8158,-454.6478,,-92326996.0,2024
3750.HK,362012554000.0,24.4449,15.2743,23.4046,52032846000.0,2024
6831.HK,3838202000.0,68.9203,9.1232,59.0877,350167000.0,2024
2865.HK,9923894000.0,-0.8571,-5.9565,-13.7528,-591113000.0,2024
2589.HK,3284576000.0,31.2771,10.0144,32.5182,328931000.0,2024
1333.HK,635456675.0,5.7972,-43.2048,-34.2205,-274547480.0,2024
9606.HK,1941257000.0,40.4206,-54.111,,-1050434000.0,2024
3677.HK,5130317000.0,14.5887,1.774,1.7101,91014000.0,2024
2625.HK,1350925000.0,21.4002,3.2552,8.5323,42722000.0,2024
2569.HK,752831000.0,30.9411,7.2727,25.5546,54751000.0,2024
2610.HK,1020668000.0,50.6227,44.8147,36.8124,401812000.0,2024
2561.HK,,,,-57.6578,-182242000.0,2024
6693.HK,8552781973.61,40.7354,23.2201,25.0816,1764339650.99,2024
6676.HK,1551043000.0,27.4776,-4.4271,,-69002000.0,2024
2097.HK,24828874000.0,32.463,17.9396,34.8473,4436504000.0,2024
1364.HK,8791355000.0,30.5696,16.9851,111.6155,1478507000.0,2024
2571.HK,221883000.0,68.4122,24.8302,10.1999,53666000.0,2024
0805.HK,864165000.0,31.0723,5.2639,142.7804,43331000.0,2024
2596.HK,1865257000.0,,25.6164,5.4989,513430000.0,2024
0325.HK,2240929000.0,52.6035,-17.7625,,-401047000.0,2024
2530.HK,277495000.0,76.059,26.9915,19.0442,74900000.0,2024
2560.HK,2384149000.0,19.2807,6.2028,13.5415,125637000.0,2024
2613.HK,614395000.0,40.002,19.5747,45.2309,120891000.0,2024
6681.HK,122311000.0,44.1604,-162.3811,,-198282000.0,2024
2506.HK,733984000.0,55.0535,-18.7519,-18.4335,-132600000.0,2024
2577.HK,828459000.0,-19.484,-126.2195,-42.3785,-1045677000.0,2024
2587.HK,1200775000.0,30.4729,-22.4154,,-268456000.0,2024
2431.HK,654481000.0,16.009,-34.7967,-23.1747,-216487000.0,2024
2432.HK,373678000.0,46.5585,-25.5201,-14.227,-95363000.0,2024
0999.HK,5209874000.0,68.1178,11.1446,38.857,580622000.0,2024
2593.HK,245490000.0,74.1603,5.2813,9.3335,12965000.0,2024
1318.HK,3884694000.0,84.37,22.6872,34.8966,880611000.0,2024
2570.HK,648775000.0,17.2272,-119.8812,-38.1967,-737301000.0,2024
2586.HK,1859002000.0,40.1493,-119.4338,,-2195277000.0,2024
2585.HK,19712885000.0,6.7512,1.0183,8.6623,189361000.0,2024
2566.HK,1369184000.0,79.0017,10.1229,11.4741,138601000.0,2024
6936.HK,284420059000.0,13.6755,3.5929,11.0079,10170427000.0,2024
2582.HK,458609000.0,10.0166,-45.4915,-27.0211,-210280000.0,2024
2519.HK,10709648000.0,30.7865,4.8666,18.8815,504299000.0,2024
2551.HK,2592064000.0,18.1533,4.0456,9.0352,104864000.0,2024
2510.HK,1340398000.0,23.5024,27.3204,19.5357,365913000.0,2024
2563.HK,71866000.0,84.9999,-200.0612,-18.994,-143776000.0,2024
2465.HK,7673051000.0,8.7408,-10.3788,-19.381,-633042000.0,2024
2562.HK,101861000.0,30.7556,-264.8384,-4889.2977,-269767000.0,2024
9660.HK,2383554000.0,77.2525,98.4458,,2346580000.0,2024
2460.HK,13521246000.0,47.3127,12.2832,17.9823,1636694000.0,2024
2567.HK,1437009000.0,19.7511,-31.9669,,-459367000.0,2024
9639.HK,526099000.0,23.1149,14.6184,56.0573,76907000.0,2024
2576.HK,551156000.0,40.8129,-39.4453,-20.0932,-214609000.0,2024
2549.HK,2073251000.0,40.2941,17.1692,48.1586,355994000.0,2024
0300.HK,409084266000.0,26.1808,9.4746,20.3036,38538987000.0,2024
8629.HK,55260000.0,63.5306,29.4915,11.5839,16297000.0,2024
2410.HK,107000.0,13.0841,-362549.5327,,-386955000.0,2024
2533.HK,474252000.0,41.0558,66.0651,,313315000.0,2024
1471.HK,205827000.0,38.2982,22.4582,9.6658,46657000.0,2024
2531.HK,700418000.0,62.4421,6.3331,8.6728,44440000.0,2024
2507.HK,1197133000.0,34.545,10.0863,19.2374,120746000.0,2024
1334.HK,444188000.0,32.1877,2.3254,3.0237,10329000.0,2024
2495.HK,941414000.0,54.2187,-51.1413,-28.8027,-224682000.0,2024
9680.HK,2463426000.0,-1.437,-22.9023,,-562985000.0,2024
6086.HK,2707368000.0,19.0569,-31.5762,,-854885000.0,2024
6657.HK,659212000.0,39.9603,-76.0478,,-501210000.0,2024
2545.HK,551062000.0,19.2768,1.7619,3.517,9709000.0,2024
1354.HK,951527000.0,15.0516,6.4204,31.6535,59031000.0,2024
8637.HK,37722000.0,34.1074,8.4646,9.6162,3193000.0,2024
2559.HK,787218000.0,72.025,127.5804,,1004336000.0,2024
6181.HK,8505560000.0,41.1639,17.3193,54.2008,1473106000.0,2024
2479.HK,,,,,,2024
2881.HK,3284183000.0,12.0654,3.7463,20.4506,123035000.0,2024
2512.HK,707629000.0,12.6651,1.7484,5.2963,12091000.0,2024
2228.HK,266433000.0,100.0,-568.5741,,-1516606000.0,2024
2522.HK,760591000.0,36.4627,-7.7385,-3.3417,-45919000.0,2024
2550.HK,604164000.0,42.3403,-0.3391,-0.5062,-2085000.0,2024
8529.HK,163068000.0,34.4684,-14.2168,-34.3038,-23183000.0,2024
2443.HK,408591000.0,62.4409,-27.0593,-18.6208,-123003000.0,2024
2505.HK,1690081000.0,14.8511,2.785,10.2293,47068000.0,2024
0917.HK,1339500000.0,55.9751,-124.1305,-291.1812,-1672156000.0,2024
2898.HK,,,,-39.215,-79965000.0,2024
2529.HK,683511000.0,25.2116,10.4581,22.7988,71858000.0,2024
2556.HK,1558586000.0,52.9835,-56.2478,,-876670000.0,2024
2438.HK,390348000.0,52.1094,-184.8325,,-721490000.0,2024
2515.HK,302501000.0,24.9093,7.1901,7.8511,21750000.0,2024
2555.HK,4917997000.0,31.2054,9.7545,19.956,472184000.0,2024
2598.HK,1314959000.0,51.9044,-12.6649,-18.5096,-168219000.0,2024
2497.HK,182247000.0,42.4325,28.3977,12.6597,51754000.0,2024
2536.HK,422779000.0,92.594,2.2451,2.0055,8542000.0,2024
9879.HK,3770543000.0,14.2288,7.325,13.0511,252479000.0,2024
2509.HK,158793000.0,58.0586,-220.2156,-128.145,-335574000.0,2024
2540.HK,681511000.0,14.8843,10.7425,13.997,72489000.0,2024
2535.HK,398463000.0,17.9168,7.9054,16.1698,31500000.0,2024
2477.HK,278223000.0,13.4274,7.2388,14.1077,20140000.0,2024
2503.HK,750556000.0,5.5081,0.259,0.4583,1944000.0,2024
6959.HK,677627000.0,43.9835,23.8194,50.294,160306000.0,2024
2453.HK,388305000.0,-17.3183,-124.8549,-27.3006,-443223000.0,2024
2498.HK,1648902000.0,17.1965,-29.2197,,-481827000.0,2024
9880.HK,1295470000.0,28.107,-89.5369,-55.1859,-1123590000.0,2024
2149.HK,578807000.0,53.0258,28.7835,18.077,166601000.0,2024
6911.HK,361328000.0,52.0342,-85.403,-36.6067,-307545000.0,2024
2516.HK,2982719000.0,7.2016,2.3204,10.0785,69275000.0,2024
2489.HK,499505000.0,50.8021,29.3507,12.2437,104760000.0,2024
2511.HK,,,,-67.7565,-381788000.0,2024
2502.HK,3102000000.0,2.3094,0.372,-1.5981,-16038000.0,2024
1274.HK,1247721000.0,7.2794,-23.1093,-28.4536,-288339000.0,2024
0666.HK,17795914000.0,4.141,-7.6007,-10.7777,-1163089000.0,2024
1497.HK,2050000000.0,49.403,7.8259,20.6274,156295000.0,2024
2419.HK,22463038000.0,21.6591,18.705,65.9985,4101559000.0,2024
2483.HK,257432000.0,,24.7654,7.0897,63754000.0,2024
9663.HK,442439000.0,9.048,-92.0364,-12.8341,-407176000.0,2024
2521.HK,673558000.0,14.9505,7.3084,14.3995,49226000.0,2024
2520.HK,12211997789.52,12.1971,1.7158,5.709,153411683.25,2024
2268.HK,4052320000.0,30.596,26.3953,17.6888,1069622000.0,2024
2499.HK,1610867000.0,28.7873,6.3296,9.0409,101961000.0,2024
1111.HK,288526000.0,55.2973,27.9472,26.6187,80635000.0,2024
2473.HK,1464084000.0,29.9403,2.7136,5.0037,39970000.0,2024
2429.HK,2918867000.0,35.6737,-7.2199,-22.6325,-197276000.0,2024
2517.HK,6469810000.0,21.8979,3.7287,7.1976,230558000.0,2024
1519.HK,10259104000.0,10.5098,1.1083,3.6075,100559000.0,2024
2451.HK,5071956000.0,13.1116,2.2884,7.7221,116757000.0,2024
9676.HK,5745315000.0,17.7427,3.5572,5.8912,204373000.0,2024
2501.HK,274722000.0,24.9609,0.04,0.1363,433000.0,2024
1973.HK,61141000.0,,-1460.6205,-12.9775,-891485000.0,2024
6682.HK,5260650000.0,42.6721,-5.6318,-5.1634,-268788000.0,2024
9890.HK,5580112000.0,72.1194,0.7889,-0.1547,-3624000.0,2024
9686.HK,501496000.0,29.4116,-16.719,-20.9875,-83053000.0,2024
9690.HK,14758694000.0,25.3815,3.2661,10.3793,483794000.0,2024
2496.HK,107813000.0,78.9042,-90.5262,-123.3954,-97599000.0,2024
2490.HK,1946393000.0,10.7938,20.6003,29.9997,395793000.0,2024
1541.HK,74149000.0,100.0,-426.9646,-44.2626,-315855000.0,2024
2271.HK,412238000.0,29.1778,9.0581,13.3304,38067000.0,2024
1284.HK,207227000.0,72.7975,6.5103,6.7867,13491000.0,2024
6683.HK,584010000.0,55.9951,8.6026,6.8446,56054000.0,2024
3650.HK,2065694000.0,46.7364,-25.8852,-33.1197,-534710000.0,2024
6990.HK,1933045000.0,65.8886,-13.8003,-9.4629,-266766000.0,2024
2481.HK,1648287000.0,27.8625,14.404,14.7188,164154000.0,2024
9860.HK,2914113000.0,37.701,2.1469,2.8017,47014000.0,2024
2105.HK,,,,-31.6138,-254296000.0,2024
9885.HK,17903608000.0,10.129,0.0842,1.4161,30013000.0,2024
2487.HK,279615000.0,51.3073,-155.1458,-37.3368,-433811000.0,2024
9930.HK,11581062000.0,32.5928,7.7395,8.0619,896322000.0,2024
2416.HK,1356885000.0,41.0173,4.77,5.2456,64724000.0,2024
2486.HK,1046361000.0,11.8866,1.3174,2.6392,13008000.0,2024
2442.HK,352922000.0,18.0167,10.1513,13.0373,35826000.0,2024
2480.HK,,,,-17.9525,-168235000.0,2024
6979.HK,7066784000.0,58.627,18.7302,9.9417,1323622000.0,2024
2415.HK,260623000.0,62.2255,9.5797,2.1805,24967000.0,2024
6623.HK,24513408000.0,100.0,-14.7002,-4.4823,-3870620000.0,2024
9669.HK,854741000.0,60.2436,-375.387,,-3208587000.0,2024
2439.HK,407495000.0,39.7644,27.5775,22.1954,111161000.0,2024
2405.HK,13457000.0,83.6962,4.0425,1.8251,544000.0,2024
2433.HK,930801000.0,7.6258,-2.8407,-5.1182,-25389000.0,2024
2409.HK,282136000.0,22.8174,26.5067,35.3528,70340000.0,2024
1405.HK,4314093000.0,72.8842,1.2794,2.5422,55195000.0,2024
2421.HK,226877000.0,64.2304,17.6611,4.7764,40069000.0,2024
9636.HK,2305986000.0,82.1402,11.8112,17.4642,272365000.0,2024
2482.HK,7541926000.0,5.2765,0.5899,7.3334,50034000.0,2024
2450.HK,236168000.0,35.4646,-14.3415,-4.6421,-21972000.0,2024
2306.HK,764538000.0,20.4112,5.7966,3.459,46942000.0,2024
2455.HK,903691000.0,14.1515,5.0307,13.1391,45558000.0,2024
2459.HK,56951000.0,-30.2962,-71.9636,-32.2399,-40984000.0,2024
2411.HK,10273253000.0,7.4402,-3.8915,-13.0139,-386027000.0,2024
2373.HK,2572199000.0,46.2637,9.8156,26.1616,228460000.0,2024
2458.HK,775918000.0,53.5988,10.8447,23.6929,84159000.0,2024
2147.HK,,,,,,2024
2402.HK,363428414.4,11.6868,-148.6577,-16.2841,-456432854.37,2024
2469.HK,2789781000.0,52.4764,8.5874,19.3891,239570000.0,2024
2425.HK,4157878000.0,11.8098,-30.5273,-28.5773,-1269287000.0,2024
6955.HK,726316000.0,74.7131,10.0767,4.9387,73189000.0,2024
6922.HK,53531000.0,71.7528,-207.8739,-88.7031,-104365000.0,2024
3896.HK,7785180000.0,17.2241,-25.4206,-32.6198,-1966680000.0,2024
9658.HK,778308000.0,66.8868,2.7494,6.9197,21801000.0,2024
2427.HK,155740000.0,40.3146,11.2046,6.5075,17204000.0,2024
6698.HK,163147000.0,24.5086,-141.0054,-8.4004,-232541000.0,2024
6929.HK,164097000.0,69.7557,24.2826,10.4284,39717000.0,2024
0314.HK,4565434000.0,8.4643,-7.9255,-22.7604,-323736000.0,2024
7855.HK,,,,,-99863000.0,2024
2145.HK,6792518000.0,75.2208,11.8262,37.1983,781205000.0,2024
2076.HK,7355677000.0,83.1462,21.3036,11.2004,1584664000.0,2024
2457.HK,391981000.0,12.6828,4.8931,4.9095,19180000.0,2024
1244.HK,445647000.0,91.7935,-44.739,-21.2177,-182663000.0,2024
9985.HK,6266326000.0,48.1324,17.0452,18.2601,1068512000.0,2024
1947.HK,74680000.0,36.1221,-43.6851,-22.7924,-32424000.0,2024
2407.HK,1428397000.0,46.4429,6.1974,5.676,92394000.0,2024
3611.HK,,,,,,2024
2440.HK,98580000.0,-0.4626,-78.6437,-32.7247,-77527000.0,2024
6963.HK,89776000000.0,,6.1709,8.8943,5449000000.0,2024
2245.HK,29232958000.0,18.3097,10.9765,17.7809,1773150000.0,2024
3660.HK,17165656000.0,83.1017,36.3989,27.1608,6264314000.0,2024
2436.HK,2371719000.0,8.2808,-2.4562,-7.8509,-56952000.0,2024
1407.HK,370424000.0,15.6005,8.1593,10.37,30021000.0,2024
2420.HK,3325118000.0,74.323,4.5345,27.8182,150776000.0,2024
6696.HK,1790774000.0,7.1304,-10.3627,-35.0837,-185503000.0,2024
2291.HK,466030360.35,89.7831,52.6918,12.5164,245559893.33,2024
2367.HK,5538812000.0,82.0919,37.2233,35.9596,2062347000.0,2024
6610.HK,995347000.0,20.0971,-4.3907,-3.0887,-43702000.0,2024
2422.HK,244646000.0,26.8993,-16.0599,-10.092,-37960000.0,2024
9877.HK,,,,-16.4009,-177510000.0,2024
1489.HK,585170000.0,7.1506,3.2587,6.0291,19069000.0,2024
6660.HK,1285031000.0,74.2012,-21.6702,-7.9116,-277234000.0,2024
3931.HK,27751526000.0,15.8906,3.0399,1.6932,591196000.0,2024
2602.HK,36223828000.0,12.9663,3.4674,6.7567,1149578000.0,2024
9863.HK,32164184000.0,8.3771,-8.77,-24.9972,-2820796000.0,2024
2350.HK,628075000.0,11.3006,-2.384,-7.4304,-14973000.0,2024
1698.HK,28401000000.0,42.3401,25.0308,10.736,6644000000.0,2024
7801.HK,,,,,,2024
9886.HK,4669078000.0,32.9476,-8.1384,-20.3643,-376498000.0,2024
6689.HK,,,,,,2024
2315.HK,980454000.0,77.67,3.4206,4.1411,33542000.0,2024
1880.HK,56473848000.0,30.7165,8.7077,7.9616,4323643000.0,2024
2152.HK,924601000.0,17.5077,7.1548,8.0592,65316000.0,2024
2321.HK,913008000.0,12.4297,3.0737,11.7966,28063000.0,2024
7841.HK,101861000.0,30.7556,-264.8384,-4889.2977,-269767000.0,2024
9857.HK,657008000.0,16.5178,-28.927,-7.7402,-189144000.0,2024
2237.HK,142371000.0,29.2026,-8.7806,-2.8247,-12501000.0,2024
2418.HK,2627801000.0,16.3865,5.9641,4.5904,153229000.0,2024
2172.HK,761762000.0,72.9791,32.6683,15.1919,254165000.0,2024
1204.HK,648012000.0,19.2584,0.1469,0.2833,952000.0,2024
9896.HK,16994025000.0,44.9397,15.508,26.87,2617560000.0,2024
6686.HK,2600982000.0,,18.7239,4.6943,475445000.0,2024
9696.HK,13029739000.0,45.9818,-6.7567,-18.1851,-8727021000.0,2024
6661.HK,2372643000.0,11.725,7.129,9.7377,117792000.0,2024
2361.HK,403728000.0,57.7619,27.6976,15.65,110649000.0,2024
2385.HK,461400000.0,24.2083,-12.9918,-13.526,-58579000.0,2024
2376.HK,605212562.81,18.5442,7.456,8.2776,45091464.06,2024
2297.HK,39824000.0,59.9312,-290.1316,-24.6183,-113496000.0,2024
2392.HK,1151277000.0,18.2212,-0.0929,2.0713,6914000.0,2024
9955.HK,3488094000.0,24.7032,-14.0876,-31.4972,-516409000.0,2024
2391.HK,298617000.0,47.3617,1.6734,0.5053,4997000.0,2024
6638.HK,2248103000.0,35.7856,-22.0278,-16.6392,-459677000.0,2024
2372.HK,111977000.0,2.9033,-8.475,-4.4044,-9490000.0,2024
2167.HK,506355000.0,51.8206,6.7147,6.9543,34000000.0,2024
2246.HK,660119000.0,33.1316,-29.3915,-49.4298,-192982000.0,2024
6667.HK,164226000.0,,,7.1528,45045000.0,2024
2347.HK,841148000.0,14.4841,2.6516,8.2659,22304000.0,2024
7827.HK,,,,,-78749000.0,2024
2325.HK,711884000.0,29.6494,-111.4158,-48.6322,-791682000.0,2024
2423.HK,93457498000.0,24.5503,4.3637,5.6684,4064900000.0,2024
2352.HK,1530201000.0,13.5849,-4.0284,-15.4501,-66882000.0,2024
2390.HK,3598905000.0,60.597,-4.695,-3.9332,-171802000.0,2024
2370.HK,419635000.0,27.0304,-4.7875,-10.2632,-28428000.0,2024
9638.HK,1301623000.0,50.8696,6.7731,10.1288,87918000.0,2024
2179.HK,,,,-70.2652,-562389000.0,2024
0587.HK,1686990000.0,37.3015,-0.3182,0.2112,6275000.0,2024
6655.HK,33407863649.0,22.8609,8.8406,8.1561,2415198066.0,2024
6639.HK,1745782000.0,22.4928,0.7685,1.0198,17162000.0,2024
7836.HK,,,,,,2024
0816.HK,2965973000.0,23.817,12.9485,22.9447,372456000.0,2024
9866.HK,65731559000.0,9.8777,-34.0806,-143.7978,-22657692000.0,2024
2157.HK,367794000.0,79.656,-115.3344,-51.4307,-411376000.0,2024
9878.HK,60059328000.0,3.8444,0.7689,3.4671,269738000.0,2024
1406.HK,190933000.0,80.4507,-39.6961,-33.7754,-75793000.0,2024
2121.HK,1221768000.0,34.6278,-49.8397,-33.1995,-593810000.0,2024
2250.HK,128526000.0,71.6376,-38.3891,-21.1419,-46404000.0,2024
6680.HK,6763289000.0,11.1279,4.3492,4.1466,291043000.0,2024
2260.HK,255488000.0,49.2195,18.2787,11.5232,46192000.0,2024
1187.HK,3387499000.0,51.7079,10.9318,7.691,371608000.0,2025
1609.HK,402751000.0,74.1448,34.0086,25.3494,136970000.0,2025
6810.HK,3811858000.0,31.2957,5.8397,11.3218,222601000.0,2025
2493.HK,658694000.0,90.5384,-147.6039,-101.0573,-969334000.0,2025
1879.HK,106368000.0,38.9854,-1262.0111,,-1342376000.0,2025
3296.HK,171436927000.0,7.7174,2.41,16.8858,4081338000.0,2025
2476.HK,19292313000.0,35.2235,22.3508,33.7592,4311988000.0,2025
0068.HK,819994000.0,82.2308,-52.1839,,-427905000.0,2025
3277.HK,856513000.0,66.932,34.2255,21.312,294182000.0,2025
6656.HK,9000512000.0,50.0511,32.4296,133.5844,2918832000.0,2025
0664.HK,617337000.0,33.6667,7.7491,11.0465,47838000.0,2025
3625.HK,365703000.0,20.7718,-16.179,-43.5304,-59167000.0,2025
1021.HK,386867000.0,37.6018,-7.7331,-5.8638,-29917000.0,2025
2726.HK,765333000.0,24.814,1.5533,0.4083,11888000.0,2025
2526.HK,164424000.0,71.8186,-40.8316,-39.5028,-67137000.0,2025
6636.HK,292076000.0,41.468,-15.6733,-19.9723,-45776000.0,2025
2729.HK,908699000.0,16.9928,-18.8068,,-172448000.0,2025
2632.HK,666600000.0,23.5849,-100.3594,,-676404000.0,2025
3355.HK,2965663000.0,54.4605,20.281,26.3766,601465000.0,2025
2701.HK,1360266000.0,18.255,-8.6426,-12.09,-115418000.0,2025
1989.HK,5485371000.0,34.4315,18.5181,28.8088,1015789000.0,2025
7489.HK,34864815000.0,20.9266,2.9181,14.6986,1017378000.0,2025
3268.HK,3747132000.0,13.5814,3.8088,8.7302,142721000.0,2025
2715.HK,4888011000.0,28.9526,0.8528,2.2049,41341000.0,2025
2649.HK,,,,,,2025
2692.HK,1715534000.0,33.3895,14.8744,7.6014,254996000.0,2025
2706.HK,621081000.0,43.3106,-33.0588,,-205322000.0,2025
9981.HK,8442483000.0,30.3344,14.4585,19.0139,1143868000.0,2025
0470.HK,14358016000.0,30.6969,10.8639,12.643,1563778000.0,2025
0600.HK,561689000.0,21.5933,-210.8297,,-226998000.0,2025
2720.HK,662471000.0,28.107,11.1508,,73871000.0,2025
6809.HK,5449671088.68,62.1819,39.0782,18.3792,2235569970.18,2025
2714.HK,143868961312.25,17.6605,10.9904,20.6877,15486891254.04,2025
3200.HK,5772935000.0,34.093,14.1753,14.722,824267000.0,2025
2677.HK,1064529000.0,25.0853,12.3481,,135064000.0,2025
2768.HK,21251231000.0,10.4012,3.9377,15.9455,851994000.0,2025
9980.HK,20866019000.0,44.1306,21.1541,51.6141,4415263000.0,2025
1768.HK,66170336000.0,9.8315,3.5199,33.7266,2329141000.0,2025
9611.HK,42124809000.0,8.5278,1.3966,10.237,585117000.0,2025
3986.HK,9203463000.0,39.1371,18.2251,9.283,1648022000.0,2025
1641.HK,236507000.0,52.3481,32.2684,9.0577,76317000.0,2025
8610.HK,147229000.0,20.2195,4.2716,11.5512,6289000.0,2025
0501.HK,28808883363.73,30.5243,13.9946,15.4484,4045416530.33,2025
6938.HK,148510000.0,90.9259,-194.232,,-278059000.0,2025
3636.HK,2271071000.0,22.846,14.4788,48.4226,328823000.0,2025
0100.HK,79038000.0,25.4042,-2367.9964,,-1871617000.0,2025
2675.HK,455715000.0,65.9737,-19.4435,-7.2077,-88607000.0,2025
2513.HK,724334000.0,40.9557,-651.38,,-4698203000.0,2025
9903.HK,1033606000.0,53.9851,-97.1024,-65.9917,-1003656000.0,2025
6082.HK,1034614000.0,53.8367,-1594.1238,,-16493028000.0,2025
3317.HK,1284657000.0,61.6571,-10.0925,-4.8009,-94061000.0,2025
2657.HK,2449537000.0,82.0081,14.7116,29.4523,360367000.0,2025
6600.HK,900560000.0,54.0358,-3.0273,-2.6565,-24676000.0,2025
6651.HK,347761000.0,29.9545,-53.4893,-37.555,-181845000.0,2025
3696.HK,56239000.0,81.5235,-626.4621,,-352316000.0,2025
2671.HK,2294079000.0,10.0317,2.8688,12.407,65647000.0,2025
3378.HK,,,,-30.3265,-131007000.0,2025
2635.HK,498159000.0,53.4339,23.6557,14.1725,117843000.0,2025
2661.HK,1255887000.0,34.6483,-30.2353,,-379721000.0,2025
2396.HK,522000.0,92.1456,-40035.249,-53.9231,-208984000.0,2025
2691.HK,1239441000.0,,39.2645,10.0146,486264000.0,2025
2695.HK,149881372.11,46.8761,18.8723,12.2385,35385848.03,2025
2581.HK,2718346000.0,15.6001,3.4924,4.9088,94936000.0,2025
3881.HK,884788000.0,21.4012,-115.4218,-332.5888,-1019694000.0,2025
2546.HK,616014000.0,36.3719,24.3568,11.25,150041000.0,2025
3887.HK,723092000.0,56.4887,-149.9578,-123.9492,-1086872000.0,2025
2655.HK,2057423000.0,18.5952,5.002,16.5332,102859000.0,2025
7618.HK,23951789000.0,17.4,9.6599,39.5634,2313723000.0,2025
2659.HK,49156000.0,89.0044,-804.1785,-30.5506,-395302000.0,2025
2665.HK,154208000.0,7.9464,-212.7322,,-328050000.0,2025
2676.HK,3367823000.0,32.0157,-6.7959,-3.3808,-228874000.0,2025
2687.HK,969406000.0,65.4626,13.4334,17.0953,130224000.0,2025
2408.HK,1622358000.0,67.5975,6.5413,22.5898,106124000.0,2025
2658.HK,709228000.0,18.8126,-8.7714,-2.8298,-55605000.0,2025
2693.HK,272081000.0,33.7841,14.2711,7.2679,38829000.0,2025
2539.HK,906778000.0,33.6741,10.3367,25.3301,93731000.0,2025
9609.HK,334030000.0,31.1265,13.3925,5.2284,48008000.0,2025
2685.HK,1034823000.0,95.3994,18.8579,98.5312,195146000.0,2025
2788.HK,18680567000.0,24.7563,15.6264,50.2089,2730811000.0,2025
2579.HK,48139977000.0,12.0024,3.3543,7.0951,1570700000.0,2025
2698.HK,567385000.0,35.8668,21.3546,31.1803,121163000.0,2025
0699.HK,61182689000.0,18.2994,2.6405,8.6159,1330314000.0,2025
0800.HK,684587000.0,30.2112,-241.737,-22.1152,-1654900000.0,2025
2630.HK,102096000.0,79.0227,-349.7786,-119.4242,-355718000.0,2025
2026.HK,90001000.0,15.7343,-85.2857,-10.2919,-133969000.0,2025
9927.HK,164888013000.0,26.8813,3.7278,22.4014,5956787000.0,2025
2718.HK,1425775000.0,55.3819,-449.7676,,-6414969000.0,2025
6031.HK,89699505000.0,27.724,9.4623,10.4933,8408057000.0,2025
6166.HK,4809382285.62,22.079,4.6284,5.3992,263485209.59,2025
6980.HK,2196348000.0,55.5815,10.1231,15.7377,222251000.0,2025
1384.HK,414991000.0,55.0747,-225.1998,,-934559000.0,2025
0638.HK,6970937484.41,16.1872,4.9616,7.0365,347040640.51,2025
6687.HK,1142470000.0,73.613,-144.4047,,-1655025000.0,2025
2637.HK,582358000.0,83.3778,30.3987,16.583,177029000.0,2025
2670.HK,301242000.0,37.6319,-98.0049,,-294901000.0,2025
2575.HK,51772000.0,64.4538,-474.2119,-21.1012,-245509000.0,2025
2650.HK,716513000.0,15.2006,-22.8669,-114.3035,-163846000.0,2025
8549.HK,154534000.0,20.3509,9.1074,26.8873,14074000.0,2025
2652.HK,432521000.0,75.8201,0.5745,0.2064,2485000.0,2025
2259.HK,5383480000.0,52.6965,34.7817,29.9361,1601556000.0,2025
2889.HK,3509726000.0,12.3711,-31.1623,-59.1477,-1093328000.0,2025
2583.HK,610842000.0,31.5294,16.6812,12.0601,101898000.0,2025
9973.HK,300287000000.0,13.8011,6.4961,49.2433,19019000000.0,2025
6090.HK,1445823000.0,49.5054,4.5094,12.3992,65198000.0,2025
2595.HK,130267000.0,64.2196,-1377.5768,,-1794528000.0,2025
2656.HK,651868000.0,26.1031,-11.4338,-94.8529,-72986000.0,2025
2525.HK,3027573000.0,41.7858,14.397,6.7628,435880000.0,2025
2543.HK,641470000.0,33.3998,9.5286,19.4261,63509000.0,2025
2580.HK,30048580000.0,18.835,7.4379,32.4049,2234983000.0,2025
3858.HK,1063048000.0,48.9144,29.5709,38.2469,305120000.0,2025
6960.HK,5083445000.0,13.9514,5.0266,8.7818,255524000.0,2025
2631.HK,1464882000.0,9.682,-14.2375,-3.3366,-208319000.0,2025
2591.HK,131509000.0,89.0106,-259.5739,-36.9067,-341363000.0,2025
2627.HK,,,,,,2025
6887.HK,4815065000.0,76.5388,5.6081,11.6213,272442000.0,2025
9887.HK,177255000.0,100.0,-119.2739,-27.6117,-211419000.0,2025
2651.HK,371571000.0,37.6978,13.6203,12.9315,28175000.0,2025
2590.HK,3171013000.0,35.4788,-0.3282,,-10407000.0,2025
2597.HK,902185982.78,19.4772,8.0849,6.9895,73018868.99,2025
6613.HK,74409732000.0,14.9318,5.4304,7.7505,4017827000.0,2025
1304.HK,773904000.0,51.7825,28.2898,5.7407,218936000.0,2025
1828.HK,4835000000.0,,3.3092,1.5328,104000000.0,2025
2648.HK,16064922576.38,20.9778,8.5249,9.5569,1359237139.62,2025
2592.HK,,,,,-67660000.0,2025
9678.HK,1211383000.0,36.0779,-27.1972,,-326626000.0,2025
6603.HK,176399000.0,32.8823,12.9071,20.8032,22768000.0,2025
3880.HK,570087000.0,63.4307,38.1294,22.8386,217371000.0,2025
2508.HK,1045859000.0,35.9729,39.3151,,89682000.0,2025
6883.HK,2083363000.0,50.3089,10.8972,39.4993,227029000.0,2025
6168.HK,5834295000.0,27.4971,13.1855,22.5654,770296000.0,2025
2643.HK,20189817000.0,9.3597,-3.0393,,-635381000.0,2025
2619.HK,1289801000.0,19.6352,3.9326,4.9527,50723000.0,2025
2050.HK,31011745000.0,28.3979,13.2424,15.9183,4062892000.0,2025
2609.HK,1119849000.0,17.0391,-0.7749,-1.0007,-12957000.0,2025
2617.HK,,,,-62.8768,-295964000.0,2025
3288.HK,28873380000.0,39.3642,24.4012,19.492,7038465000.0,2025
9881.HK,,,,,,2025
2605.HK,206313000.0,77.4852,-61.8327,-576.7003,-127569000.0,2025
2573.HK,583198000.0,18.6182,2.2392,2.2883,13059000.0,2025
2621.HK,1469249000.0,32.8639,54.0128,278.9461,793317000.0,2025
2565.HK,,,,-83.2319,-208362000.0,2025
2603.HK,6721612000.0,46.7536,4.9698,11.2985,276832000.0,2025
1276.HK,31629416000.0,86.207,24.3982,14.4413,7711055000.0,2025
2629.HK,,,,,,2025
3750.HK,420869512000.0,25.7767,18.2447,24.7249,72201282000.0,2025
6831.HK,4762967000.0,68.33,10.2121,38.5675,486481000.0,2025
2865.HK,7597846000.0,-6.8104,-18.6341,-37.5201,-1415788000.0,2025
2589.HK,4465644000.0,31.4452,11.2261,32.2474,501317000.0,2025
1333.HK,779483000.0,11.0553,-40.8222,-43.3484,-318629000.0,2025
9606.HK,1851735000.0,31.813,-140.1295,-1282.14,-2594827000.0,2025
3677.HK,8100969000.0,18.4103,9.9809,11.5599,808550000.0,2025
2625.HK,1543962000.0,18.7373,2.4766,5.886,36628000.0,2025
2569.HK,905474000.0,34.7654,6.1682,13.1912,55851000.0,2025
2610.HK,1141803000.0,41.8624,36.6176,26.1163,408428000.0,2025
2561.HK,165000.0,11.5152,-153589.0909,-50.5162,-253422000.0,2025
6693.HK,11911624583.17,49.5584,28.9414,28.899,3082367791.68,2025
6676.HK,2120302000.0,17.8783,-27.9058,,-592523000.0,2025
2097.HK,33559923000.0,31.1436,17.6612,29.8783,5886704000.0,2025
1364.HK,12913774000.0,33.0049,24.1253,78.8104,3109118000.0,2025
2571.HK,262447000.0,53.543,22.7177,7.7425,56265000.0,2025
0805.HK,871373000.0,27.2219,3.6852,16.4665,30820000.0,2025
2596.HK,2053789000.0,,27.2447,5.3452,560338000.0,2025
0325.HK,2913338000.0,46.8186,21.753,99.9383,633737000.0,2025
2530.HK,189336000.0,69.017,2.9065,1.2627,5503000.0,2025
2560.HK,2314260000.0,18.1558,5.6639,9.2463,109371000.0,2025
2613.HK,383179000.0,30.8023,1.1078,1.461,5637000.0,2025
6681.HK,220049000.0,40.6519,-143.7698,,-314861000.0,2025
2506.HK,914993000.0,50.4533,-7.1877,-7.0557,-64788000.0,2025
2577.HK,1213273000.0,7.3161,-69.2765,-23.4074,-840513000.0,2025
2587.HK,1562518000.0,30.4824,3.4776,22.1201,55682000.0,2025
2431.HK,759017000.0,18.6232,-54.8429,-35.4813,-400149000.0,2025
2432.HK,492209000.0,46.0597,-17.0755,-4.6532,-83535000.0,2025
0999.HK,5345091000.0,70.3988,13.3785,29.7604,715092000.0,2025
2593.HK,227868000.0,69.1405,-10.0975,-13.8877,-23009000.0,2025
1318.HK,5050455000.0,84.2238,23.8679,29.4844,1204094000.0,2025
2570.HK,595186000.0,11.5428,-105.791,-31.4449,-602831000.0,2025
2586.HK,2226756000.0,38.1623,5.7081,18.2563,133724000.0,2025
2585.HK,20709567000.0,7.6246,0.5309,4.0297,96521000.0,2025
2566.HK,1306301000.0,80.6907,10.5953,8.7427,138407000.0,2025
6936.HK,308226647000.0,13.0695,3.791,11.6226,11117216000.0,2025
2582.HK,346374000.0,1.1176,-110.1942,-34.6948,-382974000.0,2025
2519.HK,13698738000.0,26.3394,1.1139,5.188,161139000.0,2025
2551.HK,2431138000.0,16.5954,2.5519,4.7392,62039000.0,2025
2510.HK,1284763000.0,19.7464,25.599,16.0621,328901000.0,2025
2563.HK,32277341.42,91.9232,-407.2055,-18.044,-131435108.56,2025
2465.HK,8937777000.0,12.7056,-1.6696,-5.6882,-170578000.0,2025
2562.HK,83874000.0,24.7669,-61.3897,-187.6321,-51490000.0,2025
9660.HK,3758268000.0,64.5425,-278.5689,-85.276,-10469012000.0,2025
2460.HK,11002111000.0,45.6762,9.1662,8.9455,985341000.0,2025
2567.HK,1768710000.0,18.4643,-3.2719,-14.5587,-57870000.0,2025
9639.HK,716639000.0,20.1506,7.7386,21.8776,55458000.0,2025
2576.HK,512544000.0,42.4434,-9.892,-3.759,-42846000.0,2025
2549.HK,2156671000.0,31.7812,11.9545,19.3615,257806000.0,2025
0300.HK,458502407000.0,26.1809,9.7099,19.924,43829974000.0,2025
8629.HK,81361000.0,64.1339,27.4087,10.896,20310000.0,2025
2410.HK,,,,-79.3291,-299768000.0,2025
2533.HK,822328000.0,40.992,-173.252,-126.5182,-1424700000.0,2025
1471.HK,248051000.0,36.636,22.9352,8.3858,51700000.0,2025
2531.HK,717075000.0,71.6286,3.045,3.1084,20740000.0,2025
2507.HK,1354365000.0,35.2282,10.2541,16.6702,138878000.0,2025
1334.HK,501959000.0,29.5098,0.921,1.3178,5016000.0,2025
2495.HK,1006934000.0,54.745,13.9252,8.305,135484000.0,2025
9680.HK,5286428000.0,11.8792,-5.5432,-30.6408,-293035000.0,2025
6086.HK,3526162000.0,15.8655,0.3355,8.2906,11832000.0,2025
6657.HK,728596000.0,42.2912,-1.3698,-1.0255,-9628000.0,2025
2545.HK,460281000.0,14.89,1.6596,1.786,7639000.0,2025
1354.HK,1049218000.0,15.4629,6.3083,22.2057,63948000.0,2025
8637.HK,47598000.0,37.1696,21.2257,16.9353,10103000.0,2025
2559.HK,502441000.0,66.2629,25.8367,9.3083,129814000.0,2025
6181.HK,27303184000.0,37.6283,17.8292,64.8389,4867936000.0,2025
2479.HK,,,,,,2025
2881.HK,2657358000.0,12.0249,2.3517,9.1562,62494000.0,2025
2512.HK,943497000.0,10.1764,1.2469,2.5873,11549000.0,2025
2228.HK,802623000.0,69.6688,16.7674,1.8542,123747000.0,2025
2522.HK,873120000.0,33.8143,-1.2032,0.2174,3748000.0,2025
2550.HK,781632000.0,41.4186,4.1563,4.6524,32516000.0,2025
8529.HK,199736000.0,37.7268,6.411,16.3038,12805000.0,2025
2443.HK,271075000.0,62.6133,8.0007,0.892,8266000.0,2025
2505.HK,1987271000.0,9.991,-0.6117,-2.182,-12156000.0,2025
0917.HK,1663244000.0,57.3137,17.4431,16.0888,285738000.0,2025
2898.HK,,,,,,2025
2529.HK,674664000.0,25.7426,11.0408,18.9107,74376000.0,2025
2556.HK,2818023000.0,42.02,2.6,7.0528,88943000.0,2025
2438.HK,323033000.0,50.0627,-21.3142,-25.5917,-68852000.0,2025
2515.HK,244392000.0,7.2302,-19.8595,-15.9336,-48535000.0,2025
2555.HK,5395068000.0,32.5082,15.2242,20.4162,804897000.0,2025
2598.HK,1733801000.0,50.3778,95.8658,77.3278,1663754000.0,2025
2497.HK,191026000.0,44.2442,33.1813,12.4395,63385000.0,2025
2536.HK,419727000.0,93.7533,3.6669,2.9257,15391000.0,2025
9879.HK,4965954000.0,12.929,6.8362,11.8738,307471000.0,2025
2509.HK,806961000.0,88.5312,38.099,68.1361,314450000.0,2025
2540.HK,1549029000.0,5.439,2.5613,6.2923,39676000.0,2025
2535.HK,347733000.0,13.4192,4.634,6.1678,16114000.0,2025
2477.HK,218527000.0,8.2296,6.9735,7.3878,15336000.0,2025
2503.HK,425318000.0,3.7983,-8.5781,-7.0719,-36484000.0,2025
6959.HK,1624625000.0,20.1571,8.7137,28.0176,141248000.0,2025
2453.HK,459922000.0,6.9468,-66.4887,-14.7552,-256603000.0,2025
2498.HK,1941008000.0,26.4889,-7.4686,-4.263,-145922000.0,2025
9880.HK,1981389000.0,37.055,-39.8621,-15.0744,-703191000.0,2025
2149.HK,584123000.0,51.7446,20.8869,10.6656,122005000.0,2025
6911.HK,215275699.04,51.5935,-42.5585,-13.94,-91005106.13,2025
2516.HK,1992648000.0,7.744,0.1519,0.6823,5115000.0,2025
2489.HK,628798000.0,52.7002,22.9536,9.8611,110647000.0,2025
2511.HK,,,,-67.0063,-244968000.0,2025
2502.HK,2598599000.0,1.1883,-0.6746,-3.5401,-34277000.0,2025
1274.HK,1000571000.0,1.5229,-41.6233,-46.9996,-415828000.0,2025
0666.HK,24333984000.0,11.1821,2.7982,5.6585,622992000.0,2025
1497.HK,2000569000.0,53.53,9.5669,24.235,188561000.0,2025
2419.HK,23120044456.33,13.5967,6.1488,17.1296,1433249355.02,2025
2483.HK,308893000.0,,28.2878,9.33,87379000.0,2025
9663.HK,299871000.0,8.2219,-161.949,-17.8409,-483781000.0,2025
2521.HK,694916000.0,17.0327,3.621,6.3188,26523000.0,2025
2520.HK,10493895000.0,11.0962,1.8416,4.8851,138432000.0,2025
2268.HK,5944245000.0,35.9898,24.9064,17.0515,1480496000.0,2025
2499.HK,1748753000.0,29.9632,4.7012,6.7678,82212000.0,2025
1111.HK,290937000.0,61.8756,24.5263,18.8313,71356000.0,2025
2473.HK,1862467000.0,25.7235,2.4594,5.4125,45855000.0,2025
2429.HK,2758491000.0,37.1399,-2.744,-6.9515,-68693000.0,2025
2517.HK,7809992000.0,21.595,5.8113,14.0065,432886000.0,2025
1519.HK,12157806000.0,12.0307,1.8534,6.6352,198412000.0,2025
2451.HK,5906847000.0,13.7735,2.9644,11.0386,175101000.0,2025
9676.HK,6809969000.0,19.8722,6.2891,11.6341,428288000.0,2025
2501.HK,402810000.0,16.8032,1.3513,1.7918,5697000.0,2025
1973.HK,38939000.0,,502.1726,3.0174,195812000.0,2025
6682.HK,7135286000.0,34.805,-0.5295,-0.4173,-26266000.0,2025
9890.HK,4158199000.0,57.0886,37.5219,45.1525,1486509000.0,2025
9686.HK,464138000.0,27.3085,-8.3062,-11.5044,-38926000.0,2025
9690.HK,16461611000.0,24.1017,2.5477,8.4766,420394000.0,2025
2496.HK,66858000.0,16.0564,-126.7343,,-84732000.0,2025
2490.HK,1872237000.0,9.3453,8.5379,9.2164,138003000.0,2025
1541.HK,154294000.0,99.2806,-142.1235,-29.732,-218580000.0,2025
2271.HK,472382000.0,25.9523,6.4232,10.1948,31497000.0,2025
1284.HK,189787000.0,72.4944,6.7144,6.6801,12743000.0,2025
6683.HK,472377000.0,38.8364,-10.8062,-2.8854,-36381000.0,2025
3650.HK,1637267000.0,52.1678,-4.3845,-5.3008,-71786000.0,2025
6990.HK,2057920000.0,71.858,-18.561,-9.344,-381971000.0,2025
2481.HK,1506290000.0,29.4559,15.9902,13.7814,170214000.0,2025
9860.HK,2638450000.0,36.1001,0.8621,1.095,18443000.0,2025
2105.HK,106719000.0,80.9781,-214.8802,-23.1034,-229318000.0,2025
9885.HK,20969650000.0,11.0015,0.6962,6.4239,152965000.0,2025
2487.HK,336152000.0,58.2451,-101.2018,-36.5796,-340192000.0,2025
9930.HK,9359192000.0,26.3531,1.5704,1.2902,146976000.0,2025
2416.HK,1500115000.0,41.1207,8.6729,10.098,130103000.0,2025
2486.HK,2027265000.0,8.7815,1.2193,4.7153,22427000.0,2025
2442.HK,314469000.0,8.3092,-0.1514,-0.1849,-476000.0,2025
2480.HK,,,,-19.8658,-150355000.0,2025
6979.HK,3650459000.0,58.4737,14.7507,3.907,538469000.0,2025
2415.HK,270374000.0,59.3419,6.6341,1.5261,17937000.0,2025
6623.HK,27127610000.0,100.0,-6.3095,-2.5961,-2097678000.0,2025
9669.HK,945076000.0,64.9186,-15.5973,-13.4019,-147406000.0,2025
2439.HK,253421000.0,38.7738,11.6214,5.0988,29114000.0,2025
2405.HK,4657000.0,61.735,-97.4447,-16.3076,-4538000.0,2025
2433.HK,586346000.0,9.9341,-13.251,-16.6957,-75493000.0,2025
2409.HK,323846000.0,16.8169,12.7746,14.7681,35980000.0,2025
1405.HK,5382047000.0,72.7055,2.6371,6.0659,141932000.0,2025
2421.HK,181683000.0,58.5024,11.1221,2.3643,20207000.0,2025
9636.HK,3430120000.0,82.2427,26.8745,40.3035,921826000.0,2025
2482.HK,4530527000.0,9.3909,0.9252,5.9173,43478000.0,2025
2450.HK,218979000.0,26.7409,-21.8806,-6.3308,-28823000.0,2025
2306.HK,906972000.0,24.6083,7.921,4.5857,64168000.0,2025
2455.HK,930763000.0,13.7134,4.9766,12.4992,46324000.0,2025
2459.HK,51875000.0,8.7653,-49.2106,-25.9402,-25528000.0,2025
2411.HK,8174438000.0,7.3058,-4.1953,-11.7829,-317487000.0,2025
2373.HK,3000539000.0,49.0539,11.3405,32.2946,317562000.0,2025
2458.HK,922292000.0,52.0514,10.3923,23.7819,95886000.0,2025
2147.HK,,,,,,2025
2402.HK,262125700.0,,,-27.4777,-628293900.0,2025
2469.HK,2676628000.0,53.5423,7.4021,15.7736,198126000.0,2025
2425.HK,4080946000.0,15.5432,-18.3933,-21.0175,-750619000.0,2025
6955.HK,784822000.0,71.6641,0.9103,0.3259,7144000.0,2025
6922.HK,95268000.0,67.1621,-46.6641,-61.7696,-38169000.0,2025
3896.HK,9558619000.0,15.7283,-9.8727,-12.9271,-936251000.0,2025
9658.HK,840755000.0,66.3614,4.3221,9.7127,36429000.0,2025
2427.HK,88447000.0,25.0172,-33.8745,-12.1117,-29716000.0,2025
6698.HK,168276000.0,52.3693,-70.5935,-4.5588,-118153000.0,2025
6929.HK,180454000.0,67.8461,23.2929,10.3921,41899000.0,2025
0314.HK,2070984000.0,15.0327,-6.1216,-11.4945,-124267000.0,2025
7855.HK,,,,,,2025
2145.HK,9177796000.0,76.4307,12.5761,44.4645,1102574000.0,2025
2076.HK,8267518000.0,85.0602,32.5426,15.6761,2735340000.0,2025
2457.HK,404827000.0,11.0054,2.733,2.7266,11064000.0,2025
1244.HK,356088000.0,92.0865,-51.922,-25.6958,-177531000.0,2025
9985.HK,7223759000.0,47.9856,19.758,21.4366,1425204000.0,2025
1947.HK,101688000.0,39.101,-13.9151,-12.7385,-14341000.0,2025
2407.HK,1380354000.0,45.8721,6.6063,5.8956,96189000.0,2025
3611.HK,,,,,,2025
2440.HK,58884000.0,2.0702,-267.9234,-64.5812,-157737000.0,2025
6963.HK,94108000000.0,,6.9813,10.4869,6307000000.0,2025
2245.HK,40239786000.0,19.1729,11.793,24.331,2857421000.0,2025
3660.HK,19205059000.0,84.369,31.1149,24.7995,5989691000.0,2025
2436.HK,2391662000.0,10.3747,0.4635,1.8551,13544000.0,2025
1407.HK,334586000.0,19.1969,8.6375,9.3046,28395000.0,2025
2420.HK,4660244000.0,74.8299,5.7768,37.899,269215000.0,2025
6696.HK,,,,,,2025
2291.HK,521294457.73,84.4637,45.987,11.8854,239727919.85,2025
2367.HK,5518512000.0,80.336,34.6953,22.5014,1914836000.0,2025
6610.HK,783904000.0,19.4307,-46.6413,-29.5509,-367086000.0,2025
2422.HK,503594000.0,8.8687,-14.8511,-22.7642,-73213000.0,2025
9877.HK,90587000.0,91.0903,-301.041,-31.5168,-271229000.0,2025
1489.HK,530657000.0,0.3999,-10.0764,-17.8783,-53471000.0,2025
6660.HK,1165673000.0,65.2159,-63.8026,-22.0569,-675460000.0,2025
3931.HK,44400067000.0,16.6936,4.719,4.1034,1475632000.0,2025
2602.HK,37271860000.0,12.2333,2.0702,4.4128,694559000.0,2025
9863.HK,64731860000.0,14.5399,0.8317,4.4516,538392000.0,2025
2350.HK,630172000.0,9.7375,-1.6376,-5.4686,-10320000.0,2025
1698.HK,32902000000.0,44.1766,34.5055,14.9254,11056000000.0,2025
7801.HK,,,,,,2025
9886.HK,4887777000.0,35.2617,-1.0661,-2.9496,-49018000.0,2025
6689.HK,,,,,,2025
2315.HK,1378808000.0,75.8329,12.5615,11.5122,173199000.0,2025
1880.HK,53693579000.0,31.7575,6.9843,6.6036,3643905000.0,2025
2152.HK,972710000.0,17.5435,7.0589,7.9564,66796000.0,2025
2321.HK,932888000.0,13.0691,3.5628,12.736,33237000.0,2025
7841.HK,83874000.0,24.7669,-61.3897,-187.6321,-51490000.0,2025
9857.HK,862505000.0,26.6249,3.5062,1.3374,31226000.0,2025
2237.HK,152916000.0,29.3893,3.2076,1.1179,4905000.0,2025
2418.HK,2762225000.0,14.3521,2.1594,2.0375,68292000.0,2025
2172.HK,790483000.0,73.4641,23.2454,10.5191,184510000.0,2025
1204.HK,733916000.0,19.6223,1.1093,2.3909,8141000.0,2025
9896.HK,21443827000.0,44.9925,5.6418,11.5129,1205045000.0,2025
6686.HK,2610240000.0,,21.3474,5.6528,558857000.0,2025
9696.HK,10322472000.0,39.3166,29.0477,1.0662,458430000.0,2025
6661.HK,2275914000.0,11.611,6.547,7.5435,94677000.0,2025
2361.HK,419090000.0,59.4271,22.5486,12.7544,93437000.0,2025
2385.HK,334870000.0,21.0906,-35.4367,-41.5427,-118106000.0,2025
2376.HK,567434638.51,20.7156,6.0264,5.8997,33948762.31,2025
2297.HK,19176000.0,47.137,-414.0853,-20.1686,-77083000.0,2025
2392.HK,763367000.0,14.3636,-8.01,-17.8297,-54345000.0,2025
9955.HK,1623177000.0,47.7508,-59.6665,-92.309,-924151000.0,2025
2391.HK,321791000.0,48.1807,17.9899,5.7033,57890000.0,2025
6638.HK,,,,,,2025
2372.HK,106025000.0,10.8031,-3.867,-1.9648,-4100000.0,2025
2167.HK,549685000.0,50.4225,11.0649,11.5253,60822000.0,2025
2246.HK,670580000.0,28.1227,-24.2495,-71.7213,-161484000.0,2025
6667.HK,247150000.0,47.4853,10.933,4.4094,27021000.0,2025
2347.HK,753795000.0,15.6702,2.7151,7.4962,20466000.0,2025
7827.HK,,,,,,2025
2325.HK,601388000.0,30.3992,0.6485,0.254,2920000.0,2025
2423.HK,94580205000.0,21.3703,3.1624,4.3465,2993975000.0,2025
2352.HK,1524935000.0,13.3745,2.3234,6.9874,27817000.0,2025
2390.HK,2749004000.0,59.9397,-7.0993,-4.8588,-192901000.0,2025
2370.HK,400535000.0,24.1944,-2.3102,-6.9246,-17539000.0,2025
9638.HK,1346590000.0,56.7756,6.6913,9.8024,90007000.0,2025
2179.HK,12726000.0,88.276,-4796.4011,-98.8356,-610390000.0,2025
0587.HK,1640315000.0,28.8146,-21.1332,-8.0609,-228427000.0,2025
6655.HK,34501515006.0,28.5067,10.2547,9.1356,2848161485.0,2025
6639.HK,1688391000.0,20.2613,0.9576,1.2677,21989000.0,2025
7836.HK,,,,,,2025
0816.HK,3667833000.0,19.6352,8.7417,18.9473,310389000.0,2025
9866.HK,87487510000.0,13.6199,-17.0797,-307.5239,-15570678000.0,2025
2157.HK,934869000.0,90.4167,27.6922,25.0213,261364000.0,2025
9878.HK,52297458000.0,4.4582,1.0122,3.7985,300294000.0,2025
1406.HK,,,,,,2025
2121.HK,1512558000.0,34.98,-16.4479,-18.191,-250079000.0,2025
2250.HK,172535000.0,77.5309,-51.9842,-61.5713,-87700000.0,2025
6680.HK,7717522000.0,21.1759,9.4188,9.6815,705607000.0,2025
2260.HK,265611000.0,46.4649,12.7657,8.2486,33520000.0,2025
